id_review,nama_produk,nama_pelanggan,email_pelanggan,bintang,ulasan,tanggal_review,ulasan_bersih,sentiment
1,Adjustable Race,Rika Purnama,rika.p@hotmail.com,5,"Pas banget sama yang saya butuhkan, ukuran dan kualitas sesuai.",2024-04-24,"Pas banget sama yang saya butuhkan, ukuran dan kualitas sesuai.",Positive
2,Adjustable Race,Eka Saputra,eka.s@gmail.com,3,Material oke tapi proses pemasangan agak tricky.,2024-01-17,Material oke tapi proses pemasangan agak tricky.,Positive
3,Adjustable Race,Siti Nurhaliza,siti.n@yahoo.com,5,"Material berkualitas tinggi, pemasangan mudah. Sangat memuaskan.",2024-11-04,"Material berkualitas tinggi, pemasangan mudah. Sangat memuaskan.",Positive
4,Adjustable Race,Siti Nurhaliza,siti.n@outlook.com,4,"Pas banget sama yang saya butuhkan, ukuran dan kualitas sesuai.",2024-08-17,"Pas banget sama yang saya butuhkan, ukuran dan kualitas sesuai.",Positive
5,Adjustable Race,Laila Fitriani,laila.f@gmail.com,5,Kualitas jauh lebih baik dari yang saya bayangkan. Worth every rupiah!,2024-03-22,Kualitas jauh lebih baik dari yang saya bayangkan. Worth every rupiah!,Positive
6,Adjustable Race,Zaki Mubarak,zaki.m@hotmail.com,4,"Kualitas premium, material terasa solid dan tahan lama. Recommended!",2024-04-20,"Kualitas premium, material terasa solid dan tahan lama. Recommended!",Positive
7,Adjustable Race,Hendra Kurnia,hendra.k@gmail.com,5,Tidak menyesal beli produk ini. Kualitasnya jauh melebihi ekspektasi.,2024-02-19,Tidak menyesal beli produk ini. Kualitasnya jauh melebihi ekspektasi.,Positive
8,Adjustable Race,Hafiz Ramadhan,hafiz.r@hotmail.com,3,Produk cukup oke untuk harga segini. Tidak ada yang istimewa.,2024-08-23,Produk cukup oke untuk harga segini. Tidak ada yang istimewa.,Neutral
9,Adjustable Race,Elsa Purnama,elsa.p@outlook.com,5,"Barang bagus, pengiriman cepat. Sangat puas dengan pembelian ini.",2024-10-09,"Barang bagus, pengiriman cepat. Sangat puas dengan pembelian ini.",Positive
10,Adjustable Race,Zahra Amini,zahra.a@hotmail.com,3,"Kualitas standar, cocok untuk penggunaan sehari-hari biasa.",2024-12-26,"Kualitas standar, cocok untuk penggunaan sehari-hari biasa.",Positive
11,Bearing Ball,Hendra Wijaya,hendra.w@yahoo.com,5,Kualitas jauh lebih baik dari yang saya bayangkan. Worth every rupiah!,2024-05-28,Kualitas jauh lebih baik dari yang saya bayangkan. Worth every rupiah!,Positive
12,Bearing Ball,Rizki Hamdani,rizki.h@gmail.com,2,Barang tidak sesuai spesifikasi yang tertera. Kecewa!,2024-05-22,Barang tidak sesuai spesifikasi yang tertera. Kecewa!,Negative
13,Bearing Ball,Umi Kalsum,umi.k@hotmail.com,4,"Kualitas premium, material terasa solid dan tahan lama. Recommended!",2024-07-08,"Kualitas premium, material terasa solid dan tahan lama. Recommended!",Positive
14,Bearing Ball,Hafiz Ramadhan,hafiz.r@hotmail.com,5,"Sudah lama cari produk seperti ini, akhirnya ketemu yang tepat.",2024-12-15,"Sudah lama cari produk seperti ini, akhirnya ketemu yang tepat.",Positive
15,Bearing Ball,Sandro Putra,sandro.p@yahoo.com,5,"Material berkualitas tinggi, pemasangan mudah. Sangat memuaskan.",2024-05-05,"Material berkualitas tinggi, pemasangan mudah. Sangat memuaskan.",Positive
16,Bearing Ball,Hani Pertiwi,hani.p@hotmail.com,4,"Packaging rapi, produk mulus tidak ada cacat. Bintang 5 layak!",2024-12-18,"Packaging rapi, produk mulus tidak ada cacat. Bintang 5 layak!",Positive
17,Bearing Ball,Hilda Wahyuni,hilda.w@hotmail.com,5,Kualitas jauh lebih baik dari yang saya bayangkan. Worth every rupiah!,2024-01-29,Kualitas jauh lebih baik dari yang saya bayangkan. Worth every rupiah!,Positive
18,Bearing Ball,Qori Amalia,qori.a@hotmail.com,3,Material oke tapi proses pemasangan agak tricky.,2024-05-17,Material oke tapi proses pemasangan agak tricky.,Positive
19,Bearing Ball,Hendra Wijaya,hendra.w@hotmail.com,5,"Pas banget sama yang saya butuhkan, ukuran dan kualitas sesuai.",2024-12-01,"Pas banget sama yang saya butuhkan, ukuran dan kualitas sesuai.",Positive
20,Bearing Ball,Zulfa Aulia,zulfa.a@outlook.com,5,"Kualitas premium, material terasa solid dan tahan lama. Recommended!",2024-05-15,"Kualitas premium, material terasa solid dan tahan lama. Recommended!",Positive
21,BB Ball Bearing,Eka Saputra,eka.s@hotmail.com,5,"Sudah lama cari produk seperti ini, akhirnya ketemu yang tepat.",2024-10-26,"Sudah lama cari produk seperti ini, akhirnya ketemu yang tepat.",Positive
22,BB Ball Bearing,Qira Wulandari,qira.w@outlook.com,2,"Tidak tahan lama, baru dipakai beberapa kali sudah rusak.",2024-04-22,"Tidak tahan lama, baru dipakai beberapa kali sudah rusak.",Negative
23,BB Ball Bearing,Eka Saputra,eka.s@gmail.com,4,Kualitas jauh lebih baik dari yang saya bayangkan. Worth every rupiah!,2024-01-25,Kualitas jauh lebih baik dari yang saya bayangkan. Worth every rupiah!,Positive
24,BB Ball Bearing,Bagas Setiawan,bagas.s@yahoo.com,5,Kualitas jauh lebih baik dari yang saya bayangkan. Worth every rupiah!,2024-12-14,Kualitas jauh lebih baik dari yang saya bayangkan. Worth every rupiah!,Positive
25,BB Ball Bearing,Qira Wulandari,qira.w@outlook.com,4,Tidak menyesal beli produk ini. Kualitasnya jauh melebihi ekspektasi.,2024-11-01,Tidak menyesal beli produk ini. Kualitasnya jauh melebihi ekspektasi.,Positive
26,BB Ball Bearing,Victor Halim,victor.h@gmail.com,4,"Packaging rapi, produk mulus tidak ada cacat. Bintang 5 layak!",2024-02-28,"Packaging rapi, produk mulus tidak ada cacat. Bintang 5 layak!",Positive
27,BB Ball Bearing,Xena Putri,xena.p@hotmail.com,2,"Tidak tahan lama, baru dipakai beberapa kali sudah rusak.",2024-02-27,"Tidak tahan lama, baru dipakai beberapa kali sudah rusak.",Negative
28,BB Ball Bearing,Zahra Amini,zahra.a@outlook.com,4,"Produk sangat memuaskan, kualitas terjamin dan sesuai deskripsi!",2024-05-14,"Produk sangat memuaskan, kualitas terjamin dan sesuai deskripsi!",Positive
29,BB Ball Bearing,Aldo Pratama,aldo.p@gmail.com,3,"Tidak buruk, tidak terlalu bagus. Cukup untuk kebutuhan.",2024-11-23,"Tidak buruk, tidak terlalu bagus. Cukup untuk kebutuhan.",Neutral
30,BB Ball Bearing,Aldo Pratama,aldo.p@yahoo.com,4,"Produk original, harga worth it. Teman-teman juga ikut beli.",2024-03-23,"Produk original, harga worth it. Teman-teman juga ikut beli.",Positive
31,Headset Ball Bearings,Fauzan Hidayat,fauzan.h@gmail.com,1,"Tidak tahan lama, baru dipakai beberapa kali sudah rusak.",2024-09-07,"Tidak tahan lama, baru dipakai beberapa kali sudah rusak.",Negative
32,Headset Ball Bearings,Andi Pratama,andi.p@hotmail.com,5,Kualitas jauh lebih baik dari yang saya bayangkan. Worth every rupiah!,2024-06-06,Kualitas jauh lebih baik dari yang saya bayangkan. Worth every rupiah!,Positive
33,Headset Ball Bearings,Rafi Aldiansyah,rafi.a@gmail.com,5,"Barang bagus, pengiriman cepat. Sangat puas dengan pembelian ini.",2024-09-05,"Barang bagus, pengiriman cepat. Sangat puas dengan pembelian ini.",Positive
34,Headset Ball Bearings,Hendra Wijaya,hendra.w@yahoo.com,1,Kualitas jauh di bawah harga yang dipatok. Menyesal beli.,2024-12-03,Kualitas jauh di bawah harga yang dipatok. Menyesal beli.,Neutral
35,Headset Ball Bearings,Wati Susanti,wati.s@yahoo.com,2,Pemasangan sangat susah dan hasilnya tidak memuaskan.,2024-09-27,Pemasangan sangat susah dan hasilnya tidak memuaskan.,Negative
36,Headset Ball Bearings,Nina Kartika,nina.k@yahoo.com,4,"Material berkualitas tinggi, pemasangan mudah. Sangat memuaskan.",2024-12-19,"Material berkualitas tinggi, pemasangan mudah. Sangat memuaskan.",Positive
37,Headset Ball Bearings,Mira Handayani,mira.h@outlook.com,3,"Biasa saja, tapi harga terjangkau jadi tidak terlalu kecewa.",2024-08-12,"Biasa saja, tapi harga terjangkau jadi tidak terlalu kecewa.",Negative
38,Headset Ball Bearings,Cinta Melati,cinta.m@yahoo.com,4,"Pas banget sama yang saya butuhkan, ukuran dan kualitas sesuai.",2024-02-02,"Pas banget sama yang saya butuhkan, ukuran dan kualitas sesuai.",Positive
39,Headset Ball Bearings,Fahmi Ardiansyah,fahmi.a@yahoo.com,5,Best purchase ever! Produk ini benar-benar memenuhi semua kebutuhan saya.,2024-04-22,Best purchase ever! Produk ini benar-benar memenuhi semua kebutuhan saya.,Positive
40,Headset Ball Bearings,Budi Santoso,budi.s@gmail.com,5,"Pas banget sama yang saya butuhkan, ukuran dan kualitas sesuai.",2024-02-04,"Pas banget sama yang saya butuhkan, ukuran dan kualitas sesuai.",Positive
41,Blade,Reza Maulana,reza.m@gmail.com,2,"Material terasa murahan, tidak sesuai foto di deskripsi.",2024-05-22,"Material terasa murahan, tidak sesuai foto di deskripsi.",Negative
42,Blade,Vira Anggraeni,vira.a@yahoo.com,4,"Sudah lama cari produk seperti ini, akhirnya ketemu yang tepat.",2024-10-19,"Sudah lama cari produk seperti ini, akhirnya ketemu yang tepat.",Positive
43,Blade,Jaka Samudra,jaka.s@outlook.com,4,Kualitas jauh lebih baik dari yang saya bayangkan. Worth every rupiah!,2024-07-27,Kualitas jauh lebih baik dari yang saya bayangkan. Worth every rupiah!,Positive
44,Blade,Lutfi Rahman,lutfi.r@outlook.com,5,"Produk original, harga worth it. Teman-teman juga ikut beli.",2024-08-04,"Produk original, harga worth it. Teman-teman juga ikut beli.",Positive
45,Blade,Omar Siddiq,omar.s@gmail.com,4,"Packaging rapi, produk mulus tidak ada cacat. Bintang 5 layak!",2024-11-30,"Packaging rapi, produk mulus tidak ada cacat. Bintang 5 layak!",Positive
46,Blade,Sandro Putra,sandro.p@outlook.com,5,"Sudah lama cari produk seperti ini, akhirnya ketemu yang tepat.",2024-06-22,"Sudah lama cari produk seperti ini, akhirnya ketemu yang tepat.",Positive
47,Blade,Yuni Astuti,yuni.a@yahoo.com,5,"Material berkualitas tinggi, pemasangan mudah. Sangat memuaskan.",2024-08-17,"Material berkualitas tinggi, pemasangan mudah. Sangat memuaskan.",Positive
48,Blade,Eka Saputra,eka.s@hotmail.com,4,Cocok banget untuk kebutuhan saya. Mantap dan terpercaya!,2024-05-07,Cocok banget untuk kebutuhan saya. Mantap dan terpercaya!,Positive
49,Blade,Maya Putri,maya.p@gmail.com,4,"Produk sangat memuaskan, kualitas terjamin dan sesuai deskripsi!",2024-11-29,"Produk sangat memuaskan, kualitas terjamin dan sesuai deskripsi!",Positive
50,Blade,Fauzan Hidayat,fauzan.h@gmail.com,3,"Kualitas standar, cocok untuk penggunaan sehari-hari biasa.",2024-03-26,"Kualitas standar, cocok untuk penggunaan sehari-hari biasa.",Positive
51,LL Crankarm,Omar Siddiq,omar.s@yahoo.com,4,Tidak menyesal beli produk ini. Kualitasnya jauh melebihi ekspektasi.,2024-01-31,Tidak menyesal beli produk ini. Kualitasnya jauh melebihi ekspektasi.,Positive
52,LL Crankarm,Irwan Saputro,irwan.s@outlook.com,5,"Sudah pakai 3 bulan, tidak ada masalah sama sekali. Beli lagi!",2024-08-20,"Sudah pakai 3 bulan, tidak ada masalah sama sekali. Beli lagi!",Neutral
53,LL Crankarm,Yoga Pratama,yoga.p@outlook.com,4,"Kualitas premium, material terasa solid dan tahan lama. Recommended!",2024-04-07,"Kualitas premium, material terasa solid dan tahan lama. Recommended!",Positive
54,LL Crankarm,Zahra Amini,zahra.a@gmail.com,5,Best purchase ever! Produk ini benar-benar memenuhi semua kebutuhan saya.,2024-10-04,Best purchase ever! Produk ini benar-benar memenuhi semua kebutuhan saya.,Positive
55,LL Crankarm,Lina Susanti,lina.s@gmail.com,3,Produk cukup oke untuk harga segini. Tidak ada yang istimewa.,2024-10-26,Produk cukup oke untuk harga segini. Tidak ada yang istimewa.,Neutral
56,LL Crankarm,Xander Pratama,xander.p@yahoo.com,4,"Produk sangat memuaskan, kualitas terjamin dan sesuai deskripsi!",2024-09-17,"Produk sangat memuaskan, kualitas terjamin dan sesuai deskripsi!",Positive
57,LL Crankarm,Rizki Hamdani,rizki.h@gmail.com,2,Produk cepat rusak setelah pemakaian singkat. Tidak recommended.,2024-12-11,Produk cepat rusak setelah pemakaian singkat. Tidak recommended.,Negative
58,LL Crankarm,Rafi Aldiansyah,rafi.a@yahoo.com,4,Best purchase ever! Produk ini benar-benar memenuhi semua kebutuhan saya.,2024-10-31,Best purchase ever! Produk ini benar-benar memenuhi semua kebutuhan saya.,Positive
59,LL Crankarm,Indah Permata,indah.p@outlook.com,4,"Packaging rapi, produk mulus tidak ada cacat. Bintang 5 layak!",2024-10-25,"Packaging rapi, produk mulus tidak ada cacat. Bintang 5 layak!",Positive
60,LL Crankarm,Ivan Kurniawan,ivan.k@hotmail.com,4,"Pas banget sama yang saya butuhkan, ukuran dan kualitas sesuai.",2024-12-08,"Pas banget sama yang saya butuhkan, ukuran dan kualitas sesuai.",Positive
61,ML Crankarm,Bella Anggraini,bella.a@hotmail.com,5,Tidak menyesal beli produk ini. Kualitasnya jauh melebihi ekspektasi.,2024-03-08,Tidak menyesal beli produk ini. Kualitasnya jauh melebihi ekspektasi.,Positive
62,ML Crankarm,Vira Anggraeni,vira.a@outlook.com,4,"Produk original, harga worth it. Teman-teman juga ikut beli.",2024-02-07,"Produk original, harga worth it. Teman-teman juga ikut beli.",Positive
63,ML Crankarm,Dewi Rahayu,dewi.r@gmail.com,4,"Barang bagus, pengiriman cepat. Sangat puas dengan pembelian ini.",2024-10-02,"Barang bagus, pengiriman cepat. Sangat puas dengan pembelian ini.",Positive
64,ML Crankarm,Ola Puspita,ola.p@yahoo.com,4,"Produk original, harga worth it. Teman-teman juga ikut beli.",2024-02-05,"Produk original, harga worth it. Teman-teman juga ikut beli.",Positive
65,ML Crankarm,Salsa Nabila,salsa.n@yahoo.com,5,Cocok banget untuk kebutuhan saya. Mantap dan terpercaya!,2024-10-05,Cocok banget untuk kebutuhan saya. Mantap dan terpercaya!,Positive
66,ML Crankarm,Aditya Nugraha,aditya.n@gmail.com,5,"Packaging rapi, produk mulus tidak ada cacat. Bintang 5 layak!",2024-10-10,"Packaging rapi, produk mulus tidak ada cacat. Bintang 5 layak!",Positive
67,ML Crankarm,Agus Salim,agus.s@gmail.com,2,Kualitas jauh di bawah harga yang dipatok. Menyesal beli.,2024-05-15,Kualitas jauh di bawah harga yang dipatok. Menyesal beli.,Neutral
68,ML Crankarm,Bagas Setiawan,bagas.s@yahoo.com,2,Pemasangan sangat susah dan hasilnya tidak memuaskan.,2024-05-24,Pemasangan sangat susah dan hasilnya tidak memuaskan.,Negative
69,ML Crankarm,Nina Kartika,nina.k@hotmail.com,5,"Pas banget sama yang saya butuhkan, ukuran dan kualitas sesuai.",2024-12-17,"Pas banget sama yang saya butuhkan, ukuran dan kualitas sesuai.",Positive
70,ML Crankarm,Rika Purnama,rika.p@outlook.com,2,Pemasangan sangat susah dan hasilnya tidak memuaskan.,2024-01-27,Pemasangan sangat susah dan hasilnya tidak memuaskan.,Negative
71,HL Crankarm,Nanda Kurnia,nanda.k@hotmail.com,4,"Produk sangat memuaskan, kualitas terjamin dan sesuai deskripsi!",2024-01-02,"Produk sangat memuaskan, kualitas terjamin dan sesuai deskripsi!",Positive
72,HL Crankarm,Evi Susanti,evi.s@hotmail.com,3,"Sesuai deskripsi, tapi ekspektasi saya sedikit lebih tinggi.",2024-08-14,"Sesuai deskripsi, tapi ekspektasi saya sedikit lebih tinggi.",Positive
73,HL Crankarm,Gilang Saputra,gilang.s@gmail.com,3,"Lumayan bagus, tapi ada beberapa hal yang bisa diperbaiki.",2024-02-08,"Lumayan bagus, tapi ada beberapa hal yang bisa diperbaiki.",Positive
74,HL Crankarm,Yola Safitri,yola.s@gmail.com,2,"Tidak tahan lama, baru dipakai beberapa kali sudah rusak.",2024-10-25,"Tidak tahan lama, baru dipakai beberapa kali sudah rusak.",Negative
75,HL Crankarm,Gilang Saputra,gilang.s@yahoo.com,5,"Produk sangat memuaskan, kualitas terjamin dan sesuai deskripsi!",2024-06-06,"Produk sangat memuaskan, kualitas terjamin dan sesuai deskripsi!",Positive
76,HL Crankarm,Indra Setiawan,indra.s@gmail.com,2,"Tidak tahan lama, baru dipakai beberapa kali sudah rusak.",2024-04-17,"Tidak tahan lama, baru dipakai beberapa kali sudah rusak.",Negative
77,HL Crankarm,Xena Putri,xena.p@gmail.com,5,"Produk original, harga worth it. Teman-teman juga ikut beli.",2024-10-13,"Produk original, harga worth it. Teman-teman juga ikut beli.",Positive
78,HL Crankarm,Omar Siddiq,omar.s@yahoo.com,1,"Material terasa murahan, tidak sesuai foto di deskripsi.",2024-03-24,"Material terasa murahan, tidak sesuai foto di deskripsi.",Negative
79,HL Crankarm,Joko Purnomo,joko.p@gmail.com,2,Kualitas jauh di bawah harga yang dipatok. Menyesal beli.,2024-06-19,Kualitas jauh di bawah harga yang dipatok. Menyesal beli.,Neutral
80,HL Crankarm,Omar Siddiq,omar.s@yahoo.com,3,"Tidak buruk, tidak terlalu bagus. Cukup untuk kebutuhan.",2024-03-22,"Tidak buruk, tidak terlalu bagus. Cukup untuk kebutuhan.",Neutral
81,Chainring Bolts,Zaki Mubarak,zaki.m@gmail.com,5,Cocok banget untuk kebutuhan saya. Mantap dan terpercaya!,2024-04-23,Cocok banget untuk kebutuhan saya. Mantap dan terpercaya!,Positive
82,Chainring Bolts,Mira Handayani,mira.h@outlook.com,3,"Biasa saja, tapi harga terjangkau jadi tidak terlalu kecewa.",2024-06-05,"Biasa saja, tapi harga terjangkau jadi tidak terlalu kecewa.",Negative
83,Chainring Bolts,Qori Amalia,qori.a@yahoo.com,5,Tidak menyesal beli produk ini. Kualitasnya jauh melebihi ekspektasi.,2024-06-17,Tidak menyesal beli produk ini. Kualitasnya jauh melebihi ekspektasi.,Positive
84,Chainring Bolts,Winda Kurniawati,winda.k@hotmail.com,2,"Tidak tahan lama, baru dipakai beberapa kali sudah rusak.",2024-11-24,"Tidak tahan lama, baru dipakai beberapa kali sudah rusak.",Negative
85,Chainring Bolts,Bintang Nugraha,bintang.n@hotmail.com,5,"Produk sangat memuaskan, kualitas terjamin dan sesuai deskripsi!",2024-02-29,"Produk sangat memuaskan, kualitas terjamin dan sesuai deskripsi!",Positive
86,Chainring Bolts,Ulfa Rohmah,ulfa.r@hotmail.com,5,"Produk sangat memuaskan, kualitas terjamin dan sesuai deskripsi!",2024-02-25,"Produk sangat memuaskan, kualitas terjamin dan sesuai deskripsi!",Positive
87,Chainring Bolts,Miko Andrianto,miko.a@hotmail.com,4,Tidak menyesal beli produk ini. Kualitasnya jauh melebihi ekspektasi.,2024-11-06,Tidak menyesal beli produk ini. Kualitasnya jauh melebihi ekspektasi.,Positive
88,Chainring Bolts,Bintang Nugraha,bintang.n@yahoo.com,5,"Sudah pakai 3 bulan, tidak ada masalah sama sekali. Beli lagi!",2024-01-23,"Sudah pakai 3 bulan, tidak ada masalah sama sekali. Beli lagi!",Neutral
89,Chainring Bolts,Aditya Nugraha,aditya.n@yahoo.com,4,"Produk original, harga worth it. Teman-teman juga ikut beli.",2024-08-08,"Produk original, harga worth it. Teman-teman juga ikut beli.",Positive
90,Chainring Bolts,Hendra Wijaya,hendra.w@hotmail.com,2,"Tidak tahan lama, baru dipakai beberapa kali sudah rusak.",2024-12-05,"Tidak tahan lama, baru dipakai beberapa kali sudah rusak.",Negative
91,Chainring Nut,Clara Dewi,clara.d@hotmail.com,3,"Tidak buruk, tidak terlalu bagus. Cukup untuk kebutuhan.",2024-12-07,"Tidak buruk, tidak terlalu bagus. Cukup untuk kebutuhan.",Neutral
92,Chainring Nut,Omar Siddiq,omar.s@hotmail.com,5,"Material berkualitas tinggi, pemasangan mudah. Sangat memuaskan.",2024-03-06,"Material berkualitas tinggi, pemasangan mudah. Sangat memuaskan.",Positive
93,Chainring Nut,Lutfi Rahman,lutfi.r@outlook.com,4,"Packaging rapi, produk mulus tidak ada cacat. Bintang 5 layak!",2024-03-30,"Packaging rapi, produk mulus tidak ada cacat. Bintang 5 layak!",Positive
94,Chainring Nut,Oscar Halim,oscar.h@outlook.com,4,"Material berkualitas tinggi, pemasangan mudah. Sangat memuaskan.",2024-01-01,"Material berkualitas tinggi, pemasangan mudah. Sangat memuaskan.",Positive
95,Chainring Nut,Agus Salim,agus.s@outlook.com,5,Kualitas jauh lebih baik dari yang saya bayangkan. Worth every rupiah!,2024-10-23,Kualitas jauh lebih baik dari yang saya bayangkan. Worth every rupiah!,Positive
96,Chainring Nut,Nina Kartika,nina.k@outlook.com,3,"Cukup fungsional, meski ada beberapa kekurangan minor.",2024-08-14,"Cukup fungsional, meski ada beberapa kekurangan minor.",Negative
97,Chainring Nut,Wawan Hermawan,wawan.h@outlook.com,5,Kualitas jauh lebih baik dari yang saya bayangkan. Worth every rupiah!,2024-03-27,Kualitas jauh lebih baik dari yang saya bayangkan. Worth every rupiah!,Positive
98,Chainring Nut,Udin Setiawan,udin.s@hotmail.com,5,"Barang bagus, pengiriman cepat. Sangat puas dengan pembelian ini.",2024-04-30,"Barang bagus, pengiriman cepat. Sangat puas dengan pembelian ini.",Positive
99,Chainring Nut,Wawan Hermawan,wawan.h@yahoo.com,5,"Kualitas premium, material terasa solid dan tahan lama. Recommended!",2024-01-13,"Kualitas premium, material terasa solid dan tahan lama. Recommended!",Positive
100,Chainring Nut,Indah Permata,indah.p@outlook.com,5,Best purchase ever! Produk ini benar-benar memenuhi semua kebutuhan saya.,2024-02-07,Best purchase ever! Produk ini benar-benar memenuhi semua kebutuhan saya.,Positive
101,Chainring,Umi Kalsum,umi.k@yahoo.com,4,"Sudah lama cari produk seperti ini, akhirnya ketemu yang tepat.",2024-12-22,"Sudah lama cari produk seperti ini, akhirnya ketemu yang tepat.",Positive
102,Chainring,Lisa Maharani,lisa.m@yahoo.com,4,"Kualitas premium, material terasa solid dan tahan lama. Recommended!",2024-12-01,"Kualitas premium, material terasa solid dan tahan lama. Recommended!",Positive
103,Chainring,Yola Safitri,yola.s@gmail.com,5,Kualitas jauh lebih baik dari yang saya bayangkan. Worth every rupiah!,2024-08-05,Kualitas jauh lebih baik dari yang saya bayangkan. Worth every rupiah!,Positive
104,Chainring,Pandu Wicaksono,pandu.w@outlook.com,5,"Produk sangat memuaskan, kualitas terjamin dan sesuai deskripsi!",2024-10-12,"Produk sangat memuaskan, kualitas terjamin dan sesuai deskripsi!",Positive
105,Chainring,Salsa Nabila,salsa.n@gmail.com,2,Kualitas kontrol perlu ditingkatkan. Produk cacat saat datang.,2024-03-09,Kualitas kontrol perlu ditingkatkan. Produk cacat saat datang.,Negative
106,Chainring,Victor Halim,victor.h@hotmail.com,3,"Cukup fungsional, meski ada beberapa kekurangan minor.",2024-11-09,"Cukup fungsional, meski ada beberapa kekurangan minor.",Negative
107,Chainring,Candra Wijaya,candra.w@outlook.com,2,Kualitas kontrol perlu ditingkatkan. Produk cacat saat datang.,2024-03-22,Kualitas kontrol perlu ditingkatkan. Produk cacat saat datang.,Negative
108,Chainring,Fira Ramadhani,fira.r@outlook.com,2,Pemasangan sangat susah dan hasilnya tidak memuaskan.,2024-05-06,Pemasangan sangat susah dan hasilnya tidak memuaskan.,Negative
109,Chainring,Rika Purnama,rika.p@outlook.com,5,"Packaging rapi, produk mulus tidak ada cacat. Bintang 5 layak!",2024-05-02,"Packaging rapi, produk mulus tidak ada cacat. Bintang 5 layak!",Positive
110,Chainring,Winda Kurniawati,winda.k@hotmail.com,4,"Pas banget sama yang saya butuhkan, ukuran dan kualitas sesuai.",2024-05-19,"Pas banget sama yang saya butuhkan, ukuran dan kualitas sesuai.",Positive
111,Crown Race,Evi Susanti,evi.s@gmail.com,5,"Kualitas premium, material terasa solid dan tahan lama. Recommended!",2024-03-18,"Kualitas premium, material terasa solid dan tahan lama. Recommended!",Positive
112,Crown Race,Qori Amalia,qori.a@yahoo.com,5,"Sudah lama cari produk seperti ini, akhirnya ketemu yang tepat.",2024-04-19,"Sudah lama cari produk seperti ini, akhirnya ketemu yang tepat.",Positive
113,Crown Race,Hendra Wijaya,hendra.w@hotmail.com,4,"Material berkualitas tinggi, pemasangan mudah. Sangat memuaskan.",2024-08-26,"Material berkualitas tinggi, pemasangan mudah. Sangat memuaskan.",Positive
114,Crown Race,Pita Sari,pita.s@outlook.com,5,Tidak menyesal beli produk ini. Kualitasnya jauh melebihi ekspektasi.,2024-10-26,Tidak menyesal beli produk ini. Kualitasnya jauh melebihi ekspektasi.,Positive
115,Crown Race,Zaki Mubarak,zaki.m@outlook.com,5,Cocok banget untuk kebutuhan saya. Mantap dan terpercaya!,2024-01-04,Cocok banget untuk kebutuhan saya. Mantap dan terpercaya!,Positive
116,Crown Race,Hafiz Ramadhan,hafiz.r@outlook.com,5,Tidak menyesal beli produk ini. Kualitasnya jauh melebihi ekspektasi.,2024-10-02,Tidak menyesal beli produk ini. Kualitasnya jauh melebihi ekspektasi.,Positive
117,Crown Race,Fira Ramadhani,fira.r@yahoo.com,3,"Cukup fungsional, meski ada beberapa kekurangan minor.",2024-04-22,"Cukup fungsional, meski ada beberapa kekurangan minor.",Negative
118,Crown Race,Vino Pratama,vino.p@gmail.com,4,Tidak menyesal beli produk ini. Kualitasnya jauh melebihi ekspektasi.,2024-06-21,Tidak menyesal beli produk ini. Kualitasnya jauh melebihi ekspektasi.,Positive
119,Crown Race,Vira Anggraeni,vira.a@outlook.com,3,"Sesuai deskripsi, tapi ekspektasi saya sedikit lebih tinggi.",2024-08-27,"Sesuai deskripsi, tapi ekspektasi saya sedikit lebih tinggi.",Positive
120,Crown Race,Doni Firmansyah,doni.f@gmail.com,1,Barang tidak sesuai spesifikasi yang tertera. Kecewa!,2024-10-30,Barang tidak sesuai spesifikasi yang tertera. Kecewa!,Negative
121,Chain Stays,Ivan Kurniawan,ivan.k@gmail.com,3,Material oke tapi proses pemasangan agak tricky.,2024-03-10,Material oke tapi proses pemasangan agak tricky.,Positive
122,Chain Stays,Victor Halim,victor.h@hotmail.com,5,Tidak menyesal beli produk ini. Kualitasnya jauh melebihi ekspektasi.,2024-06-16,Tidak menyesal beli produk ini. Kualitasnya jauh melebihi ekspektasi.,Positive
123,Chain Stays,Ola Puspita,ola.p@hotmail.com,4,Kualitas jauh lebih baik dari yang saya bayangkan. Worth every rupiah!,2024-07-13,Kualitas jauh lebih baik dari yang saya bayangkan. Worth every rupiah!,Positive
124,Chain Stays,Winda Kurniawati,winda.k@outlook.com,3,"Tidak buruk, tidak terlalu bagus. Cukup untuk kebutuhan.",2024-02-11,"Tidak buruk, tidak terlalu bagus. Cukup untuk kebutuhan.",Neutral
125,Chain Stays,Wati Susanti,wati.s@gmail.com,5,"Produk original, harga worth it. Teman-teman juga ikut beli.",2024-04-24,"Produk original, harga worth it. Teman-teman juga ikut beli.",Positive
126,Chain Stays,Tasya Maharani,tasya.m@gmail.com,5,Kualitas jauh lebih baik dari yang saya bayangkan. Worth every rupiah!,2024-01-16,Kualitas jauh lebih baik dari yang saya bayangkan. Worth every rupiah!,Positive
127,Chain Stays,Salsa Nabila,salsa.n@gmail.com,5,Best purchase ever! Produk ini benar-benar memenuhi semua kebutuhan saya.,2024-03-19,Best purchase ever! Produk ini benar-benar memenuhi semua kebutuhan saya.,Positive
128,Chain Stays,Rafi Aldiansyah,rafi.a@gmail.com,5,Best purchase ever! Produk ini benar-benar memenuhi semua kebutuhan saya.,2024-04-21,Best purchase ever! Produk ini benar-benar memenuhi semua kebutuhan saya.,Positive
129,Chain Stays,Victor Halim,victor.h@hotmail.com,3,"Sesuai deskripsi, tapi ekspektasi saya sedikit lebih tinggi.",2024-11-06,"Sesuai deskripsi, tapi ekspektasi saya sedikit lebih tinggi.",Positive
130,Chain Stays,Nina Kartika,nina.k@gmail.com,1,Kualitas jauh di bawah harga yang dipatok. Menyesal beli.,2024-06-08,Kualitas jauh di bawah harga yang dipatok. Menyesal beli.,Neutral
131,Decal 1,Yuni Astuti,yuni.a@hotmail.com,4,Best purchase ever! Produk ini benar-benar memenuhi semua kebutuhan saya.,2024-12-12,Best purchase ever! Produk ini benar-benar memenuhi semua kebutuhan saya.,Positive
132,Decal 1,Kevin Pratama,kevin.p@yahoo.com,5,"Barang bagus, pengiriman cepat. Sangat puas dengan pembelian ini.",2024-10-30,"Barang bagus, pengiriman cepat. Sangat puas dengan pembelian ini.",Positive
133,Decal 1,Yola Safitri,yola.s@yahoo.com,3,"Lumayan bagus, tapi ada beberapa hal yang bisa diperbaiki.",2024-12-22,"Lumayan bagus, tapi ada beberapa hal yang bisa diperbaiki.",Positive
134,Decal 1,Irma Susanti,irma.s@gmail.com,5,Kualitas jauh lebih baik dari yang saya bayangkan. Worth every rupiah!,2024-10-16,Kualitas jauh lebih baik dari yang saya bayangkan. Worth every rupiah!,Positive
135,Decal 1,Indah Permata,indah.p@outlook.com,5,"Packaging rapi, produk mulus tidak ada cacat. Bintang 5 layak!",2024-07-08,"Packaging rapi, produk mulus tidak ada cacat. Bintang 5 layak!",Positive
136,Decal 1,Hendra Wijaya,hendra.w@hotmail.com,4,"Produk sangat memuaskan, kualitas terjamin dan sesuai deskripsi!",2024-08-03,"Produk sangat memuaskan, kualitas terjamin dan sesuai deskripsi!",Positive
137,Decal 1,Yeni Rahma,yeni.r@hotmail.com,5,"Packaging rapi, produk mulus tidak ada cacat. Bintang 5 layak!",2024-08-23,"Packaging rapi, produk mulus tidak ada cacat. Bintang 5 layak!",Positive
138,Decal 1,Aditya Nugraha,aditya.n@yahoo.com,5,"Sudah lama cari produk seperti ini, akhirnya ketemu yang tepat.",2024-09-24,"Sudah lama cari produk seperti ini, akhirnya ketemu yang tepat.",Positive
139,Decal 1,Tasya Maharani,tasya.m@outlook.com,5,Cocok banget untuk kebutuhan saya. Mantap dan terpercaya!,2024-08-11,Cocok banget untuk kebutuhan saya. Mantap dan terpercaya!,Positive
140,Decal 1,Dina Marlina,dina.m@hotmail.com,4,"Pas banget sama yang saya butuhkan, ukuran dan kualitas sesuai.",2024-02-14,"Pas banget sama yang saya butuhkan, ukuran dan kualitas sesuai.",Positive
141,Decal 2,Winda Kurniawati,winda.k@yahoo.com,2,Kualitas kontrol perlu ditingkatkan. Produk cacat saat datang.,2024-10-18,Kualitas kontrol perlu ditingkatkan. Produk cacat saat datang.,Negative
142,Decal 2,Oscar Halim,oscar.h@hotmail.com,3,Produk cukup oke untuk harga segini. Tidak ada yang istimewa.,2024-09-10,Produk cukup oke untuk harga segini. Tidak ada yang istimewa.,Neutral
143,Decal 2,Dedi Kurniawan,dedi.k@yahoo.com,5,"Produk original, harga worth it. Teman-teman juga ikut beli.",2024-05-12,"Produk original, harga worth it. Teman-teman juga ikut beli.",Positive
144,Decal 2,Fahmi Ardiansyah,fahmi.a@hotmail.com,5,"Material berkualitas tinggi, pemasangan mudah. Sangat memuaskan.",2024-01-06,"Material berkualitas tinggi, pemasangan mudah. Sangat memuaskan.",Positive
145,Decal 2,Cinta Melati,cinta.m@gmail.com,2,"Material terasa murahan, tidak sesuai foto di deskripsi.",2024-07-27,"Material terasa murahan, tidak sesuai foto di deskripsi.",Negative
146,Decal 2,Yeni Rahma,yeni.r@yahoo.com,4,"Sudah lama cari produk seperti ini, akhirnya ketemu yang tepat.",2024-08-31,"Sudah lama cari produk seperti ini, akhirnya ketemu yang tepat.",Positive
147,Decal 2,Sandro Putra,sandro.p@outlook.com,3,Produk cukup oke untuk harga segini. Tidak ada yang istimewa.,2024-02-17,Produk cukup oke untuk harga segini. Tidak ada yang istimewa.,Neutral
148,Decal 2,Zahra Amini,zahra.a@yahoo.com,5,"Sudah pakai 3 bulan, tidak ada masalah sama sekali. Beli lagi!",2024-12-05,"Sudah pakai 3 bulan, tidak ada masalah sama sekali. Beli lagi!",Neutral
149,Decal 2,Kiki Rahmat,kiki.r@hotmail.com,5,Tidak menyesal beli produk ini. Kualitasnya jauh melebihi ekspektasi.,2024-10-08,Tidak menyesal beli produk ini. Kualitasnya jauh melebihi ekspektasi.,Positive
150,Decal 2,Evi Susanti,evi.s@outlook.com,5,"Sudah pakai 3 bulan, tidak ada masalah sama sekali. Beli lagi!",2024-06-05,"Sudah pakai 3 bulan, tidak ada masalah sama sekali. Beli lagi!",Neutral
151,Down Tube,Tegar Prasetyo,tegar.p@yahoo.com,5,"Produk original, harga worth it. Teman-teman juga ikut beli.",2024-03-02,"Produk original, harga worth it. Teman-teman juga ikut beli.",Positive
152,Down Tube,Fira Ramadhani,fira.r@yahoo.com,4,"Pas banget sama yang saya butuhkan, ukuran dan kualitas sesuai.",2024-04-20,"Pas banget sama yang saya butuhkan, ukuran dan kualitas sesuai.",Positive
153,Down Tube,Edo Prasetyo,edo.p@hotmail.com,4,"Barang bagus, pengiriman cepat. Sangat puas dengan pembelian ini.",2024-04-09,"Barang bagus, pengiriman cepat. Sangat puas dengan pembelian ini.",Positive
154,Down Tube,Zahra Amini,zahra.a@yahoo.com,5,"Sudah pakai 3 bulan, tidak ada masalah sama sekali. Beli lagi!",2024-01-08,"Sudah pakai 3 bulan, tidak ada masalah sama sekali. Beli lagi!",Neutral
155,Down Tube,Aditya Nugraha,aditya.n@hotmail.com,4,"Produk sangat memuaskan, kualitas terjamin dan sesuai deskripsi!",2024-01-28,"Produk sangat memuaskan, kualitas terjamin dan sesuai deskripsi!",Positive
156,Down Tube,Gilang Saputra,gilang.s@yahoo.com,5,"Packaging rapi, produk mulus tidak ada cacat. Bintang 5 layak!",2024-09-08,"Packaging rapi, produk mulus tidak ada cacat. Bintang 5 layak!",Positive
157,Down Tube,Yuni Astuti,yuni.a@hotmail.com,2,Kualitas kontrol perlu ditingkatkan. Produk cacat saat datang.,2024-09-02,Kualitas kontrol perlu ditingkatkan. Produk cacat saat datang.,Negative
158,Down Tube,Sari Dewi,sari.d@gmail.com,5,"Sudah pakai 3 bulan, tidak ada masalah sama sekali. Beli lagi!",2024-09-01,"Sudah pakai 3 bulan, tidak ada masalah sama sekali. Beli lagi!",Neutral
159,Down Tube,Bagas Setiawan,bagas.s@outlook.com,3,"Cukup fungsional, meski ada beberapa kekurangan minor.",2024-02-07,"Cukup fungsional, meski ada beberapa kekurangan minor.",Negative
160,Down Tube,Jaka Samudra,jaka.s@gmail.com,4,"Kualitas premium, material terasa solid dan tahan lama. Recommended!",2024-03-17,"Kualitas premium, material terasa solid dan tahan lama. Recommended!",Positive
161,Mountain End Caps,Ivan Kurniawan,ivan.k@gmail.com,2,"Material terasa murahan, tidak sesuai foto di deskripsi.",2024-03-01,"Material terasa murahan, tidak sesuai foto di deskripsi.",Negative
162,Mountain End Caps,Hilda Wahyuni,hilda.w@yahoo.com,3,Material oke tapi proses pemasangan agak tricky.,2024-08-18,Material oke tapi proses pemasangan agak tricky.,Positive
163,Mountain End Caps,Sari Dewi,sari.d@outlook.com,5,"Sudah pakai 3 bulan, tidak ada masalah sama sekali. Beli lagi!",2024-10-18,"Sudah pakai 3 bulan, tidak ada masalah sama sekali. Beli lagi!",Neutral
164,Mountain End Caps,Putri Ayu,putri.a@gmail.com,5,Kualitas jauh lebih baik dari yang saya bayangkan. Worth every rupiah!,2024-04-16,Kualitas jauh lebih baik dari yang saya bayangkan. Worth every rupiah!,Positive
165,Mountain End Caps,Qais Ramadhan,qais.r@gmail.com,5,"Kualitas premium, material terasa solid dan tahan lama. Recommended!",2024-05-02,"Kualitas premium, material terasa solid dan tahan lama. Recommended!",Positive
166,Mountain End Caps,Joko Purnomo,joko.p@yahoo.com,4,"Produk sangat memuaskan, kualitas terjamin dan sesuai deskripsi!",2024-07-28,"Produk sangat memuaskan, kualitas terjamin dan sesuai deskripsi!",Positive
167,Mountain End Caps,Teguh Prasetyo,teguh.p@outlook.com,3,"Tidak buruk, tidak terlalu bagus. Cukup untuk kebutuhan.",2024-01-17,"Tidak buruk, tidak terlalu bagus. Cukup untuk kebutuhan.",Neutral
168,Mountain End Caps,Qori Amalia,qori.a@hotmail.com,5,"Sudah lama cari produk seperti ini, akhirnya ketemu yang tepat.",2024-08-20,"Sudah lama cari produk seperti ini, akhirnya ketemu yang tepat.",Positive
169,Mountain End Caps,Maya Putri,maya.p@hotmail.com,3,"Kualitas standar, cocok untuk penggunaan sehari-hari biasa.",2024-08-05,"Kualitas standar, cocok untuk penggunaan sehari-hari biasa.",Positive
170,Mountain End Caps,Bagas Setiawan,bagas.s@yahoo.com,4,"Sudah pakai 3 bulan, tidak ada masalah sama sekali. Beli lagi!",2024-03-13,"Sudah pakai 3 bulan, tidak ada masalah sama sekali. Beli lagi!",Neutral
171,Road End Caps,Maya Putri,maya.p@hotmail.com,5,Best purchase ever! Produk ini benar-benar memenuhi semua kebutuhan saya.,2024-10-18,Best purchase ever! Produk ini benar-benar memenuhi semua kebutuhan saya.,Positive
172,Road End Caps,Yoga Pratama,yoga.p@outlook.com,4,"Sudah lama cari produk seperti ini, akhirnya ketemu yang tepat.",2024-06-04,"Sudah lama cari produk seperti ini, akhirnya ketemu yang tepat.",Positive
173,Road End Caps,Zaki Mubarak,zaki.m@hotmail.com,4,"Material berkualitas tinggi, pemasangan mudah. Sangat memuaskan.",2024-10-03,"Material berkualitas tinggi, pemasangan mudah. Sangat memuaskan.",Positive
174,Road End Caps,Zulfa Aulia,zulfa.a@gmail.com,4,Tidak menyesal beli produk ini. Kualitasnya jauh melebihi ekspektasi.,2024-06-14,Tidak menyesal beli produk ini. Kualitasnya jauh melebihi ekspektasi.,Positive
175,Road End Caps,Nina Kartika,nina.k@gmail.com,5,"Pas banget sama yang saya butuhkan, ukuran dan kualitas sesuai.",2024-12-11,"Pas banget sama yang saya butuhkan, ukuran dan kualitas sesuai.",Positive
176,Road End Caps,Jaka Samudra,jaka.s@gmail.com,4,Kualitas jauh lebih baik dari yang saya bayangkan. Worth every rupiah!,2024-12-10,Kualitas jauh lebih baik dari yang saya bayangkan. Worth every rupiah!,Positive
177,Road End Caps,Vino Pratama,vino.p@yahoo.com,4,Cocok banget untuk kebutuhan saya. Mantap dan terpercaya!,2024-09-22,Cocok banget untuk kebutuhan saya. Mantap dan terpercaya!,Positive
178,Road End Caps,Tasya Maharani,tasya.m@hotmail.com,4,"Kualitas premium, material terasa solid dan tahan lama. Recommended!",2024-10-26,"Kualitas premium, material terasa solid dan tahan lama. Recommended!",Positive
179,Road End Caps,Rio Fernanda,rio.f@outlook.com,4,"Barang bagus, pengiriman cepat. Sangat puas dengan pembelian ini.",2024-08-28,"Barang bagus, pengiriman cepat. Sangat puas dengan pembelian ini.",Positive
180,Road End Caps,Gita Permata,gita.p@hotmail.com,4,"Packaging rapi, produk mulus tidak ada cacat. Bintang 5 layak!",2024-02-23,"Packaging rapi, produk mulus tidak ada cacat. Bintang 5 layak!",Positive
181,Touring End Caps,Hani Pertiwi,hani.p@outlook.com,5,"Sudah pakai 3 bulan, tidak ada masalah sama sekali. Beli lagi!",2024-12-05,"Sudah pakai 3 bulan, tidak ada masalah sama sekali. Beli lagi!",Neutral
182,Touring End Caps,Nela Puspita,nela.p@gmail.com,3,"Cukup fungsional, meski ada beberapa kekurangan minor.",2024-02-15,"Cukup fungsional, meski ada beberapa kekurangan minor.",Negative
183,Touring End Caps,Cici Rahayu,cici.r@gmail.com,5,Kualitas jauh lebih baik dari yang saya bayangkan. Worth every rupiah!,2024-07-25,Kualitas jauh lebih baik dari yang saya bayangkan. Worth every rupiah!,Positive
184,Touring End Caps,Bintang Nugraha,bintang.n@gmail.com,3,"Cukup fungsional, meski ada beberapa kekurangan minor.",2024-07-30,"Cukup fungsional, meski ada beberapa kekurangan minor.",Negative
185,Touring End Caps,Fajar Nugroho,fajar.n@hotmail.com,5,Best purchase ever! Produk ini benar-benar memenuhi semua kebutuhan saya.,2024-09-12,Best purchase ever! Produk ini benar-benar memenuhi semua kebutuhan saya.,Positive
186,Touring End Caps,Qais Ramadhan,qais.r@gmail.com,4,"Pas banget sama yang saya butuhkan, ukuran dan kualitas sesuai.",2024-05-16,"Pas banget sama yang saya butuhkan, ukuran dan kualitas sesuai.",Positive
187,Touring End Caps,Gilang Saputra,gilang.s@hotmail.com,5,Cocok banget untuk kebutuhan saya. Mantap dan terpercaya!,2024-12-23,Cocok banget untuk kebutuhan saya. Mantap dan terpercaya!,Positive
188,Touring End Caps,Yeni Rahma,yeni.r@yahoo.com,5,"Sudah lama cari produk seperti ini, akhirnya ketemu yang tepat.",2024-03-22,"Sudah lama cari produk seperti ini, akhirnya ketemu yang tepat.",Positive
189,Touring End Caps,Bayu Wibowo,bayu.w@outlook.com,4,"Barang bagus, pengiriman cepat. Sangat puas dengan pembelian ini.",2024-04-25,"Barang bagus, pengiriman cepat. Sangat puas dengan pembelian ini.",Positive
190,Touring End Caps,Bagas Setiawan,bagas.s@gmail.com,4,"Packaging rapi, produk mulus tidak ada cacat. Bintang 5 layak!",2024-03-19,"Packaging rapi, produk mulus tidak ada cacat. Bintang 5 layak!",Positive
191,Fork End,Zulfa Aulia,zulfa.a@hotmail.com,2,Pemasangan sangat susah dan hasilnya tidak memuaskan.,2024-07-31,Pemasangan sangat susah dan hasilnya tidak memuaskan.,Negative
192,Fork End,Xander Pratama,xander.p@yahoo.com,1,Kualitas kontrol perlu ditingkatkan. Produk cacat saat datang.,2024-10-09,Kualitas kontrol perlu ditingkatkan. Produk cacat saat datang.,Negative
193,Fork End,Fani Wijayanti,fani.w@yahoo.com,5,"Barang bagus, pengiriman cepat. Sangat puas dengan pembelian ini.",2024-05-21,"Barang bagus, pengiriman cepat. Sangat puas dengan pembelian ini.",Positive
194,Fork End,Irma Susanti,irma.s@outlook.com,3,"Biasa saja, tapi harga terjangkau jadi tidak terlalu kecewa.",2024-09-16,"Biasa saja, tapi harga terjangkau jadi tidak terlalu kecewa.",Negative
195,Fork End,Vino Pratama,vino.p@hotmail.com,3,"Tidak buruk, tidak terlalu bagus. Cukup untuk kebutuhan.",2024-10-27,"Tidak buruk, tidak terlalu bagus. Cukup untuk kebutuhan.",Neutral
196,Fork End,Kiki Rahmat,kiki.r@outlook.com,1,Kualitas jauh di bawah harga yang dipatok. Menyesal beli.,2024-08-16,Kualitas jauh di bawah harga yang dipatok. Menyesal beli.,Neutral
197,Fork End,Elsa Purnama,elsa.p@hotmail.com,4,"Material berkualitas tinggi, pemasangan mudah. Sangat memuaskan.",2024-10-05,"Material berkualitas tinggi, pemasangan mudah. Sangat memuaskan.",Positive
198,Fork End,Kevin Pratama,kevin.p@hotmail.com,4,"Pas banget sama yang saya butuhkan, ukuran dan kualitas sesuai.",2024-12-23,"Pas banget sama yang saya butuhkan, ukuran dan kualitas sesuai.",Positive
199,Fork End,Rafi Aldiansyah,rafi.a@yahoo.com,4,Kualitas jauh lebih baik dari yang saya bayangkan. Worth every rupiah!,2024-07-29,Kualitas jauh lebih baik dari yang saya bayangkan. Worth every rupiah!,Positive
200,Fork End,Indah Permata,indah.p@outlook.com,5,"Sudah lama cari produk seperti ini, akhirnya ketemu yang tepat.",2024-07-14,"Sudah lama cari produk seperti ini, akhirnya ketemu yang tepat.",Positive
201,Freewheel,Lisa Maharani,lisa.m@yahoo.com,1,Kualitas kontrol perlu ditingkatkan. Produk cacat saat datang.,2024-01-19,Kualitas kontrol perlu ditingkatkan. Produk cacat saat datang.,Negative
202,Freewheel,Doni Firmansyah,doni.f@hotmail.com,4,"Barang bagus, pengiriman cepat. Sangat puas dengan pembelian ini.",2024-08-13,"Barang bagus, pengiriman cepat. Sangat puas dengan pembelian ini.",Positive
203,Freewheel,Taufik Hidayat,taufik.h@outlook.com,4,"Produk sangat memuaskan, kualitas terjamin dan sesuai deskripsi!",2024-03-14,"Produk sangat memuaskan, kualitas terjamin dan sesuai deskripsi!",Positive
204,Freewheel,Omar Siddiq,omar.s@yahoo.com,2,Produk cepat rusak setelah pemakaian singkat. Tidak recommended.,2024-08-28,Produk cepat rusak setelah pemakaian singkat. Tidak recommended.,Negative
205,Freewheel,Ulfa Rohmah,ulfa.r@outlook.com,5,"Packaging rapi, produk mulus tidak ada cacat. Bintang 5 layak!",2024-02-11,"Packaging rapi, produk mulus tidak ada cacat. Bintang 5 layak!",Positive
206,Freewheel,Evi Susanti,evi.s@outlook.com,2,"Tidak tahan lama, baru dipakai beberapa kali sudah rusak.",2024-11-16,"Tidak tahan lama, baru dipakai beberapa kali sudah rusak.",Negative
207,Freewheel,Bella Anggraini,bella.a@outlook.com,2,"Kecewa dengan kualitasnya, tidak sesuai ekspektasi sama sekali.",2024-11-12,"Kecewa dengan kualitasnya, tidak sesuai ekspektasi sama sekali.",Negative
208,Freewheel,Hendra Wijaya,hendra.w@hotmail.com,5,"Pas banget sama yang saya butuhkan, ukuran dan kualitas sesuai.",2024-02-16,"Pas banget sama yang saya butuhkan, ukuran dan kualitas sesuai.",Positive
209,Freewheel,Rio Fernanda,rio.f@gmail.com,1,Kualitas kontrol perlu ditingkatkan. Produk cacat saat datang.,2024-03-26,Kualitas kontrol perlu ditingkatkan. Produk cacat saat datang.,Negative
210,Freewheel,Yola Safitri,yola.s@gmail.com,5,"Produk sangat memuaskan, kualitas terjamin dan sesuai deskripsi!",2024-06-15,"Produk sangat memuaskan, kualitas terjamin dan sesuai deskripsi!",Positive
211,Flat Washer 1,Lina Susanti,lina.s@hotmail.com,5,Tidak menyesal beli produk ini. Kualitasnya jauh melebihi ekspektasi.,2024-03-15,Tidak menyesal beli produk ini. Kualitasnya jauh melebihi ekspektasi.,Positive
212,Flat Washer 1,Salsa Nabila,salsa.n@yahoo.com,4,"Kualitas premium, material terasa solid dan tahan lama. Recommended!",2024-03-30,"Kualitas premium, material terasa solid dan tahan lama. Recommended!",Positive
213,Flat Washer 1,Rizki Hamdani,rizki.h@outlook.com,4,Best purchase ever! Produk ini benar-benar memenuhi semua kebutuhan saya.,2024-12-15,Best purchase ever! Produk ini benar-benar memenuhi semua kebutuhan saya.,Positive
214,Flat Washer 1,Rafi Aldiansyah,rafi.a@yahoo.com,4,"Pas banget sama yang saya butuhkan, ukuran dan kualitas sesuai.",2024-08-24,"Pas banget sama yang saya butuhkan, ukuran dan kualitas sesuai.",Positive
215,Flat Washer 1,Rika Purnama,rika.p@hotmail.com,5,"Packaging rapi, produk mulus tidak ada cacat. Bintang 5 layak!",2024-01-05,"Packaging rapi, produk mulus tidak ada cacat. Bintang 5 layak!",Positive
216,Flat Washer 1,Victor Halim,victor.h@yahoo.com,2,Produk cepat rusak setelah pemakaian singkat. Tidak recommended.,2024-08-14,Produk cepat rusak setelah pemakaian singkat. Tidak recommended.,Negative
217,Flat Washer 1,Gita Permata,gita.p@hotmail.com,1,Barang tidak sesuai spesifikasi yang tertera. Kecewa!,2024-12-19,Barang tidak sesuai spesifikasi yang tertera. Kecewa!,Negative
218,Flat Washer 1,Tegar Prasetyo,tegar.p@hotmail.com,4,"Pas banget sama yang saya butuhkan, ukuran dan kualitas sesuai.",2024-07-15,"Pas banget sama yang saya butuhkan, ukuran dan kualitas sesuai.",Positive
219,Flat Washer 1,Xander Pratama,xander.p@outlook.com,5,Best purchase ever! Produk ini benar-benar memenuhi semua kebutuhan saya.,2024-07-02,Best purchase ever! Produk ini benar-benar memenuhi semua kebutuhan saya.,Positive
220,Flat Washer 1,Jaka Samudra,jaka.s@hotmail.com,5,"Produk sangat memuaskan, kualitas terjamin dan sesuai deskripsi!",2024-12-03,"Produk sangat memuaskan, kualitas terjamin dan sesuai deskripsi!",Positive
221,Flat Washer 6,Mansur Wahyudi,mansur.w@gmail.com,5,Best purchase ever! Produk ini benar-benar memenuhi semua kebutuhan saya.,2024-09-11,Best purchase ever! Produk ini benar-benar memenuhi semua kebutuhan saya.,Positive
222,Flat Washer 6,Yoga Pratama,yoga.p@yahoo.com,3,"Biasa saja, tapi harga terjangkau jadi tidak terlalu kecewa.",2024-04-22,"Biasa saja, tapi harga terjangkau jadi tidak terlalu kecewa.",Negative
223,Flat Washer 6,Rika Purnama,rika.p@hotmail.com,5,"Packaging rapi, produk mulus tidak ada cacat. Bintang 5 layak!",2024-12-03,"Packaging rapi, produk mulus tidak ada cacat. Bintang 5 layak!",Positive
224,Flat Washer 6,Xena Putri,xena.p@gmail.com,3,Produk cukup oke untuk harga segini. Tidak ada yang istimewa.,2024-06-07,Produk cukup oke untuk harga segini. Tidak ada yang istimewa.,Neutral
225,Flat Washer 6,Sari Dewi,sari.d@hotmail.com,5,"Sudah lama cari produk seperti ini, akhirnya ketemu yang tepat.",2024-03-08,"Sudah lama cari produk seperti ini, akhirnya ketemu yang tepat.",Positive
226,Flat Washer 6,Nanda Kurnia,nanda.k@hotmail.com,2,Barang tidak sesuai spesifikasi yang tertera. Kecewa!,2024-03-30,Barang tidak sesuai spesifikasi yang tertera. Kecewa!,Negative
227,Flat Washer 6,Mira Handayani,mira.h@hotmail.com,5,"Material berkualitas tinggi, pemasangan mudah. Sangat memuaskan.",2024-09-13,"Material berkualitas tinggi, pemasangan mudah. Sangat memuaskan.",Positive
228,Flat Washer 6,Vino Pratama,vino.p@hotmail.com,3,"Cukup fungsional, meski ada beberapa kekurangan minor.",2024-05-31,"Cukup fungsional, meski ada beberapa kekurangan minor.",Negative
229,Flat Washer 6,Fira Ramadhani,fira.r@gmail.com,2,Kualitas kontrol perlu ditingkatkan. Produk cacat saat datang.,2024-02-08,Kualitas kontrol perlu ditingkatkan. Produk cacat saat datang.,Negative
230,Flat Washer 6,Fani Wijayanti,fani.w@yahoo.com,3,Material oke tapi proses pemasangan agak tricky.,2024-10-12,Material oke tapi proses pemasangan agak tricky.,Positive
231,Flat Washer 2,Indra Setiawan,indra.s@outlook.com,5,"Produk sangat memuaskan, kualitas terjamin dan sesuai deskripsi!",2024-05-15,"Produk sangat memuaskan, kualitas terjamin dan sesuai deskripsi!",Positive
232,Flat Washer 2,Elsa Purnama,elsa.p@hotmail.com,5,"Packaging rapi, produk mulus tidak ada cacat. Bintang 5 layak!",2024-12-10,"Packaging rapi, produk mulus tidak ada cacat. Bintang 5 layak!",Positive
233,Flat Washer 2,Ulfa Rohmah,ulfa.r@hotmail.com,4,"Barang bagus, pengiriman cepat. Sangat puas dengan pembelian ini.",2024-12-11,"Barang bagus, pengiriman cepat. Sangat puas dengan pembelian ini.",Positive
234,Flat Washer 2,Qori Amalia,qori.a@hotmail.com,4,Best purchase ever! Produk ini benar-benar memenuhi semua kebutuhan saya.,2024-04-23,Best purchase ever! Produk ini benar-benar memenuhi semua kebutuhan saya.,Positive
235,Flat Washer 2,Sandro Putra,sandro.p@outlook.com,5,"Sudah lama cari produk seperti ini, akhirnya ketemu yang tepat.",2024-06-03,"Sudah lama cari produk seperti ini, akhirnya ketemu yang tepat.",Positive
236,Flat Washer 2,Tasya Maharani,tasya.m@yahoo.com,4,"Produk sangat memuaskan, kualitas terjamin dan sesuai deskripsi!",2024-01-20,"Produk sangat memuaskan, kualitas terjamin dan sesuai deskripsi!",Positive
237,Flat Washer 2,Agus Salim,agus.s@gmail.com,1,Produk cepat rusak setelah pemakaian singkat. Tidak recommended.,2024-04-30,Produk cepat rusak setelah pemakaian singkat. Tidak recommended.,Negative
238,Flat Washer 2,Elsa Purnama,elsa.p@outlook.com,5,"Produk original, harga worth it. Teman-teman juga ikut beli.",2024-12-09,"Produk original, harga worth it. Teman-teman juga ikut beli.",Positive
239,Flat Washer 2,Fira Ramadhani,fira.r@outlook.com,3,"Sesuai deskripsi, tapi ekspektasi saya sedikit lebih tinggi.",2024-07-31,"Sesuai deskripsi, tapi ekspektasi saya sedikit lebih tinggi.",Positive
240,Flat Washer 2,Tasya Maharani,tasya.m@outlook.com,5,Best purchase ever! Produk ini benar-benar memenuhi semua kebutuhan saya.,2024-07-27,Best purchase ever! Produk ini benar-benar memenuhi semua kebutuhan saya.,Positive
241,Flat Washer 9,Winda Kurniawati,winda.k@hotmail.com,5,"Pas banget sama yang saya butuhkan, ukuran dan kualitas sesuai.",2024-08-15,"Pas banget sama yang saya butuhkan, ukuran dan kualitas sesuai.",Positive
242,Flat Washer 9,Sari Dewi,sari.d@hotmail.com,1,Produk cepat rusak setelah pemakaian singkat. Tidak recommended.,2024-12-17,Produk cepat rusak setelah pemakaian singkat. Tidak recommended.,Negative
243,Flat Washer 9,Julia Anggraini,julia.a@hotmail.com,4,"Produk sangat memuaskan, kualitas terjamin dan sesuai deskripsi!",2024-07-22,"Produk sangat memuaskan, kualitas terjamin dan sesuai deskripsi!",Positive
244,Flat Washer 9,Winda Kurniawati,winda.k@gmail.com,5,Cocok banget untuk kebutuhan saya. Mantap dan terpercaya!,2024-02-16,Cocok banget untuk kebutuhan saya. Mantap dan terpercaya!,Positive
245,Flat Washer 9,Udin Setiawan,udin.s@gmail.com,5,"Produk sangat memuaskan, kualitas terjamin dan sesuai deskripsi!",2024-06-19,"Produk sangat memuaskan, kualitas terjamin dan sesuai deskripsi!",Positive
246,Flat Washer 9,Salsa Nabila,salsa.n@yahoo.com,1,Produk cepat rusak setelah pemakaian singkat. Tidak recommended.,2024-10-10,Produk cepat rusak setelah pemakaian singkat. Tidak recommended.,Negative
247,Flat Washer 9,Niko Santoso,niko.s@yahoo.com,4,"Produk original, harga worth it. Teman-teman juga ikut beli.",2024-03-16,"Produk original, harga worth it. Teman-teman juga ikut beli.",Positive
248,Flat Washer 9,Miko Andrianto,miko.a@yahoo.com,5,"Kualitas premium, material terasa solid dan tahan lama. Recommended!",2024-10-03,"Kualitas premium, material terasa solid dan tahan lama. Recommended!",Positive
249,Flat Washer 9,Tegar Prasetyo,tegar.p@gmail.com,3,Produk cukup oke untuk harga segini. Tidak ada yang istimewa.,2024-03-08,Produk cukup oke untuk harga segini. Tidak ada yang istimewa.,Neutral
250,Flat Washer 9,Dewi Rahayu,dewi.r@yahoo.com,5,Best purchase ever! Produk ini benar-benar memenuhi semua kebutuhan saya.,2024-06-14,Best purchase ever! Produk ini benar-benar memenuhi semua kebutuhan saya.,Positive
251,Flat Washer 4,Andi Pratama,andi.p@gmail.com,5,"Kualitas premium, material terasa solid dan tahan lama. Recommended!",2024-08-03,"Kualitas premium, material terasa solid dan tahan lama. Recommended!",Positive
252,Flat Washer 4,Danu Setiawan,danu.s@gmail.com,5,Cocok banget untuk kebutuhan saya. Mantap dan terpercaya!,2024-08-17,Cocok banget untuk kebutuhan saya. Mantap dan terpercaya!,Positive
253,Flat Washer 4,Joko Widodo,joko.w@gmail.com,5,Cocok banget untuk kebutuhan saya. Mantap dan terpercaya!,2024-09-14,Cocok banget untuk kebutuhan saya. Mantap dan terpercaya!,Positive
254,Flat Washer 4,Pandu Wicaksono,pandu.w@gmail.com,2,Pemasangan sangat susah dan hasilnya tidak memuaskan.,2024-08-22,Pemasangan sangat susah dan hasilnya tidak memuaskan.,Negative
255,Flat Washer 4,Sandro Putra,sandro.p@gmail.com,1,Kualitas kontrol perlu ditingkatkan. Produk cacat saat datang.,2024-07-24,Kualitas kontrol perlu ditingkatkan. Produk cacat saat datang.,Negative
256,Flat Washer 4,Qira Wulandari,qira.w@outlook.com,3,"Cukup fungsional, meski ada beberapa kekurangan minor.",2024-02-07,"Cukup fungsional, meski ada beberapa kekurangan minor.",Negative
257,Flat Washer 4,Rizki Hamdani,rizki.h@yahoo.com,5,"Barang bagus, pengiriman cepat. Sangat puas dengan pembelian ini.",2024-03-05,"Barang bagus, pengiriman cepat. Sangat puas dengan pembelian ini.",Positive
258,Flat Washer 4,Winda Kurniawati,winda.k@hotmail.com,4,Tidak menyesal beli produk ini. Kualitasnya jauh melebihi ekspektasi.,2024-11-01,Tidak menyesal beli produk ini. Kualitasnya jauh melebihi ekspektasi.,Positive
259,Flat Washer 4,Danu Setiawan,danu.s@outlook.com,5,"Barang bagus, pengiriman cepat. Sangat puas dengan pembelian ini.",2024-12-25,"Barang bagus, pengiriman cepat. Sangat puas dengan pembelian ini.",Positive
260,Flat Washer 4,Bagas Setiawan,bagas.s@yahoo.com,2,Barang tidak sesuai spesifikasi yang tertera. Kecewa!,2024-08-19,Barang tidak sesuai spesifikasi yang tertera. Kecewa!,Negative
261,Flat Washer 3,Qori Amalia,qori.a@outlook.com,4,Tidak menyesal beli produk ini. Kualitasnya jauh melebihi ekspektasi.,2024-07-31,Tidak menyesal beli produk ini. Kualitasnya jauh melebihi ekspektasi.,Positive
262,Flat Washer 3,Dina Marlina,dina.m@outlook.com,5,"Produk original, harga worth it. Teman-teman juga ikut beli.",2024-12-06,"Produk original, harga worth it. Teman-teman juga ikut beli.",Positive
263,Flat Washer 3,Tegar Prasetyo,tegar.p@yahoo.com,5,"Packaging rapi, produk mulus tidak ada cacat. Bintang 5 layak!",2024-08-30,"Packaging rapi, produk mulus tidak ada cacat. Bintang 5 layak!",Positive
264,Flat Washer 3,Hendra Wijaya,hendra.w@gmail.com,5,"Barang bagus, pengiriman cepat. Sangat puas dengan pembelian ini.",2024-08-09,"Barang bagus, pengiriman cepat. Sangat puas dengan pembelian ini.",Positive
265,Flat Washer 3,Taufik Hidayat,taufik.h@hotmail.com,3,"Sesuai deskripsi, tapi ekspektasi saya sedikit lebih tinggi.",2024-10-11,"Sesuai deskripsi, tapi ekspektasi saya sedikit lebih tinggi.",Positive
266,Flat Washer 3,Lina Susanti,lina.s@hotmail.com,4,"Packaging rapi, produk mulus tidak ada cacat. Bintang 5 layak!",2024-03-03,"Packaging rapi, produk mulus tidak ada cacat. Bintang 5 layak!",Positive
267,Flat Washer 3,Omar Siddiq,omar.s@outlook.com,5,"Sudah lama cari produk seperti ini, akhirnya ketemu yang tepat.",2024-01-27,"Sudah lama cari produk seperti ini, akhirnya ketemu yang tepat.",Positive
268,Flat Washer 3,Yoga Pratama,yoga.p@hotmail.com,4,"Barang bagus, pengiriman cepat. Sangat puas dengan pembelian ini.",2024-10-22,"Barang bagus, pengiriman cepat. Sangat puas dengan pembelian ini.",Positive
269,Flat Washer 3,Aldo Pratama,aldo.p@outlook.com,5,"Pas banget sama yang saya butuhkan, ukuran dan kualitas sesuai.",2024-02-25,"Pas banget sama yang saya butuhkan, ukuran dan kualitas sesuai.",Positive
270,Flat Washer 3,Gita Permata,gita.p@hotmail.com,3,"Lumayan bagus, tapi ada beberapa hal yang bisa diperbaiki.",2024-05-22,"Lumayan bagus, tapi ada beberapa hal yang bisa diperbaiki.",Positive
271,Flat Washer 8,Jaka Samudra,jaka.s@outlook.com,5,"Material berkualitas tinggi, pemasangan mudah. Sangat memuaskan.",2024-11-14,"Material berkualitas tinggi, pemasangan mudah. Sangat memuaskan.",Positive
272,Flat Washer 8,Oscar Halim,oscar.h@gmail.com,3,"Tidak buruk, tidak terlalu bagus. Cukup untuk kebutuhan.",2024-01-15,"Tidak buruk, tidak terlalu bagus. Cukup untuk kebutuhan.",Neutral
273,Flat Washer 8,Kartika Sari,kartika.s@hotmail.com,5,"Produk original, harga worth it. Teman-teman juga ikut beli.",2024-06-28,"Produk original, harga worth it. Teman-teman juga ikut beli.",Positive
274,Flat Washer 8,Budi Santoso,budi.s@yahoo.com,5,Best purchase ever! Produk ini benar-benar memenuhi semua kebutuhan saya.,2024-12-02,Best purchase ever! Produk ini benar-benar memenuhi semua kebutuhan saya.,Positive
275,Flat Washer 8,Nela Puspita,nela.p@gmail.com,5,"Barang bagus, pengiriman cepat. Sangat puas dengan pembelian ini.",2024-09-28,"Barang bagus, pengiriman cepat. Sangat puas dengan pembelian ini.",Positive
276,Flat Washer 8,Ola Puspita,ola.p@outlook.com,5,"Produk original, harga worth it. Teman-teman juga ikut beli.",2024-03-21,"Produk original, harga worth it. Teman-teman juga ikut beli.",Positive
277,Flat Washer 8,Julia Anggraini,julia.a@hotmail.com,5,Kualitas jauh lebih baik dari yang saya bayangkan. Worth every rupiah!,2024-10-17,Kualitas jauh lebih baik dari yang saya bayangkan. Worth every rupiah!,Positive
278,Flat Washer 8,Miko Andrianto,miko.a@gmail.com,5,"Kualitas premium, material terasa solid dan tahan lama. Recommended!",2024-03-21,"Kualitas premium, material terasa solid dan tahan lama. Recommended!",Positive
279,Flat Washer 8,Gema Saputra,gema.s@gmail.com,4,"Sudah pakai 3 bulan, tidak ada masalah sama sekali. Beli lagi!",2024-08-14,"Sudah pakai 3 bulan, tidak ada masalah sama sekali. Beli lagi!",Neutral
280,Flat Washer 8,Udin Setiawan,udin.s@outlook.com,4,Tidak menyesal beli produk ini. Kualitasnya jauh melebihi ekspektasi.,2024-05-19,Tidak menyesal beli produk ini. Kualitasnya jauh melebihi ekspektasi.,Positive
281,Flat Washer 5,Ola Puspita,ola.p@gmail.com,3,"Biasa saja, tapi harga terjangkau jadi tidak terlalu kecewa.",2024-08-08,"Biasa saja, tapi harga terjangkau jadi tidak terlalu kecewa.",Negative
282,Flat Washer 5,Bagas Setiawan,bagas.s@outlook.com,5,"Material berkualitas tinggi, pemasangan mudah. Sangat memuaskan.",2024-12-07,"Material berkualitas tinggi, pemasangan mudah. Sangat memuaskan.",Positive
283,Flat Washer 5,Bayu Wibowo,bayu.w@outlook.com,5,Best purchase ever! Produk ini benar-benar memenuhi semua kebutuhan saya.,2024-01-29,Best purchase ever! Produk ini benar-benar memenuhi semua kebutuhan saya.,Positive
284,Flat Washer 5,Budi Santoso,budi.s@yahoo.com,5,Kualitas jauh lebih baik dari yang saya bayangkan. Worth every rupiah!,2024-03-11,Kualitas jauh lebih baik dari yang saya bayangkan. Worth every rupiah!,Positive
285,Flat Washer 5,Hendra Kurnia,hendra.k@hotmail.com,5,"Barang bagus, pengiriman cepat. Sangat puas dengan pembelian ini.",2024-01-04,"Barang bagus, pengiriman cepat. Sangat puas dengan pembelian ini.",Positive
286,Flat Washer 5,Zulfa Aulia,zulfa.a@yahoo.com,3,"Sesuai deskripsi, tapi ekspektasi saya sedikit lebih tinggi.",2024-07-13,"Sesuai deskripsi, tapi ekspektasi saya sedikit lebih tinggi.",Positive
287,Flat Washer 5,Elsa Purnama,elsa.p@hotmail.com,3,"Lumayan bagus, tapi ada beberapa hal yang bisa diperbaiki.",2024-07-22,"Lumayan bagus, tapi ada beberapa hal yang bisa diperbaiki.",Positive
288,Flat Washer 5,Edo Prasetyo,edo.p@gmail.com,5,Cocok banget untuk kebutuhan saya. Mantap dan terpercaya!,2024-02-09,Cocok banget untuk kebutuhan saya. Mantap dan terpercaya!,Positive
289,Flat Washer 5,Cici Rahayu,cici.r@outlook.com,4,"Sudah lama cari produk seperti ini, akhirnya ketemu yang tepat.",2024-11-23,"Sudah lama cari produk seperti ini, akhirnya ketemu yang tepat.",Positive
290,Flat Washer 5,Pita Sari,pita.s@outlook.com,5,"Produk sangat memuaskan, kualitas terjamin dan sesuai deskripsi!",2024-06-15,"Produk sangat memuaskan, kualitas terjamin dan sesuai deskripsi!",Positive
291,Flat Washer 7,Irwan Saputro,irwan.s@outlook.com,3,"Biasa saja, tapi harga terjangkau jadi tidak terlalu kecewa.",2024-02-15,"Biasa saja, tapi harga terjangkau jadi tidak terlalu kecewa.",Negative
292,Flat Washer 7,Rio Fernanda,rio.f@yahoo.com,3,Material oke tapi proses pemasangan agak tricky.,2024-10-28,Material oke tapi proses pemasangan agak tricky.,Positive
293,Flat Washer 7,Nela Puspita,nela.p@outlook.com,4,"Sudah pakai 3 bulan, tidak ada masalah sama sekali. Beli lagi!",2024-06-22,"Sudah pakai 3 bulan, tidak ada masalah sama sekali. Beli lagi!",Neutral
294,Flat Washer 7,Pandu Wicaksono,pandu.w@yahoo.com,5,"Barang bagus, pengiriman cepat. Sangat puas dengan pembelian ini.",2024-09-18,"Barang bagus, pengiriman cepat. Sangat puas dengan pembelian ini.",Positive
295,Flat Washer 7,Rika Purnama,rika.p@yahoo.com,5,Kualitas jauh lebih baik dari yang saya bayangkan. Worth every rupiah!,2024-06-27,Kualitas jauh lebih baik dari yang saya bayangkan. Worth every rupiah!,Positive
296,Flat Washer 7,Gita Permata,gita.p@yahoo.com,3,"Kualitas standar, cocok untuk penggunaan sehari-hari biasa.",2024-02-22,"Kualitas standar, cocok untuk penggunaan sehari-hari biasa.",Positive
297,Flat Washer 7,Fani Wijayanti,fani.w@yahoo.com,5,Best purchase ever! Produk ini benar-benar memenuhi semua kebutuhan saya.,2024-03-19,Best purchase ever! Produk ini benar-benar memenuhi semua kebutuhan saya.,Positive
298,Flat Washer 7,Hendra Kurnia,hendra.k@gmail.com,3,"Sesuai deskripsi, tapi ekspektasi saya sedikit lebih tinggi.",2024-11-17,"Sesuai deskripsi, tapi ekspektasi saya sedikit lebih tinggi.",Positive
299,Flat Washer 7,Zulfa Aulia,zulfa.a@outlook.com,4,"Packaging rapi, produk mulus tidak ada cacat. Bintang 5 layak!",2024-10-16,"Packaging rapi, produk mulus tidak ada cacat. Bintang 5 layak!",Positive
300,Flat Washer 7,Sandro Putra,sandro.p@hotmail.com,4,"Packaging rapi, produk mulus tidak ada cacat. Bintang 5 layak!",2024-06-10,"Packaging rapi, produk mulus tidak ada cacat. Bintang 5 layak!",Positive
301,Fork Crown,Gilang Ramadhan,gilang.r@outlook.com,4,Cocok banget untuk kebutuhan saya. Mantap dan terpercaya!,2024-11-19,Cocok banget untuk kebutuhan saya. Mantap dan terpercaya!,Positive
302,Fork Crown,Agus Salim,agus.s@gmail.com,3,"Biasa saja, tapi harga terjangkau jadi tidak terlalu kecewa.",2024-09-16,"Biasa saja, tapi harga terjangkau jadi tidak terlalu kecewa.",Negative
303,Fork Crown,Maya Putri,maya.p@outlook.com,5,"Produk sangat memuaskan, kualitas terjamin dan sesuai deskripsi!",2024-01-30,"Produk sangat memuaskan, kualitas terjamin dan sesuai deskripsi!",Positive
304,Fork Crown,Julia Anggraini,julia.a@gmail.com,3,"Lumayan bagus, tapi ada beberapa hal yang bisa diperbaiki.",2024-11-10,"Lumayan bagus, tapi ada beberapa hal yang bisa diperbaiki.",Positive
305,Fork Crown,Miko Andrianto,miko.a@outlook.com,4,Best purchase ever! Produk ini benar-benar memenuhi semua kebutuhan saya.,2024-10-10,Best purchase ever! Produk ini benar-benar memenuhi semua kebutuhan saya.,Positive
306,Fork Crown,Edo Prasetyo,edo.p@outlook.com,2,"Material terasa murahan, tidak sesuai foto di deskripsi.",2024-06-13,"Material terasa murahan, tidak sesuai foto di deskripsi.",Negative
307,Fork Crown,Nina Kartika,nina.k@yahoo.com,4,"Produk sangat memuaskan, kualitas terjamin dan sesuai deskripsi!",2024-08-18,"Produk sangat memuaskan, kualitas terjamin dan sesuai deskripsi!",Positive
308,Fork Crown,Yuni Astuti,yuni.a@hotmail.com,3,"Lumayan bagus, tapi ada beberapa hal yang bisa diperbaiki.",2024-09-15,"Lumayan bagus, tapi ada beberapa hal yang bisa diperbaiki.",Positive
309,Fork Crown,Sandro Putra,sandro.p@yahoo.com,5,"Sudah lama cari produk seperti ini, akhirnya ketemu yang tepat.",2024-08-12,"Sudah lama cari produk seperti ini, akhirnya ketemu yang tepat.",Positive
310,Fork Crown,Sari Dewi,sari.d@yahoo.com,4,"Produk original, harga worth it. Teman-teman juga ikut beli.",2024-07-09,"Produk original, harga worth it. Teman-teman juga ikut beli.",Positive
311,Front Derailleur Cage,Yoga Pratama,yoga.p@hotmail.com,5,"Packaging rapi, produk mulus tidak ada cacat. Bintang 5 layak!",2024-11-02,"Packaging rapi, produk mulus tidak ada cacat. Bintang 5 layak!",Positive
312,Front Derailleur Cage,Fajar Nugroho,fajar.n@hotmail.com,3,"Lumayan bagus, tapi ada beberapa hal yang bisa diperbaiki.",2024-06-17,"Lumayan bagus, tapi ada beberapa hal yang bisa diperbaiki.",Positive
313,Front Derailleur Cage,Taufik Hidayat,taufik.h@outlook.com,4,"Sudah pakai 3 bulan, tidak ada masalah sama sekali. Beli lagi!",2024-05-09,"Sudah pakai 3 bulan, tidak ada masalah sama sekali. Beli lagi!",Neutral
314,Front Derailleur Cage,Candra Wijaya,candra.w@yahoo.com,2,"Tidak tahan lama, baru dipakai beberapa kali sudah rusak.",2024-02-11,"Tidak tahan lama, baru dipakai beberapa kali sudah rusak.",Negative
315,Front Derailleur Cage,Kiki Rahmat,kiki.r@hotmail.com,3,"Tidak buruk, tidak terlalu bagus. Cukup untuk kebutuhan.",2024-12-01,"Tidak buruk, tidak terlalu bagus. Cukup untuk kebutuhan.",Neutral
316,Front Derailleur Cage,Zaki Mubarak,zaki.m@yahoo.com,3,"Lumayan bagus, tapi ada beberapa hal yang bisa diperbaiki.",2024-06-07,"Lumayan bagus, tapi ada beberapa hal yang bisa diperbaiki.",Positive
317,Front Derailleur Cage,Hilda Wahyuni,hilda.w@hotmail.com,5,"Kualitas premium, material terasa solid dan tahan lama. Recommended!",2024-12-09,"Kualitas premium, material terasa solid dan tahan lama. Recommended!",Positive
318,Front Derailleur Cage,Zaki Mubarak,zaki.m@gmail.com,3,Material oke tapi proses pemasangan agak tricky.,2024-09-17,Material oke tapi proses pemasangan agak tricky.,Positive
319,Front Derailleur Cage,Indra Setiawan,indra.s@hotmail.com,5,"Kualitas premium, material terasa solid dan tahan lama. Recommended!",2024-04-19,"Kualitas premium, material terasa solid dan tahan lama. Recommended!",Positive
320,Front Derailleur Cage,Fahmi Ardiansyah,fahmi.a@outlook.com,2,"Material terasa murahan, tidak sesuai foto di deskripsi.",2024-04-25,"Material terasa murahan, tidak sesuai foto di deskripsi.",Negative
321,Front Derailleur Linkage,Eka Saputra,eka.s@hotmail.com,5,Kualitas jauh lebih baik dari yang saya bayangkan. Worth every rupiah!,2024-02-21,Kualitas jauh lebih baik dari yang saya bayangkan. Worth every rupiah!,Positive
322,Front Derailleur Linkage,Aldo Pratama,aldo.p@gmail.com,3,"Biasa saja, tapi harga terjangkau jadi tidak terlalu kecewa.",2024-11-12,"Biasa saja, tapi harga terjangkau jadi tidak terlalu kecewa.",Negative
323,Front Derailleur Linkage,Doni Firmansyah,doni.f@yahoo.com,4,"Kualitas premium, material terasa solid dan tahan lama. Recommended!",2024-04-02,"Kualitas premium, material terasa solid dan tahan lama. Recommended!",Positive
324,Front Derailleur Linkage,Yola Safitri,yola.s@yahoo.com,3,"Cukup fungsional, meski ada beberapa kekurangan minor.",2024-01-23,"Cukup fungsional, meski ada beberapa kekurangan minor.",Negative
325,Front Derailleur Linkage,Omar Siddiq,omar.s@yahoo.com,5,Cocok banget untuk kebutuhan saya. Mantap dan terpercaya!,2024-11-08,Cocok banget untuk kebutuhan saya. Mantap dan terpercaya!,Positive
326,Front Derailleur Linkage,Yoga Pratama,yoga.p@outlook.com,3,"Kualitas standar, cocok untuk penggunaan sehari-hari biasa.",2024-09-30,"Kualitas standar, cocok untuk penggunaan sehari-hari biasa.",Positive
327,Front Derailleur Linkage,Rafi Aldiansyah,rafi.a@outlook.com,5,"Pas banget sama yang saya butuhkan, ukuran dan kualitas sesuai.",2024-07-07,"Pas banget sama yang saya butuhkan, ukuran dan kualitas sesuai.",Positive
328,Front Derailleur Linkage,Wawan Hermawan,wawan.h@outlook.com,2,Kualitas kontrol perlu ditingkatkan. Produk cacat saat datang.,2024-05-24,Kualitas kontrol perlu ditingkatkan. Produk cacat saat datang.,Negative
329,Front Derailleur Linkage,Joko Widodo,joko.w@outlook.com,5,"Kualitas premium, material terasa solid dan tahan lama. Recommended!",2024-04-12,"Kualitas premium, material terasa solid dan tahan lama. Recommended!",Positive
330,Front Derailleur Linkage,Nina Kartika,nina.k@hotmail.com,5,"Produk sangat memuaskan, kualitas terjamin dan sesuai deskripsi!",2024-11-24,"Produk sangat memuaskan, kualitas terjamin dan sesuai deskripsi!",Positive
331,Guide Pulley,Xander Pratama,xander.p@gmail.com,2,Produk cepat rusak setelah pemakaian singkat. Tidak recommended.,2024-05-25,Produk cepat rusak setelah pemakaian singkat. Tidak recommended.,Negative
332,Guide Pulley,Rizki Hamdani,rizki.h@hotmail.com,3,"Cukup fungsional, meski ada beberapa kekurangan minor.",2024-09-19,"Cukup fungsional, meski ada beberapa kekurangan minor.",Negative
333,Guide Pulley,Fani Wijayanti,fani.w@gmail.com,3,"Kualitas standar, cocok untuk penggunaan sehari-hari biasa.",2024-08-18,"Kualitas standar, cocok untuk penggunaan sehari-hari biasa.",Positive
334,Guide Pulley,Gita Permata,gita.p@outlook.com,2,"Kecewa dengan kualitasnya, tidak sesuai ekspektasi sama sekali.",2024-07-21,"Kecewa dengan kualitasnya, tidak sesuai ekspektasi sama sekali.",Negative
335,Guide Pulley,Aldo Pratama,aldo.p@outlook.com,5,"Barang bagus, pengiriman cepat. Sangat puas dengan pembelian ini.",2024-07-10,"Barang bagus, pengiriman cepat. Sangat puas dengan pembelian ini.",Positive
336,Guide Pulley,Pandu Wicaksono,pandu.w@gmail.com,5,"Sudah lama cari produk seperti ini, akhirnya ketemu yang tepat.",2024-11-28,"Sudah lama cari produk seperti ini, akhirnya ketemu yang tepat.",Positive
337,Guide Pulley,Evi Susanti,evi.s@yahoo.com,3,Produk cukup oke untuk harga segini. Tidak ada yang istimewa.,2024-05-26,Produk cukup oke untuk harga segini. Tidak ada yang istimewa.,Neutral
338,Guide Pulley,Wati Susanti,wati.s@yahoo.com,3,"Cukup fungsional, meski ada beberapa kekurangan minor.",2024-08-17,"Cukup fungsional, meski ada beberapa kekurangan minor.",Negative
339,Guide Pulley,Oscar Halim,oscar.h@gmail.com,5,"Produk sangat memuaskan, kualitas terjamin dan sesuai deskripsi!",2024-05-11,"Produk sangat memuaskan, kualitas terjamin dan sesuai deskripsi!",Positive
340,Guide Pulley,Ola Puspita,ola.p@outlook.com,3,"Lumayan bagus, tapi ada beberapa hal yang bisa diperbaiki.",2024-05-27,"Lumayan bagus, tapi ada beberapa hal yang bisa diperbaiki.",Positive
341,LL Grip Tape,Rafi Aldiansyah,rafi.a@gmail.com,5,"Pas banget sama yang saya butuhkan, ukuran dan kualitas sesuai.",2024-08-02,"Pas banget sama yang saya butuhkan, ukuran dan kualitas sesuai.",Positive
342,LL Grip Tape,Rika Purnama,rika.p@outlook.com,3,"Lumayan bagus, tapi ada beberapa hal yang bisa diperbaiki.",2024-02-26,"Lumayan bagus, tapi ada beberapa hal yang bisa diperbaiki.",Positive
343,LL Grip Tape,Zulfa Aulia,zulfa.a@gmail.com,4,"Packaging rapi, produk mulus tidak ada cacat. Bintang 5 layak!",2024-09-20,"Packaging rapi, produk mulus tidak ada cacat. Bintang 5 layak!",Positive
344,LL Grip Tape,Jaka Samudra,jaka.s@yahoo.com,5,"Sudah pakai 3 bulan, tidak ada masalah sama sekali. Beli lagi!",2024-08-07,"Sudah pakai 3 bulan, tidak ada masalah sama sekali. Beli lagi!",Neutral
345,LL Grip Tape,Budi Santoso,budi.s@yahoo.com,4,Best purchase ever! Produk ini benar-benar memenuhi semua kebutuhan saya.,2024-08-01,Best purchase ever! Produk ini benar-benar memenuhi semua kebutuhan saya.,Positive
346,LL Grip Tape,Kartika Sari,kartika.s@gmail.com,3,"Biasa saja, tapi harga terjangkau jadi tidak terlalu kecewa.",2024-02-04,"Biasa saja, tapi harga terjangkau jadi tidak terlalu kecewa.",Negative
347,LL Grip Tape,Danu Setiawan,danu.s@gmail.com,4,Tidak menyesal beli produk ini. Kualitasnya jauh melebihi ekspektasi.,2024-08-28,Tidak menyesal beli produk ini. Kualitasnya jauh melebihi ekspektasi.,Positive
348,LL Grip Tape,Indah Permata,indah.p@hotmail.com,4,"Sudah pakai 3 bulan, tidak ada masalah sama sekali. Beli lagi!",2024-01-09,"Sudah pakai 3 bulan, tidak ada masalah sama sekali. Beli lagi!",Neutral
349,LL Grip Tape,Hafiz Ramadhan,hafiz.r@hotmail.com,3,"Kualitas standar, cocok untuk penggunaan sehari-hari biasa.",2024-12-02,"Kualitas standar, cocok untuk penggunaan sehari-hari biasa.",Positive
350,LL Grip Tape,Qais Ramadhan,qais.r@hotmail.com,5,"Kualitas premium, material terasa solid dan tahan lama. Recommended!",2024-01-23,"Kualitas premium, material terasa solid dan tahan lama. Recommended!",Positive
351,ML Grip Tape,Hafiz Ramadhan,hafiz.r@yahoo.com,4,Kualitas jauh lebih baik dari yang saya bayangkan. Worth every rupiah!,2024-12-16,Kualitas jauh lebih baik dari yang saya bayangkan. Worth every rupiah!,Positive
352,ML Grip Tape,Victor Halim,victor.h@outlook.com,1,Kualitas jauh di bawah harga yang dipatok. Menyesal beli.,2024-03-10,Kualitas jauh di bawah harga yang dipatok. Menyesal beli.,Neutral
353,ML Grip Tape,Hendra Wijaya,hendra.w@outlook.com,3,Produk cukup oke untuk harga segini. Tidak ada yang istimewa.,2024-05-30,Produk cukup oke untuk harga segini. Tidak ada yang istimewa.,Neutral
354,ML Grip Tape,Mira Handayani,mira.h@yahoo.com,5,"Produk sangat memuaskan, kualitas terjamin dan sesuai deskripsi!",2024-06-10,"Produk sangat memuaskan, kualitas terjamin dan sesuai deskripsi!",Positive
355,ML Grip Tape,Bayu Wibowo,bayu.w@outlook.com,4,"Sudah pakai 3 bulan, tidak ada masalah sama sekali. Beli lagi!",2024-01-19,"Sudah pakai 3 bulan, tidak ada masalah sama sekali. Beli lagi!",Neutral
356,ML Grip Tape,Gema Saputra,gema.s@hotmail.com,4,"Produk original, harga worth it. Teman-teman juga ikut beli.",2024-01-25,"Produk original, harga worth it. Teman-teman juga ikut beli.",Positive
357,ML Grip Tape,Tasya Maharani,tasya.m@gmail.com,5,Kualitas jauh lebih baik dari yang saya bayangkan. Worth every rupiah!,2024-07-07,Kualitas jauh lebih baik dari yang saya bayangkan. Worth every rupiah!,Positive
358,ML Grip Tape,Rio Fernanda,rio.f@outlook.com,2,Barang tidak sesuai spesifikasi yang tertera. Kecewa!,2024-06-22,Barang tidak sesuai spesifikasi yang tertera. Kecewa!,Negative
359,ML Grip Tape,Kartika Sari,kartika.s@outlook.com,4,"Produk original, harga worth it. Teman-teman juga ikut beli.",2024-09-22,"Produk original, harga worth it. Teman-teman juga ikut beli.",Positive
360,ML Grip Tape,Vino Pratama,vino.p@outlook.com,3,"Lumayan bagus, tapi ada beberapa hal yang bisa diperbaiki.",2024-08-08,"Lumayan bagus, tapi ada beberapa hal yang bisa diperbaiki.",Positive
361,HL Grip Tape,Nina Kartika,nina.k@yahoo.com,1,Pemasangan sangat susah dan hasilnya tidak memuaskan.,2024-06-13,Pemasangan sangat susah dan hasilnya tidak memuaskan.,Negative
362,HL Grip Tape,Yuni Astuti,yuni.a@hotmail.com,5,"Sudah pakai 3 bulan, tidak ada masalah sama sekali. Beli lagi!",2024-08-16,"Sudah pakai 3 bulan, tidak ada masalah sama sekali. Beli lagi!",Neutral
363,HL Grip Tape,Nina Kartika,nina.k@yahoo.com,3,"Cukup fungsional, meski ada beberapa kekurangan minor.",2024-06-28,"Cukup fungsional, meski ada beberapa kekurangan minor.",Negative
364,HL Grip Tape,Teguh Prasetyo,teguh.p@hotmail.com,5,Best purchase ever! Produk ini benar-benar memenuhi semua kebutuhan saya.,2024-08-10,Best purchase ever! Produk ini benar-benar memenuhi semua kebutuhan saya.,Positive
365,HL Grip Tape,Winda Kurniawati,winda.k@gmail.com,4,"Barang bagus, pengiriman cepat. Sangat puas dengan pembelian ini.",2024-12-09,"Barang bagus, pengiriman cepat. Sangat puas dengan pembelian ini.",Positive
366,HL Grip Tape,Rika Purnama,rika.p@yahoo.com,4,"Produk sangat memuaskan, kualitas terjamin dan sesuai deskripsi!",2024-03-14,"Produk sangat memuaskan, kualitas terjamin dan sesuai deskripsi!",Positive
367,HL Grip Tape,Nina Kartika,nina.k@outlook.com,3,Produk cukup oke untuk harga segini. Tidak ada yang istimewa.,2024-03-05,Produk cukup oke untuk harga segini. Tidak ada yang istimewa.,Neutral
368,HL Grip Tape,Hendra Wijaya,hendra.w@hotmail.com,5,"Produk original, harga worth it. Teman-teman juga ikut beli.",2024-07-15,"Produk original, harga worth it. Teman-teman juga ikut beli.",Positive
369,HL Grip Tape,Ivan Kurniawan,ivan.k@yahoo.com,5,"Packaging rapi, produk mulus tidak ada cacat. Bintang 5 layak!",2024-08-18,"Packaging rapi, produk mulus tidak ada cacat. Bintang 5 layak!",Positive
370,HL Grip Tape,Julia Anggraini,julia.a@gmail.com,5,Best purchase ever! Produk ini benar-benar memenuhi semua kebutuhan saya.,2024-03-11,Best purchase ever! Produk ini benar-benar memenuhi semua kebutuhan saya.,Positive
371,Thin-Jam Hex Nut 9,Danu Setiawan,danu.s@hotmail.com,5,"Packaging rapi, produk mulus tidak ada cacat. Bintang 5 layak!",2024-05-22,"Packaging rapi, produk mulus tidak ada cacat. Bintang 5 layak!",Positive
372,Thin-Jam Hex Nut 9,Salsa Nabila,salsa.n@gmail.com,1,Kualitas jauh di bawah harga yang dipatok. Menyesal beli.,2024-09-12,Kualitas jauh di bawah harga yang dipatok. Menyesal beli.,Neutral
373,Thin-Jam Hex Nut 9,Cinta Melati,cinta.m@gmail.com,5,"Sudah pakai 3 bulan, tidak ada masalah sama sekali. Beli lagi!",2024-05-13,"Sudah pakai 3 bulan, tidak ada masalah sama sekali. Beli lagi!",Neutral
374,Thin-Jam Hex Nut 9,Aditya Nugraha,aditya.n@hotmail.com,4,"Sudah lama cari produk seperti ini, akhirnya ketemu yang tepat.",2024-09-08,"Sudah lama cari produk seperti ini, akhirnya ketemu yang tepat.",Positive
375,Thin-Jam Hex Nut 9,Mira Handayani,mira.h@gmail.com,5,Cocok banget untuk kebutuhan saya. Mantap dan terpercaya!,2024-03-29,Cocok banget untuk kebutuhan saya. Mantap dan terpercaya!,Positive
376,Thin-Jam Hex Nut 9,Bella Anggraini,bella.a@gmail.com,4,Kualitas jauh lebih baik dari yang saya bayangkan. Worth every rupiah!,2024-12-15,Kualitas jauh lebih baik dari yang saya bayangkan. Worth every rupiah!,Positive
377,Thin-Jam Hex Nut 9,Cici Rahayu,cici.r@gmail.com,3,"Tidak buruk, tidak terlalu bagus. Cukup untuk kebutuhan.",2024-06-02,"Tidak buruk, tidak terlalu bagus. Cukup untuk kebutuhan.",Neutral
378,Thin-Jam Hex Nut 9,Hani Pertiwi,hani.p@yahoo.com,3,"Biasa saja, tapi harga terjangkau jadi tidak terlalu kecewa.",2024-09-17,"Biasa saja, tapi harga terjangkau jadi tidak terlalu kecewa.",Negative
379,Thin-Jam Hex Nut 9,Pandu Wicaksono,pandu.w@yahoo.com,5,Kualitas jauh lebih baik dari yang saya bayangkan. Worth every rupiah!,2024-03-12,Kualitas jauh lebih baik dari yang saya bayangkan. Worth every rupiah!,Positive
380,Thin-Jam Hex Nut 9,Rafi Aldiansyah,rafi.a@gmail.com,3,"Biasa saja, tapi harga terjangkau jadi tidak terlalu kecewa.",2024-10-10,"Biasa saja, tapi harga terjangkau jadi tidak terlalu kecewa.",Negative
381,Thin-Jam Hex Nut 10,Jaka Samudra,jaka.s@yahoo.com,5,Best purchase ever! Produk ini benar-benar memenuhi semua kebutuhan saya.,2024-02-14,Best purchase ever! Produk ini benar-benar memenuhi semua kebutuhan saya.,Positive
382,Thin-Jam Hex Nut 10,Hendra Wijaya,hendra.w@outlook.com,5,"Material berkualitas tinggi, pemasangan mudah. Sangat memuaskan.",2024-07-29,"Material berkualitas tinggi, pemasangan mudah. Sangat memuaskan.",Positive
383,Thin-Jam Hex Nut 10,Irma Susanti,irma.s@gmail.com,4,"Kualitas premium, material terasa solid dan tahan lama. Recommended!",2024-06-11,"Kualitas premium, material terasa solid dan tahan lama. Recommended!",Positive
384,Thin-Jam Hex Nut 10,Sandro Putra,sandro.p@outlook.com,5,"Packaging rapi, produk mulus tidak ada cacat. Bintang 5 layak!",2024-09-21,"Packaging rapi, produk mulus tidak ada cacat. Bintang 5 layak!",Positive
385,Thin-Jam Hex Nut 10,Gita Permata,gita.p@yahoo.com,5,Kualitas jauh lebih baik dari yang saya bayangkan. Worth every rupiah!,2024-03-07,Kualitas jauh lebih baik dari yang saya bayangkan. Worth every rupiah!,Positive
386,Thin-Jam Hex Nut 10,Rio Fernanda,rio.f@gmail.com,4,"Barang bagus, pengiriman cepat. Sangat puas dengan pembelian ini.",2024-09-22,"Barang bagus, pengiriman cepat. Sangat puas dengan pembelian ini.",Positive
387,Thin-Jam Hex Nut 10,Gilang Ramadhan,gilang.r@yahoo.com,5,"Produk original, harga worth it. Teman-teman juga ikut beli.",2024-12-29,"Produk original, harga worth it. Teman-teman juga ikut beli.",Positive
388,Thin-Jam Hex Nut 10,Pandu Wicaksono,pandu.w@hotmail.com,5,"Barang bagus, pengiriman cepat. Sangat puas dengan pembelian ini.",2024-05-08,"Barang bagus, pengiriman cepat. Sangat puas dengan pembelian ini.",Positive
389,Thin-Jam Hex Nut 10,Mira Handayani,mira.h@hotmail.com,4,"Kualitas premium, material terasa solid dan tahan lama. Recommended!",2024-11-16,"Kualitas premium, material terasa solid dan tahan lama. Recommended!",Positive
390,Thin-Jam Hex Nut 10,Agus Salim,agus.s@gmail.com,4,"Material berkualitas tinggi, pemasangan mudah. Sangat memuaskan.",2024-11-24,"Material berkualitas tinggi, pemasangan mudah. Sangat memuaskan.",Positive
391,Thin-Jam Hex Nut 1,Irwan Saputro,irwan.s@yahoo.com,4,"Kualitas premium, material terasa solid dan tahan lama. Recommended!",2024-12-03,"Kualitas premium, material terasa solid dan tahan lama. Recommended!",Positive
392,Thin-Jam Hex Nut 1,Putri Ayu,putri.a@hotmail.com,3,Produk cukup oke untuk harga segini. Tidak ada yang istimewa.,2024-01-15,Produk cukup oke untuk harga segini. Tidak ada yang istimewa.,Neutral
393,Thin-Jam Hex Nut 1,Rizki Hamdani,rizki.h@hotmail.com,5,"Packaging rapi, produk mulus tidak ada cacat. Bintang 5 layak!",2024-04-17,"Packaging rapi, produk mulus tidak ada cacat. Bintang 5 layak!",Positive
394,Thin-Jam Hex Nut 1,Irma Susanti,irma.s@gmail.com,4,Cocok banget untuk kebutuhan saya. Mantap dan terpercaya!,2024-11-17,Cocok banget untuk kebutuhan saya. Mantap dan terpercaya!,Positive
395,Thin-Jam Hex Nut 1,Fauzan Hidayat,fauzan.h@hotmail.com,5,Cocok banget untuk kebutuhan saya. Mantap dan terpercaya!,2024-05-05,Cocok banget untuk kebutuhan saya. Mantap dan terpercaya!,Positive
396,Thin-Jam Hex Nut 1,Xena Putri,xena.p@outlook.com,4,"Barang bagus, pengiriman cepat. Sangat puas dengan pembelian ini.",2024-12-18,"Barang bagus, pengiriman cepat. Sangat puas dengan pembelian ini.",Positive
397,Thin-Jam Hex Nut 1,Lina Susanti,lina.s@outlook.com,5,Cocok banget untuk kebutuhan saya. Mantap dan terpercaya!,2024-08-25,Cocok banget untuk kebutuhan saya. Mantap dan terpercaya!,Positive
398,Thin-Jam Hex Nut 1,Niko Santoso,niko.s@yahoo.com,5,"Produk original, harga worth it. Teman-teman juga ikut beli.",2024-06-12,"Produk original, harga worth it. Teman-teman juga ikut beli.",Positive
399,Thin-Jam Hex Nut 1,Dina Marlina,dina.m@hotmail.com,1,Barang tidak sesuai spesifikasi yang tertera. Kecewa!,2024-03-07,Barang tidak sesuai spesifikasi yang tertera. Kecewa!,Negative
400,Thin-Jam Hex Nut 1,Hendra Kurnia,hendra.k@gmail.com,5,"Produk original, harga worth it. Teman-teman juga ikut beli.",2024-05-03,"Produk original, harga worth it. Teman-teman juga ikut beli.",Positive
401,Thin-Jam Hex Nut 2,Victor Halim,victor.h@outlook.com,5,"Pas banget sama yang saya butuhkan, ukuran dan kualitas sesuai.",2024-03-13,"Pas banget sama yang saya butuhkan, ukuran dan kualitas sesuai.",Positive
402,Thin-Jam Hex Nut 2,Taufik Hidayat,taufik.h@outlook.com,5,Best purchase ever! Produk ini benar-benar memenuhi semua kebutuhan saya.,2024-08-02,Best purchase ever! Produk ini benar-benar memenuhi semua kebutuhan saya.,Positive
403,Thin-Jam Hex Nut 2,Salsa Nabila,salsa.n@yahoo.com,1,"Tidak tahan lama, baru dipakai beberapa kali sudah rusak.",2024-10-22,"Tidak tahan lama, baru dipakai beberapa kali sudah rusak.",Negative
404,Thin-Jam Hex Nut 2,Candra Wijaya,candra.w@yahoo.com,5,Cocok banget untuk kebutuhan saya. Mantap dan terpercaya!,2024-09-20,Cocok banget untuk kebutuhan saya. Mantap dan terpercaya!,Positive
405,Thin-Jam Hex Nut 2,Victor Halim,victor.h@hotmail.com,4,Cocok banget untuk kebutuhan saya. Mantap dan terpercaya!,2024-01-12,Cocok banget untuk kebutuhan saya. Mantap dan terpercaya!,Positive
406,Thin-Jam Hex Nut 2,Nanda Kurnia,nanda.k@outlook.com,2,"Material terasa murahan, tidak sesuai foto di deskripsi.",2024-04-20,"Material terasa murahan, tidak sesuai foto di deskripsi.",Negative
407,Thin-Jam Hex Nut 2,Kiki Rahmat,kiki.r@gmail.com,5,"Sudah pakai 3 bulan, tidak ada masalah sama sekali. Beli lagi!",2024-09-10,"Sudah pakai 3 bulan, tidak ada masalah sama sekali. Beli lagi!",Neutral
408,Thin-Jam Hex Nut 2,Miko Andrianto,miko.a@outlook.com,2,Pemasangan sangat susah dan hasilnya tidak memuaskan.,2024-10-01,Pemasangan sangat susah dan hasilnya tidak memuaskan.,Negative
409,Thin-Jam Hex Nut 2,Dewi Rahayu,dewi.r@outlook.com,3,"Sesuai deskripsi, tapi ekspektasi saya sedikit lebih tinggi.",2024-05-15,"Sesuai deskripsi, tapi ekspektasi saya sedikit lebih tinggi.",Positive
410,Thin-Jam Hex Nut 2,Dina Marlina,dina.m@outlook.com,5,"Produk original, harga worth it. Teman-teman juga ikut beli.",2024-01-24,"Produk original, harga worth it. Teman-teman juga ikut beli.",Positive
411,Thin-Jam Hex Nut 15,Nela Puspita,nela.p@yahoo.com,5,"Produk original, harga worth it. Teman-teman juga ikut beli.",2024-10-10,"Produk original, harga worth it. Teman-teman juga ikut beli.",Positive
412,Thin-Jam Hex Nut 15,Yoga Pratama,yoga.p@outlook.com,5,Kualitas jauh lebih baik dari yang saya bayangkan. Worth every rupiah!,2024-10-08,Kualitas jauh lebih baik dari yang saya bayangkan. Worth every rupiah!,Positive
413,Thin-Jam Hex Nut 15,Winda Kurniawati,winda.k@gmail.com,3,"Sesuai deskripsi, tapi ekspektasi saya sedikit lebih tinggi.",2024-02-19,"Sesuai deskripsi, tapi ekspektasi saya sedikit lebih tinggi.",Positive
414,Thin-Jam Hex Nut 15,Mansur Wahyudi,mansur.w@hotmail.com,5,"Material berkualitas tinggi, pemasangan mudah. Sangat memuaskan.",2024-07-06,"Material berkualitas tinggi, pemasangan mudah. Sangat memuaskan.",Positive
415,Thin-Jam Hex Nut 15,Gema Saputra,gema.s@outlook.com,5,"Material berkualitas tinggi, pemasangan mudah. Sangat memuaskan.",2024-01-21,"Material berkualitas tinggi, pemasangan mudah. Sangat memuaskan.",Positive
416,Thin-Jam Hex Nut 15,Indah Permata,indah.p@hotmail.com,5,Kualitas jauh lebih baik dari yang saya bayangkan. Worth every rupiah!,2024-08-30,Kualitas jauh lebih baik dari yang saya bayangkan. Worth every rupiah!,Positive
417,Thin-Jam Hex Nut 15,Cinta Melati,cinta.m@yahoo.com,4,"Produk original, harga worth it. Teman-teman juga ikut beli.",2024-11-09,"Produk original, harga worth it. Teman-teman juga ikut beli.",Positive
418,Thin-Jam Hex Nut 15,Cici Rahayu,cici.r@hotmail.com,5,Best purchase ever! Produk ini benar-benar memenuhi semua kebutuhan saya.,2024-06-21,Best purchase ever! Produk ini benar-benar memenuhi semua kebutuhan saya.,Positive
419,Thin-Jam Hex Nut 15,Aldo Pratama,aldo.p@outlook.com,3,"Tidak buruk, tidak terlalu bagus. Cukup untuk kebutuhan.",2024-08-31,"Tidak buruk, tidak terlalu bagus. Cukup untuk kebutuhan.",Neutral
420,Thin-Jam Hex Nut 15,Andi Pratama,andi.p@gmail.com,5,Tidak menyesal beli produk ini. Kualitasnya jauh melebihi ekspektasi.,2024-10-25,Tidak menyesal beli produk ini. Kualitasnya jauh melebihi ekspektasi.,Positive
421,Thin-Jam Hex Nut 16,Bayu Wibowo,bayu.w@gmail.com,3,"Cukup fungsional, meski ada beberapa kekurangan minor.",2024-05-15,"Cukup fungsional, meski ada beberapa kekurangan minor.",Negative
422,Thin-Jam Hex Nut 16,Tasya Maharani,tasya.m@yahoo.com,3,Produk cukup oke untuk harga segini. Tidak ada yang istimewa.,2024-10-25,Produk cukup oke untuk harga segini. Tidak ada yang istimewa.,Neutral
423,Thin-Jam Hex Nut 16,Xander Pratama,xander.p@outlook.com,5,"Kualitas premium, material terasa solid dan tahan lama. Recommended!",2024-12-14,"Kualitas premium, material terasa solid dan tahan lama. Recommended!",Positive
424,Thin-Jam Hex Nut 16,Salsa Nabila,salsa.n@gmail.com,5,"Pas banget sama yang saya butuhkan, ukuran dan kualitas sesuai.",2024-01-10,"Pas banget sama yang saya butuhkan, ukuran dan kualitas sesuai.",Positive
425,Thin-Jam Hex Nut 16,Sari Dewi,sari.d@yahoo.com,5,Tidak menyesal beli produk ini. Kualitasnya jauh melebihi ekspektasi.,2024-12-19,Tidak menyesal beli produk ini. Kualitasnya jauh melebihi ekspektasi.,Positive
426,Thin-Jam Hex Nut 16,Niko Santoso,niko.s@outlook.com,4,"Sudah lama cari produk seperti ini, akhirnya ketemu yang tepat.",2024-02-01,"Sudah lama cari produk seperti ini, akhirnya ketemu yang tepat.",Positive
427,Thin-Jam Hex Nut 16,Aditya Nugraha,aditya.n@yahoo.com,5,"Material berkualitas tinggi, pemasangan mudah. Sangat memuaskan.",2024-06-15,"Material berkualitas tinggi, pemasangan mudah. Sangat memuaskan.",Positive
428,Thin-Jam Hex Nut 16,Udin Setiawan,udin.s@outlook.com,4,"Produk original, harga worth it. Teman-teman juga ikut beli.",2024-03-29,"Produk original, harga worth it. Teman-teman juga ikut beli.",Positive
429,Thin-Jam Hex Nut 16,Umi Kalsum,umi.k@hotmail.com,2,"Tidak tahan lama, baru dipakai beberapa kali sudah rusak.",2024-12-12,"Tidak tahan lama, baru dipakai beberapa kali sudah rusak.",Negative
430,Thin-Jam Hex Nut 16,Irma Susanti,irma.s@hotmail.com,2,Kualitas kontrol perlu ditingkatkan. Produk cacat saat datang.,2024-04-08,Kualitas kontrol perlu ditingkatkan. Produk cacat saat datang.,Negative
431,Thin-Jam Hex Nut 5,Salsa Nabila,salsa.n@hotmail.com,5,"Pas banget sama yang saya butuhkan, ukuran dan kualitas sesuai.",2024-06-01,"Pas banget sama yang saya butuhkan, ukuran dan kualitas sesuai.",Positive
432,Thin-Jam Hex Nut 5,Irma Susanti,irma.s@yahoo.com,5,"Sudah lama cari produk seperti ini, akhirnya ketemu yang tepat.",2024-12-26,"Sudah lama cari produk seperti ini, akhirnya ketemu yang tepat.",Positive
433,Thin-Jam Hex Nut 5,Yeni Rahma,yeni.r@hotmail.com,5,"Material berkualitas tinggi, pemasangan mudah. Sangat memuaskan.",2024-05-20,"Material berkualitas tinggi, pemasangan mudah. Sangat memuaskan.",Positive
434,Thin-Jam Hex Nut 5,Yoga Pratama,yoga.p@outlook.com,5,Tidak menyesal beli produk ini. Kualitasnya jauh melebihi ekspektasi.,2024-06-25,Tidak menyesal beli produk ini. Kualitasnya jauh melebihi ekspektasi.,Positive
435,Thin-Jam Hex Nut 5,Irma Susanti,irma.s@hotmail.com,3,Produk cukup oke untuk harga segini. Tidak ada yang istimewa.,2024-05-27,Produk cukup oke untuk harga segini. Tidak ada yang istimewa.,Neutral
436,Thin-Jam Hex Nut 5,Bella Anggraini,bella.a@outlook.com,5,"Packaging rapi, produk mulus tidak ada cacat. Bintang 5 layak!",2024-05-11,"Packaging rapi, produk mulus tidak ada cacat. Bintang 5 layak!",Positive
437,Thin-Jam Hex Nut 5,Fira Ramadhani,fira.r@yahoo.com,4,"Material berkualitas tinggi, pemasangan mudah. Sangat memuaskan.",2024-05-18,"Material berkualitas tinggi, pemasangan mudah. Sangat memuaskan.",Positive
438,Thin-Jam Hex Nut 5,Hilda Wahyuni,hilda.w@yahoo.com,3,"Lumayan bagus, tapi ada beberapa hal yang bisa diperbaiki.",2024-11-11,"Lumayan bagus, tapi ada beberapa hal yang bisa diperbaiki.",Positive
439,Thin-Jam Hex Nut 5,Edo Prasetyo,edo.p@yahoo.com,4,"Produk sangat memuaskan, kualitas terjamin dan sesuai deskripsi!",2024-12-08,"Produk sangat memuaskan, kualitas terjamin dan sesuai deskripsi!",Positive
440,Thin-Jam Hex Nut 5,Danu Setiawan,danu.s@yahoo.com,5,"Produk sangat memuaskan, kualitas terjamin dan sesuai deskripsi!",2024-02-21,"Produk sangat memuaskan, kualitas terjamin dan sesuai deskripsi!",Positive
441,Thin-Jam Hex Nut 6,Omar Siddiq,omar.s@outlook.com,5,"Barang bagus, pengiriman cepat. Sangat puas dengan pembelian ini.",2024-12-14,"Barang bagus, pengiriman cepat. Sangat puas dengan pembelian ini.",Positive
442,Thin-Jam Hex Nut 6,Irma Susanti,irma.s@yahoo.com,5,Tidak menyesal beli produk ini. Kualitasnya jauh melebihi ekspektasi.,2024-11-30,Tidak menyesal beli produk ini. Kualitasnya jauh melebihi ekspektasi.,Positive
443,Thin-Jam Hex Nut 6,Wati Susanti,wati.s@yahoo.com,4,Kualitas jauh lebih baik dari yang saya bayangkan. Worth every rupiah!,2024-05-27,Kualitas jauh lebih baik dari yang saya bayangkan. Worth every rupiah!,Positive
444,Thin-Jam Hex Nut 6,Dedi Kurniawan,dedi.k@gmail.com,5,Kualitas jauh lebih baik dari yang saya bayangkan. Worth every rupiah!,2024-02-15,Kualitas jauh lebih baik dari yang saya bayangkan. Worth every rupiah!,Positive
445,Thin-Jam Hex Nut 6,Tasya Maharani,tasya.m@gmail.com,4,"Kualitas premium, material terasa solid dan tahan lama. Recommended!",2024-08-01,"Kualitas premium, material terasa solid dan tahan lama. Recommended!",Positive
446,Thin-Jam Hex Nut 6,Joko Purnomo,joko.p@gmail.com,2,Barang tidak sesuai spesifikasi yang tertera. Kecewa!,2024-09-10,Barang tidak sesuai spesifikasi yang tertera. Kecewa!,Negative
447,Thin-Jam Hex Nut 6,Kartika Sari,kartika.s@hotmail.com,2,"Kecewa dengan kualitasnya, tidak sesuai ekspektasi sama sekali.",2024-01-05,"Kecewa dengan kualitasnya, tidak sesuai ekspektasi sama sekali.",Negative
448,Thin-Jam Hex Nut 6,Agus Salim,agus.s@gmail.com,4,"Produk original, harga worth it. Teman-teman juga ikut beli.",2024-05-25,"Produk original, harga worth it. Teman-teman juga ikut beli.",Positive
449,Thin-Jam Hex Nut 6,Umi Kalsum,umi.k@outlook.com,1,Kualitas jauh di bawah harga yang dipatok. Menyesal beli.,2024-09-15,Kualitas jauh di bawah harga yang dipatok. Menyesal beli.,Neutral
450,Thin-Jam Hex Nut 6,Victor Halim,victor.h@gmail.com,5,"Produk original, harga worth it. Teman-teman juga ikut beli.",2024-03-24,"Produk original, harga worth it. Teman-teman juga ikut beli.",Positive
451,Thin-Jam Hex Nut 3,Dina Marlina,dina.m@hotmail.com,4,"Sudah lama cari produk seperti ini, akhirnya ketemu yang tepat.",2024-04-05,"Sudah lama cari produk seperti ini, akhirnya ketemu yang tepat.",Positive
452,Thin-Jam Hex Nut 3,Dewi Rahayu,dewi.r@hotmail.com,3,"Kualitas standar, cocok untuk penggunaan sehari-hari biasa.",2024-03-30,"Kualitas standar, cocok untuk penggunaan sehari-hari biasa.",Positive
453,Thin-Jam Hex Nut 3,Oscar Halim,oscar.h@outlook.com,2,Barang tidak sesuai spesifikasi yang tertera. Kecewa!,2024-09-20,Barang tidak sesuai spesifikasi yang tertera. Kecewa!,Negative
454,Thin-Jam Hex Nut 3,Dedi Kurniawan,dedi.k@gmail.com,5,"Kualitas premium, material terasa solid dan tahan lama. Recommended!",2024-03-12,"Kualitas premium, material terasa solid dan tahan lama. Recommended!",Positive
455,Thin-Jam Hex Nut 3,Xander Pratama,xander.p@yahoo.com,5,"Produk sangat memuaskan, kualitas terjamin dan sesuai deskripsi!",2024-05-13,"Produk sangat memuaskan, kualitas terjamin dan sesuai deskripsi!",Positive
456,Thin-Jam Hex Nut 3,Lisa Maharani,lisa.m@hotmail.com,5,"Produk original, harga worth it. Teman-teman juga ikut beli.",2024-06-03,"Produk original, harga worth it. Teman-teman juga ikut beli.",Positive
457,Thin-Jam Hex Nut 3,Kiki Rahmat,kiki.r@gmail.com,3,"Tidak buruk, tidak terlalu bagus. Cukup untuk kebutuhan.",2024-11-30,"Tidak buruk, tidak terlalu bagus. Cukup untuk kebutuhan.",Neutral
458,Thin-Jam Hex Nut 3,Indra Setiawan,indra.s@gmail.com,3,"Lumayan bagus, tapi ada beberapa hal yang bisa diperbaiki.",2024-08-26,"Lumayan bagus, tapi ada beberapa hal yang bisa diperbaiki.",Positive
459,Thin-Jam Hex Nut 3,Bayu Wibowo,bayu.w@hotmail.com,5,"Sudah lama cari produk seperti ini, akhirnya ketemu yang tepat.",2024-03-01,"Sudah lama cari produk seperti ini, akhirnya ketemu yang tepat.",Positive
460,Thin-Jam Hex Nut 3,Rika Purnama,rika.p@hotmail.com,2,"Tidak tahan lama, baru dipakai beberapa kali sudah rusak.",2024-11-10,"Tidak tahan lama, baru dipakai beberapa kali sudah rusak.",Negative
461,Thin-Jam Hex Nut 4,Pandu Wicaksono,pandu.w@yahoo.com,5,Cocok banget untuk kebutuhan saya. Mantap dan terpercaya!,2024-03-19,Cocok banget untuk kebutuhan saya. Mantap dan terpercaya!,Positive
462,Thin-Jam Hex Nut 4,Umi Kalsum,umi.k@hotmail.com,3,Material oke tapi proses pemasangan agak tricky.,2024-12-25,Material oke tapi proses pemasangan agak tricky.,Positive
463,Thin-Jam Hex Nut 4,Gilang Saputra,gilang.s@yahoo.com,2,"Material terasa murahan, tidak sesuai foto di deskripsi.",2024-12-14,"Material terasa murahan, tidak sesuai foto di deskripsi.",Negative
464,Thin-Jam Hex Nut 4,Gema Saputra,gema.s@gmail.com,4,"Material berkualitas tinggi, pemasangan mudah. Sangat memuaskan.",2024-08-16,"Material berkualitas tinggi, pemasangan mudah. Sangat memuaskan.",Positive
465,Thin-Jam Hex Nut 4,Danu Setiawan,danu.s@gmail.com,3,"Lumayan bagus, tapi ada beberapa hal yang bisa diperbaiki.",2024-02-01,"Lumayan bagus, tapi ada beberapa hal yang bisa diperbaiki.",Positive
466,Thin-Jam Hex Nut 4,Gilang Saputra,gilang.s@yahoo.com,2,Kualitas jauh di bawah harga yang dipatok. Menyesal beli.,2024-03-25,Kualitas jauh di bawah harga yang dipatok. Menyesal beli.,Neutral
467,Thin-Jam Hex Nut 4,Dedi Kurniawan,dedi.k@outlook.com,2,Produk cepat rusak setelah pemakaian singkat. Tidak recommended.,2024-12-14,Produk cepat rusak setelah pemakaian singkat. Tidak recommended.,Negative
468,Thin-Jam Hex Nut 4,Niko Santoso,niko.s@outlook.com,3,"Lumayan bagus, tapi ada beberapa hal yang bisa diperbaiki.",2024-09-18,"Lumayan bagus, tapi ada beberapa hal yang bisa diperbaiki.",Positive
469,Thin-Jam Hex Nut 4,Teguh Prasetyo,teguh.p@outlook.com,3,"Sesuai deskripsi, tapi ekspektasi saya sedikit lebih tinggi.",2024-09-19,"Sesuai deskripsi, tapi ekspektasi saya sedikit lebih tinggi.",Positive
470,Thin-Jam Hex Nut 4,Pita Sari,pita.s@gmail.com,4,"Material berkualitas tinggi, pemasangan mudah. Sangat memuaskan.",2024-08-24,"Material berkualitas tinggi, pemasangan mudah. Sangat memuaskan.",Positive
471,Thin-Jam Hex Nut 13,Wawan Hermawan,wawan.h@gmail.com,3,Material oke tapi proses pemasangan agak tricky.,2024-05-10,Material oke tapi proses pemasangan agak tricky.,Positive
472,Thin-Jam Hex Nut 13,Budi Santoso,budi.s@gmail.com,3,Produk cukup oke untuk harga segini. Tidak ada yang istimewa.,2024-08-04,Produk cukup oke untuk harga segini. Tidak ada yang istimewa.,Neutral
473,Thin-Jam Hex Nut 13,Gita Permata,gita.p@gmail.com,3,"Lumayan bagus, tapi ada beberapa hal yang bisa diperbaiki.",2024-08-29,"Lumayan bagus, tapi ada beberapa hal yang bisa diperbaiki.",Positive
474,Thin-Jam Hex Nut 13,Reza Maulana,reza.m@yahoo.com,5,Kualitas jauh lebih baik dari yang saya bayangkan. Worth every rupiah!,2024-03-10,Kualitas jauh lebih baik dari yang saya bayangkan. Worth every rupiah!,Positive
475,Thin-Jam Hex Nut 13,Irma Susanti,irma.s@outlook.com,4,"Produk original, harga worth it. Teman-teman juga ikut beli.",2024-07-14,"Produk original, harga worth it. Teman-teman juga ikut beli.",Positive
476,Thin-Jam Hex Nut 13,Teguh Prasetyo,teguh.p@outlook.com,2,Barang tidak sesuai spesifikasi yang tertera. Kecewa!,2024-02-11,Barang tidak sesuai spesifikasi yang tertera. Kecewa!,Negative
477,Thin-Jam Hex Nut 13,Xena Putri,xena.p@yahoo.com,1,"Tidak tahan lama, baru dipakai beberapa kali sudah rusak.",2024-03-01,"Tidak tahan lama, baru dipakai beberapa kali sudah rusak.",Negative
478,Thin-Jam Hex Nut 13,Joko Purnomo,joko.p@outlook.com,1,Kualitas jauh di bawah harga yang dipatok. Menyesal beli.,2024-04-24,Kualitas jauh di bawah harga yang dipatok. Menyesal beli.,Neutral
479,Thin-Jam Hex Nut 13,Budi Santoso,budi.s@hotmail.com,3,"Cukup fungsional, meski ada beberapa kekurangan minor.",2024-12-10,"Cukup fungsional, meski ada beberapa kekurangan minor.",Negative
480,Thin-Jam Hex Nut 13,Candra Wijaya,candra.w@outlook.com,4,"Pas banget sama yang saya butuhkan, ukuran dan kualitas sesuai.",2024-05-06,"Pas banget sama yang saya butuhkan, ukuran dan kualitas sesuai.",Positive
481,Thin-Jam Hex Nut 14,Umi Kalsum,umi.k@hotmail.com,5,"Pas banget sama yang saya butuhkan, ukuran dan kualitas sesuai.",2024-02-27,"Pas banget sama yang saya butuhkan, ukuran dan kualitas sesuai.",Positive
482,Thin-Jam Hex Nut 14,Reza Maulana,reza.m@outlook.com,3,Produk cukup oke untuk harga segini. Tidak ada yang istimewa.,2024-05-03,Produk cukup oke untuk harga segini. Tidak ada yang istimewa.,Neutral
483,Thin-Jam Hex Nut 14,Niko Santoso,niko.s@gmail.com,5,Cocok banget untuk kebutuhan saya. Mantap dan terpercaya!,2024-11-02,Cocok banget untuk kebutuhan saya. Mantap dan terpercaya!,Positive
484,Thin-Jam Hex Nut 14,Wawan Hermawan,wawan.h@gmail.com,3,"Kualitas standar, cocok untuk penggunaan sehari-hari biasa.",2024-01-23,"Kualitas standar, cocok untuk penggunaan sehari-hari biasa.",Positive
485,Thin-Jam Hex Nut 14,Nela Puspita,nela.p@yahoo.com,4,Kualitas jauh lebih baik dari yang saya bayangkan. Worth every rupiah!,2024-01-29,Kualitas jauh lebih baik dari yang saya bayangkan. Worth every rupiah!,Positive
486,Thin-Jam Hex Nut 14,Eka Saputra,eka.s@hotmail.com,4,"Pas banget sama yang saya butuhkan, ukuran dan kualitas sesuai.",2024-10-21,"Pas banget sama yang saya butuhkan, ukuran dan kualitas sesuai.",Positive
487,Thin-Jam Hex Nut 14,Cici Rahayu,cici.r@hotmail.com,4,"Pas banget sama yang saya butuhkan, ukuran dan kualitas sesuai.",2024-06-03,"Pas banget sama yang saya butuhkan, ukuran dan kualitas sesuai.",Positive
488,Thin-Jam Hex Nut 14,Fani Wijayanti,fani.w@yahoo.com,1,Barang tidak sesuai spesifikasi yang tertera. Kecewa!,2024-06-02,Barang tidak sesuai spesifikasi yang tertera. Kecewa!,Negative
489,Thin-Jam Hex Nut 14,Winda Kurniawati,winda.k@yahoo.com,5,"Packaging rapi, produk mulus tidak ada cacat. Bintang 5 layak!",2024-12-13,"Packaging rapi, produk mulus tidak ada cacat. Bintang 5 layak!",Positive
490,Thin-Jam Hex Nut 14,Qira Wulandari,qira.w@gmail.com,4,"Produk original, harga worth it. Teman-teman juga ikut beli.",2024-11-25,"Produk original, harga worth it. Teman-teman juga ikut beli.",Positive
491,Thin-Jam Hex Nut 7,Vira Anggraeni,vira.a@hotmail.com,5,"Sudah lama cari produk seperti ini, akhirnya ketemu yang tepat.",2024-08-01,"Sudah lama cari produk seperti ini, akhirnya ketemu yang tepat.",Positive
492,Thin-Jam Hex Nut 7,Omar Siddiq,omar.s@outlook.com,5,"Kualitas premium, material terasa solid dan tahan lama. Recommended!",2024-10-02,"Kualitas premium, material terasa solid dan tahan lama. Recommended!",Positive
493,Thin-Jam Hex Nut 7,Wati Susanti,wati.s@yahoo.com,5,"Sudah pakai 3 bulan, tidak ada masalah sama sekali. Beli lagi!",2024-12-28,"Sudah pakai 3 bulan, tidak ada masalah sama sekali. Beli lagi!",Neutral
494,Thin-Jam Hex Nut 7,Fani Wijayanti,fani.w@gmail.com,3,Material oke tapi proses pemasangan agak tricky.,2024-08-01,Material oke tapi proses pemasangan agak tricky.,Positive
495,Thin-Jam Hex Nut 7,Hilda Wahyuni,hilda.w@outlook.com,4,"Pas banget sama yang saya butuhkan, ukuran dan kualitas sesuai.",2024-05-10,"Pas banget sama yang saya butuhkan, ukuran dan kualitas sesuai.",Positive
496,Thin-Jam Hex Nut 7,Niko Santoso,niko.s@gmail.com,5,Cocok banget untuk kebutuhan saya. Mantap dan terpercaya!,2024-07-08,Cocok banget untuk kebutuhan saya. Mantap dan terpercaya!,Positive
497,Thin-Jam Hex Nut 7,Nanda Kurnia,nanda.k@yahoo.com,4,"Produk sangat memuaskan, kualitas terjamin dan sesuai deskripsi!",2024-05-17,"Produk sangat memuaskan, kualitas terjamin dan sesuai deskripsi!",Positive
498,Thin-Jam Hex Nut 7,Kevin Pratama,kevin.p@gmail.com,3,"Lumayan bagus, tapi ada beberapa hal yang bisa diperbaiki.",2024-04-06,"Lumayan bagus, tapi ada beberapa hal yang bisa diperbaiki.",Positive
499,Thin-Jam Hex Nut 7,Hendra Kurnia,hendra.k@yahoo.com,4,Cocok banget untuk kebutuhan saya. Mantap dan terpercaya!,2024-04-16,Cocok banget untuk kebutuhan saya. Mantap dan terpercaya!,Positive
500,Thin-Jam Hex Nut 7,Evi Susanti,evi.s@gmail.com,5,"Pas banget sama yang saya butuhkan, ukuran dan kualitas sesuai.",2024-04-07,"Pas banget sama yang saya butuhkan, ukuran dan kualitas sesuai.",Positive
501,Thin-Jam Hex Nut 8,Edo Prasetyo,edo.p@outlook.com,5,"Pas banget sama yang saya butuhkan, ukuran dan kualitas sesuai.",2024-12-22,"Pas banget sama yang saya butuhkan, ukuran dan kualitas sesuai.",Positive
502,Thin-Jam Hex Nut 8,Nina Kartika,nina.k@outlook.com,3,"Kualitas standar, cocok untuk penggunaan sehari-hari biasa.",2024-10-09,"Kualitas standar, cocok untuk penggunaan sehari-hari biasa.",Positive
503,Thin-Jam Hex Nut 8,Dedi Kurniawan,dedi.k@outlook.com,3,"Cukup fungsional, meski ada beberapa kekurangan minor.",2024-09-30,"Cukup fungsional, meski ada beberapa kekurangan minor.",Negative
504,Thin-Jam Hex Nut 8,Tasya Maharani,tasya.m@hotmail.com,5,"Produk original, harga worth it. Teman-teman juga ikut beli.",2024-09-19,"Produk original, harga worth it. Teman-teman juga ikut beli.",Positive
505,Thin-Jam Hex Nut 8,Zulfa Aulia,zulfa.a@outlook.com,4,Kualitas jauh lebih baik dari yang saya bayangkan. Worth every rupiah!,2024-06-12,Kualitas jauh lebih baik dari yang saya bayangkan. Worth every rupiah!,Positive
506,Thin-Jam Hex Nut 8,Niko Santoso,niko.s@outlook.com,5,"Produk sangat memuaskan, kualitas terjamin dan sesuai deskripsi!",2024-10-15,"Produk sangat memuaskan, kualitas terjamin dan sesuai deskripsi!",Positive
507,Thin-Jam Hex Nut 8,Pandu Wicaksono,pandu.w@gmail.com,3,"Tidak buruk, tidak terlalu bagus. Cukup untuk kebutuhan.",2024-10-10,"Tidak buruk, tidak terlalu bagus. Cukup untuk kebutuhan.",Neutral
508,Thin-Jam Hex Nut 8,Kiki Rahmat,kiki.r@outlook.com,4,"Sudah pakai 3 bulan, tidak ada masalah sama sekali. Beli lagi!",2024-03-19,"Sudah pakai 3 bulan, tidak ada masalah sama sekali. Beli lagi!",Neutral
509,Thin-Jam Hex Nut 8,Mira Handayani,mira.h@outlook.com,5,Best purchase ever! Produk ini benar-benar memenuhi semua kebutuhan saya.,2024-05-05,Best purchase ever! Produk ini benar-benar memenuhi semua kebutuhan saya.,Positive
510,Thin-Jam Hex Nut 8,Zulfa Aulia,zulfa.a@hotmail.com,4,"Sudah pakai 3 bulan, tidak ada masalah sama sekali. Beli lagi!",2024-09-07,"Sudah pakai 3 bulan, tidak ada masalah sama sekali. Beli lagi!",Neutral
511,Thin-Jam Hex Nut 12,Candra Wijaya,candra.w@outlook.com,4,Cocok banget untuk kebutuhan saya. Mantap dan terpercaya!,2024-03-27,Cocok banget untuk kebutuhan saya. Mantap dan terpercaya!,Positive
512,Thin-Jam Hex Nut 12,Dina Marlina,dina.m@yahoo.com,3,"Sesuai deskripsi, tapi ekspektasi saya sedikit lebih tinggi.",2024-10-06,"Sesuai deskripsi, tapi ekspektasi saya sedikit lebih tinggi.",Positive
513,Thin-Jam Hex Nut 12,Yeni Rahma,yeni.r@gmail.com,5,"Material berkualitas tinggi, pemasangan mudah. Sangat memuaskan.",2024-01-18,"Material berkualitas tinggi, pemasangan mudah. Sangat memuaskan.",Positive
514,Thin-Jam Hex Nut 12,Maya Putri,maya.p@gmail.com,2,"Kecewa dengan kualitasnya, tidak sesuai ekspektasi sama sekali.",2024-07-30,"Kecewa dengan kualitasnya, tidak sesuai ekspektasi sama sekali.",Negative
515,Thin-Jam Hex Nut 12,Eka Saputra,eka.s@yahoo.com,3,"Lumayan bagus, tapi ada beberapa hal yang bisa diperbaiki.",2024-12-28,"Lumayan bagus, tapi ada beberapa hal yang bisa diperbaiki.",Positive
516,Thin-Jam Hex Nut 12,Gilang Ramadhan,gilang.r@outlook.com,5,"Produk original, harga worth it. Teman-teman juga ikut beli.",2024-01-31,"Produk original, harga worth it. Teman-teman juga ikut beli.",Positive
517,Thin-Jam Hex Nut 12,Putri Ayu,putri.a@outlook.com,4,"Packaging rapi, produk mulus tidak ada cacat. Bintang 5 layak!",2024-09-06,"Packaging rapi, produk mulus tidak ada cacat. Bintang 5 layak!",Positive
518,Thin-Jam Hex Nut 12,Andi Pratama,andi.p@outlook.com,5,"Produk sangat memuaskan, kualitas terjamin dan sesuai deskripsi!",2024-01-09,"Produk sangat memuaskan, kualitas terjamin dan sesuai deskripsi!",Positive
519,Thin-Jam Hex Nut 12,Danu Setiawan,danu.s@hotmail.com,3,Produk cukup oke untuk harga segini. Tidak ada yang istimewa.,2024-09-14,Produk cukup oke untuk harga segini. Tidak ada yang istimewa.,Neutral
520,Thin-Jam Hex Nut 12,Zaki Mubarak,zaki.m@yahoo.com,3,"Lumayan bagus, tapi ada beberapa hal yang bisa diperbaiki.",2024-02-19,"Lumayan bagus, tapi ada beberapa hal yang bisa diperbaiki.",Positive
521,Thin-Jam Hex Nut 11,Danu Setiawan,danu.s@yahoo.com,5,Best purchase ever! Produk ini benar-benar memenuhi semua kebutuhan saya.,2024-09-26,Best purchase ever! Produk ini benar-benar memenuhi semua kebutuhan saya.,Positive
522,Thin-Jam Hex Nut 11,Tegar Prasetyo,tegar.p@hotmail.com,3,Material oke tapi proses pemasangan agak tricky.,2024-02-10,Material oke tapi proses pemasangan agak tricky.,Positive
523,Thin-Jam Hex Nut 11,Julia Anggraini,julia.a@outlook.com,1,"Material terasa murahan, tidak sesuai foto di deskripsi.",2024-12-22,"Material terasa murahan, tidak sesuai foto di deskripsi.",Negative
524,Thin-Jam Hex Nut 11,Pandu Wicaksono,pandu.w@gmail.com,5,"Packaging rapi, produk mulus tidak ada cacat. Bintang 5 layak!",2024-11-28,"Packaging rapi, produk mulus tidak ada cacat. Bintang 5 layak!",Positive
525,Thin-Jam Hex Nut 11,Hendra Kurnia,hendra.k@outlook.com,5,Tidak menyesal beli produk ini. Kualitasnya jauh melebihi ekspektasi.,2024-07-12,Tidak menyesal beli produk ini. Kualitasnya jauh melebihi ekspektasi.,Positive
526,Thin-Jam Hex Nut 11,Gilang Saputra,gilang.s@gmail.com,4,"Sudah lama cari produk seperti ini, akhirnya ketemu yang tepat.",2024-03-28,"Sudah lama cari produk seperti ini, akhirnya ketemu yang tepat.",Positive
527,Thin-Jam Hex Nut 11,Rizki Hamdani,rizki.h@outlook.com,4,"Packaging rapi, produk mulus tidak ada cacat. Bintang 5 layak!",2024-06-18,"Packaging rapi, produk mulus tidak ada cacat. Bintang 5 layak!",Positive
528,Thin-Jam Hex Nut 11,Ivan Kurniawan,ivan.k@gmail.com,1,"Kecewa dengan kualitasnya, tidak sesuai ekspektasi sama sekali.",2024-04-27,"Kecewa dengan kualitasnya, tidak sesuai ekspektasi sama sekali.",Negative
529,Thin-Jam Hex Nut 11,Ola Puspita,ola.p@outlook.com,2,Pemasangan sangat susah dan hasilnya tidak memuaskan.,2024-01-24,Pemasangan sangat susah dan hasilnya tidak memuaskan.,Negative
530,Thin-Jam Hex Nut 11,Maya Putri,maya.p@hotmail.com,3,Produk cukup oke untuk harga segini. Tidak ada yang istimewa.,2024-04-01,Produk cukup oke untuk harga segini. Tidak ada yang istimewa.,Neutral
531,Hex Nut 5,Cici Rahayu,cici.r@yahoo.com,5,Best purchase ever! Produk ini benar-benar memenuhi semua kebutuhan saya.,2024-03-14,Best purchase ever! Produk ini benar-benar memenuhi semua kebutuhan saya.,Positive
532,Hex Nut 5,Gema Saputra,gema.s@outlook.com,3,"Lumayan bagus, tapi ada beberapa hal yang bisa diperbaiki.",2024-06-02,"Lumayan bagus, tapi ada beberapa hal yang bisa diperbaiki.",Positive
533,Hex Nut 5,Hani Pertiwi,hani.p@outlook.com,4,"Packaging rapi, produk mulus tidak ada cacat. Bintang 5 layak!",2024-10-03,"Packaging rapi, produk mulus tidak ada cacat. Bintang 5 layak!",Positive
534,Hex Nut 5,Evi Susanti,evi.s@yahoo.com,5,Kualitas jauh lebih baik dari yang saya bayangkan. Worth every rupiah!,2024-12-18,Kualitas jauh lebih baik dari yang saya bayangkan. Worth every rupiah!,Positive
535,Hex Nut 5,Candra Wijaya,candra.w@hotmail.com,5,"Produk sangat memuaskan, kualitas terjamin dan sesuai deskripsi!",2024-02-20,"Produk sangat memuaskan, kualitas terjamin dan sesuai deskripsi!",Positive
536,Hex Nut 5,Rio Fernanda,rio.f@gmail.com,5,"Produk original, harga worth it. Teman-teman juga ikut beli.",2024-11-05,"Produk original, harga worth it. Teman-teman juga ikut beli.",Positive
537,Hex Nut 5,Irma Susanti,irma.s@outlook.com,4,Kualitas jauh lebih baik dari yang saya bayangkan. Worth every rupiah!,2024-06-16,Kualitas jauh lebih baik dari yang saya bayangkan. Worth every rupiah!,Positive
538,Hex Nut 5,Siti Nurhaliza,siti.n@outlook.com,4,Cocok banget untuk kebutuhan saya. Mantap dan terpercaya!,2024-04-26,Cocok banget untuk kebutuhan saya. Mantap dan terpercaya!,Positive
539,Hex Nut 5,Hafiz Ramadhan,hafiz.r@outlook.com,4,Tidak menyesal beli produk ini. Kualitasnya jauh melebihi ekspektasi.,2024-04-05,Tidak menyesal beli produk ini. Kualitasnya jauh melebihi ekspektasi.,Positive
540,Hex Nut 5,Xena Putri,xena.p@outlook.com,4,"Barang bagus, pengiriman cepat. Sangat puas dengan pembelian ini.",2024-11-12,"Barang bagus, pengiriman cepat. Sangat puas dengan pembelian ini.",Positive
541,Hex Nut 6,Zahra Amini,zahra.a@gmail.com,3,"Lumayan bagus, tapi ada beberapa hal yang bisa diperbaiki.",2024-05-17,"Lumayan bagus, tapi ada beberapa hal yang bisa diperbaiki.",Positive
542,Hex Nut 6,Gilang Ramadhan,gilang.r@yahoo.com,5,"Sudah lama cari produk seperti ini, akhirnya ketemu yang tepat.",2024-07-18,"Sudah lama cari produk seperti ini, akhirnya ketemu yang tepat.",Positive
543,Hex Nut 6,Cici Rahayu,cici.r@gmail.com,5,"Produk sangat memuaskan, kualitas terjamin dan sesuai deskripsi!",2024-06-06,"Produk sangat memuaskan, kualitas terjamin dan sesuai deskripsi!",Positive
544,Hex Nut 6,Sari Dewi,sari.d@hotmail.com,5,"Barang bagus, pengiriman cepat. Sangat puas dengan pembelian ini.",2024-03-08,"Barang bagus, pengiriman cepat. Sangat puas dengan pembelian ini.",Positive
545,Hex Nut 6,Nanda Kurnia,nanda.k@outlook.com,5,"Material berkualitas tinggi, pemasangan mudah. Sangat memuaskan.",2024-10-11,"Material berkualitas tinggi, pemasangan mudah. Sangat memuaskan.",Positive
546,Hex Nut 6,Bintang Nugraha,bintang.n@gmail.com,4,"Barang bagus, pengiriman cepat. Sangat puas dengan pembelian ini.",2024-06-30,"Barang bagus, pengiriman cepat. Sangat puas dengan pembelian ini.",Positive
547,Hex Nut 6,Gilang Saputra,gilang.s@hotmail.com,5,Tidak menyesal beli produk ini. Kualitasnya jauh melebihi ekspektasi.,2024-01-07,Tidak menyesal beli produk ini. Kualitasnya jauh melebihi ekspektasi.,Positive
548,Hex Nut 6,Zahra Amini,zahra.a@gmail.com,4,"Sudah lama cari produk seperti ini, akhirnya ketemu yang tepat.",2024-10-13,"Sudah lama cari produk seperti ini, akhirnya ketemu yang tepat.",Positive
549,Hex Nut 6,Salsa Nabila,salsa.n@yahoo.com,4,"Packaging rapi, produk mulus tidak ada cacat. Bintang 5 layak!",2024-07-13,"Packaging rapi, produk mulus tidak ada cacat. Bintang 5 layak!",Positive
550,Hex Nut 6,Irwan Saputro,irwan.s@hotmail.com,5,"Sudah pakai 3 bulan, tidak ada masalah sama sekali. Beli lagi!",2024-09-09,"Sudah pakai 3 bulan, tidak ada masalah sama sekali. Beli lagi!",Neutral
551,Hex Nut 16,Fani Wijayanti,fani.w@outlook.com,5,"Sudah pakai 3 bulan, tidak ada masalah sama sekali. Beli lagi!",2024-08-03,"Sudah pakai 3 bulan, tidak ada masalah sama sekali. Beli lagi!",Neutral
552,Hex Nut 16,Agus Salim,agus.s@gmail.com,4,"Produk original, harga worth it. Teman-teman juga ikut beli.",2024-05-08,"Produk original, harga worth it. Teman-teman juga ikut beli.",Positive
553,Hex Nut 16,Salsa Nabila,salsa.n@outlook.com,3,"Kualitas standar, cocok untuk penggunaan sehari-hari biasa.",2024-08-22,"Kualitas standar, cocok untuk penggunaan sehari-hari biasa.",Positive
554,Hex Nut 16,Yuni Astuti,yuni.a@gmail.com,5,Tidak menyesal beli produk ini. Kualitasnya jauh melebihi ekspektasi.,2024-06-19,Tidak menyesal beli produk ini. Kualitasnya jauh melebihi ekspektasi.,Positive
555,Hex Nut 16,Putri Ayu,putri.a@hotmail.com,5,Cocok banget untuk kebutuhan saya. Mantap dan terpercaya!,2024-06-20,Cocok banget untuk kebutuhan saya. Mantap dan terpercaya!,Positive
556,Hex Nut 16,Rio Fernanda,rio.f@yahoo.com,3,"Tidak buruk, tidak terlalu bagus. Cukup untuk kebutuhan.",2024-06-13,"Tidak buruk, tidak terlalu bagus. Cukup untuk kebutuhan.",Neutral
557,Hex Nut 16,Nina Kartika,nina.k@yahoo.com,2,Kualitas kontrol perlu ditingkatkan. Produk cacat saat datang.,2024-06-09,Kualitas kontrol perlu ditingkatkan. Produk cacat saat datang.,Negative
558,Hex Nut 16,Joko Purnomo,joko.p@hotmail.com,1,Pemasangan sangat susah dan hasilnya tidak memuaskan.,2024-12-21,Pemasangan sangat susah dan hasilnya tidak memuaskan.,Negative
559,Hex Nut 16,Rika Purnama,rika.p@yahoo.com,4,"Produk original, harga worth it. Teman-teman juga ikut beli.",2024-07-11,"Produk original, harga worth it. Teman-teman juga ikut beli.",Positive
560,Hex Nut 16,Winda Kurniawati,winda.k@outlook.com,3,"Biasa saja, tapi harga terjangkau jadi tidak terlalu kecewa.",2024-02-28,"Biasa saja, tapi harga terjangkau jadi tidak terlalu kecewa.",Negative
561,Hex Nut 17,Ivan Kurniawan,ivan.k@yahoo.com,5,"Packaging rapi, produk mulus tidak ada cacat. Bintang 5 layak!",2024-10-08,"Packaging rapi, produk mulus tidak ada cacat. Bintang 5 layak!",Positive
562,Hex Nut 17,Siti Nurhaliza,siti.n@outlook.com,1,"Material terasa murahan, tidak sesuai foto di deskripsi.",2024-08-12,"Material terasa murahan, tidak sesuai foto di deskripsi.",Negative
563,Hex Nut 17,Zahra Amini,zahra.a@gmail.com,3,Material oke tapi proses pemasangan agak tricky.,2024-12-10,Material oke tapi proses pemasangan agak tricky.,Positive
564,Hex Nut 17,Zulfa Aulia,zulfa.a@hotmail.com,5,"Pas banget sama yang saya butuhkan, ukuran dan kualitas sesuai.",2024-05-09,"Pas banget sama yang saya butuhkan, ukuran dan kualitas sesuai.",Positive
565,Hex Nut 17,Udin Setiawan,udin.s@outlook.com,5,Kualitas jauh lebih baik dari yang saya bayangkan. Worth every rupiah!,2024-07-12,Kualitas jauh lebih baik dari yang saya bayangkan. Worth every rupiah!,Positive
566,Hex Nut 17,Maya Putri,maya.p@outlook.com,4,Best purchase ever! Produk ini benar-benar memenuhi semua kebutuhan saya.,2024-07-24,Best purchase ever! Produk ini benar-benar memenuhi semua kebutuhan saya.,Positive
567,Hex Nut 17,Elsa Purnama,elsa.p@outlook.com,4,"Material berkualitas tinggi, pemasangan mudah. Sangat memuaskan.",2024-01-19,"Material berkualitas tinggi, pemasangan mudah. Sangat memuaskan.",Positive
568,Hex Nut 17,Indra Setiawan,indra.s@gmail.com,3,"Lumayan bagus, tapi ada beberapa hal yang bisa diperbaiki.",2024-05-07,"Lumayan bagus, tapi ada beberapa hal yang bisa diperbaiki.",Positive
569,Hex Nut 17,Udin Setiawan,udin.s@yahoo.com,3,Produk cukup oke untuk harga segini. Tidak ada yang istimewa.,2024-10-15,Produk cukup oke untuk harga segini. Tidak ada yang istimewa.,Neutral
570,Hex Nut 17,Sandro Putra,sandro.p@outlook.com,3,"Biasa saja, tapi harga terjangkau jadi tidak terlalu kecewa.",2024-08-08,"Biasa saja, tapi harga terjangkau jadi tidak terlalu kecewa.",Negative
571,Hex Nut 7,Yuni Astuti,yuni.a@hotmail.com,5,"Pas banget sama yang saya butuhkan, ukuran dan kualitas sesuai.",2024-09-18,"Pas banget sama yang saya butuhkan, ukuran dan kualitas sesuai.",Positive
572,Hex Nut 7,Fira Ramadhani,fira.r@yahoo.com,4,Cocok banget untuk kebutuhan saya. Mantap dan terpercaya!,2024-07-10,Cocok banget untuk kebutuhan saya. Mantap dan terpercaya!,Positive
573,Hex Nut 7,Mansur Wahyudi,mansur.w@yahoo.com,4,"Produk original, harga worth it. Teman-teman juga ikut beli.",2024-01-13,"Produk original, harga worth it. Teman-teman juga ikut beli.",Positive
574,Hex Nut 7,Xander Pratama,xander.p@outlook.com,5,"Barang bagus, pengiriman cepat. Sangat puas dengan pembelian ini.",2024-02-29,"Barang bagus, pengiriman cepat. Sangat puas dengan pembelian ini.",Positive
575,Hex Nut 7,Dina Marlina,dina.m@hotmail.com,5,"Produk original, harga worth it. Teman-teman juga ikut beli.",2024-08-21,"Produk original, harga worth it. Teman-teman juga ikut beli.",Positive
576,Hex Nut 7,Niko Santoso,niko.s@hotmail.com,4,Cocok banget untuk kebutuhan saya. Mantap dan terpercaya!,2024-02-19,Cocok banget untuk kebutuhan saya. Mantap dan terpercaya!,Positive
577,Hex Nut 7,Sari Dewi,sari.d@outlook.com,3,"Biasa saja, tapi harga terjangkau jadi tidak terlalu kecewa.",2024-02-04,"Biasa saja, tapi harga terjangkau jadi tidak terlalu kecewa.",Negative
578,Hex Nut 7,Agus Salim,agus.s@gmail.com,5,"Produk sangat memuaskan, kualitas terjamin dan sesuai deskripsi!",2024-06-24,"Produk sangat memuaskan, kualitas terjamin dan sesuai deskripsi!",Positive
579,Hex Nut 7,Sandro Putra,sandro.p@yahoo.com,5,"Sudah lama cari produk seperti ini, akhirnya ketemu yang tepat.",2024-05-04,"Sudah lama cari produk seperti ini, akhirnya ketemu yang tepat.",Positive
580,Hex Nut 7,Cinta Melati,cinta.m@yahoo.com,5,"Produk original, harga worth it. Teman-teman juga ikut beli.",2024-10-13,"Produk original, harga worth it. Teman-teman juga ikut beli.",Positive
581,Hex Nut 8,Qira Wulandari,qira.w@yahoo.com,1,Barang tidak sesuai spesifikasi yang tertera. Kecewa!,2024-11-18,Barang tidak sesuai spesifikasi yang tertera. Kecewa!,Negative
582,Hex Nut 8,Kartika Sari,kartika.s@outlook.com,5,Tidak menyesal beli produk ini. Kualitasnya jauh melebihi ekspektasi.,2024-01-15,Tidak menyesal beli produk ini. Kualitasnya jauh melebihi ekspektasi.,Positive
583,Hex Nut 8,Edo Prasetyo,edo.p@yahoo.com,4,Cocok banget untuk kebutuhan saya. Mantap dan terpercaya!,2024-10-30,Cocok banget untuk kebutuhan saya. Mantap dan terpercaya!,Positive
584,Hex Nut 8,Qira Wulandari,qira.w@yahoo.com,5,"Pas banget sama yang saya butuhkan, ukuran dan kualitas sesuai.",2024-05-22,"Pas banget sama yang saya butuhkan, ukuran dan kualitas sesuai.",Positive
585,Hex Nut 8,Gema Saputra,gema.s@gmail.com,3,"Lumayan bagus, tapi ada beberapa hal yang bisa diperbaiki.",2024-10-01,"Lumayan bagus, tapi ada beberapa hal yang bisa diperbaiki.",Positive
586,Hex Nut 8,Kartika Sari,kartika.s@yahoo.com,5,Cocok banget untuk kebutuhan saya. Mantap dan terpercaya!,2024-02-28,Cocok banget untuk kebutuhan saya. Mantap dan terpercaya!,Positive
587,Hex Nut 8,Ulfa Rohmah,ulfa.r@outlook.com,3,"Biasa saja, tapi harga terjangkau jadi tidak terlalu kecewa.",2024-11-01,"Biasa saja, tapi harga terjangkau jadi tidak terlalu kecewa.",Negative
588,Hex Nut 8,Lisa Maharani,lisa.m@gmail.com,4,"Produk original, harga worth it. Teman-teman juga ikut beli.",2024-06-29,"Produk original, harga worth it. Teman-teman juga ikut beli.",Positive
589,Hex Nut 8,Umi Kalsum,umi.k@hotmail.com,4,Best purchase ever! Produk ini benar-benar memenuhi semua kebutuhan saya.,2024-10-29,Best purchase ever! Produk ini benar-benar memenuhi semua kebutuhan saya.,Positive
590,Hex Nut 8,Rizki Hamdani,rizki.h@hotmail.com,3,"Lumayan bagus, tapi ada beberapa hal yang bisa diperbaiki.",2024-05-02,"Lumayan bagus, tapi ada beberapa hal yang bisa diperbaiki.",Positive
591,Hex Nut 9,Bayu Wibowo,bayu.w@hotmail.com,5,"Sudah lama cari produk seperti ini, akhirnya ketemu yang tepat.",2024-03-13,"Sudah lama cari produk seperti ini, akhirnya ketemu yang tepat.",Positive
592,Hex Nut 9,Bintang Nugraha,bintang.n@yahoo.com,5,Best purchase ever! Produk ini benar-benar memenuhi semua kebutuhan saya.,2024-07-15,Best purchase ever! Produk ini benar-benar memenuhi semua kebutuhan saya.,Positive
593,Hex Nut 9,Qira Wulandari,qira.w@yahoo.com,5,"Material berkualitas tinggi, pemasangan mudah. Sangat memuaskan.",2024-03-26,"Material berkualitas tinggi, pemasangan mudah. Sangat memuaskan.",Positive
594,Hex Nut 9,Yeni Rahma,yeni.r@yahoo.com,5,"Produk original, harga worth it. Teman-teman juga ikut beli.",2024-08-18,"Produk original, harga worth it. Teman-teman juga ikut beli.",Positive
595,Hex Nut 9,Putri Ayu,putri.a@hotmail.com,5,"Produk sangat memuaskan, kualitas terjamin dan sesuai deskripsi!",2024-09-05,"Produk sangat memuaskan, kualitas terjamin dan sesuai deskripsi!",Positive
596,Hex Nut 9,Eka Saputra,eka.s@outlook.com,5,"Material berkualitas tinggi, pemasangan mudah. Sangat memuaskan.",2024-09-15,"Material berkualitas tinggi, pemasangan mudah. Sangat memuaskan.",Positive
597,Hex Nut 9,Tasya Maharani,tasya.m@outlook.com,4,Tidak menyesal beli produk ini. Kualitasnya jauh melebihi ekspektasi.,2024-12-29,Tidak menyesal beli produk ini. Kualitasnya jauh melebihi ekspektasi.,Positive
598,Hex Nut 9,Sari Dewi,sari.d@gmail.com,4,Best purchase ever! Produk ini benar-benar memenuhi semua kebutuhan saya.,2024-01-16,Best purchase ever! Produk ini benar-benar memenuhi semua kebutuhan saya.,Positive
599,Hex Nut 9,Hendra Kurnia,hendra.k@gmail.com,5,"Sudah pakai 3 bulan, tidak ada masalah sama sekali. Beli lagi!",2024-04-25,"Sudah pakai 3 bulan, tidak ada masalah sama sekali. Beli lagi!",Neutral
600,Hex Nut 9,Elsa Purnama,elsa.p@outlook.com,5,Best purchase ever! Produk ini benar-benar memenuhi semua kebutuhan saya.,2024-09-10,Best purchase ever! Produk ini benar-benar memenuhi semua kebutuhan saya.,Positive
601,Hex Nut 22,Gilang Saputra,gilang.s@gmail.com,4,"Sudah pakai 3 bulan, tidak ada masalah sama sekali. Beli lagi!",2024-10-05,"Sudah pakai 3 bulan, tidak ada masalah sama sekali. Beli lagi!",Neutral
602,Hex Nut 22,Indra Setiawan,indra.s@gmail.com,4,Kualitas jauh lebih baik dari yang saya bayangkan. Worth every rupiah!,2024-08-13,Kualitas jauh lebih baik dari yang saya bayangkan. Worth every rupiah!,Positive
603,Hex Nut 22,Fauzan Hidayat,fauzan.h@outlook.com,5,"Barang bagus, pengiriman cepat. Sangat puas dengan pembelian ini.",2024-11-30,"Barang bagus, pengiriman cepat. Sangat puas dengan pembelian ini.",Positive
604,Hex Nut 22,Gema Saputra,gema.s@gmail.com,5,Cocok banget untuk kebutuhan saya. Mantap dan terpercaya!,2024-05-14,Cocok banget untuk kebutuhan saya. Mantap dan terpercaya!,Positive
605,Hex Nut 22,Gita Permata,gita.p@gmail.com,2,Kualitas kontrol perlu ditingkatkan. Produk cacat saat datang.,2024-03-01,Kualitas kontrol perlu ditingkatkan. Produk cacat saat datang.,Negative
606,Hex Nut 22,Joko Widodo,joko.w@yahoo.com,3,"Biasa saja, tapi harga terjangkau jadi tidak terlalu kecewa.",2024-12-29,"Biasa saja, tapi harga terjangkau jadi tidak terlalu kecewa.",Negative
607,Hex Nut 22,Oscar Halim,oscar.h@yahoo.com,4,Best purchase ever! Produk ini benar-benar memenuhi semua kebutuhan saya.,2024-03-12,Best purchase ever! Produk ini benar-benar memenuhi semua kebutuhan saya.,Positive
608,Hex Nut 22,Niko Santoso,niko.s@gmail.com,3,"Biasa saja, tapi harga terjangkau jadi tidak terlalu kecewa.",2024-09-29,"Biasa saja, tapi harga terjangkau jadi tidak terlalu kecewa.",Negative
609,Hex Nut 22,Winda Kurniawati,winda.k@yahoo.com,4,"Produk original, harga worth it. Teman-teman juga ikut beli.",2024-12-26,"Produk original, harga worth it. Teman-teman juga ikut beli.",Positive
610,Hex Nut 22,Zahra Amini,zahra.a@hotmail.com,5,"Material berkualitas tinggi, pemasangan mudah. Sangat memuaskan.",2024-12-13,"Material berkualitas tinggi, pemasangan mudah. Sangat memuaskan.",Positive
611,Hex Nut 23,Taufik Hidayat,taufik.h@outlook.com,5,"Produk sangat memuaskan, kualitas terjamin dan sesuai deskripsi!",2024-05-21,"Produk sangat memuaskan, kualitas terjamin dan sesuai deskripsi!",Positive
612,Hex Nut 23,Tasya Maharani,tasya.m@yahoo.com,5,"Pas banget sama yang saya butuhkan, ukuran dan kualitas sesuai.",2024-03-15,"Pas banget sama yang saya butuhkan, ukuran dan kualitas sesuai.",Positive
613,Hex Nut 23,Bella Anggraini,bella.a@yahoo.com,5,Kualitas jauh lebih baik dari yang saya bayangkan. Worth every rupiah!,2024-12-12,Kualitas jauh lebih baik dari yang saya bayangkan. Worth every rupiah!,Positive
614,Hex Nut 23,Mansur Wahyudi,mansur.w@hotmail.com,4,"Packaging rapi, produk mulus tidak ada cacat. Bintang 5 layak!",2024-07-31,"Packaging rapi, produk mulus tidak ada cacat. Bintang 5 layak!",Positive
615,Hex Nut 23,Kevin Pratama,kevin.p@gmail.com,4,Tidak menyesal beli produk ini. Kualitasnya jauh melebihi ekspektasi.,2024-09-20,Tidak menyesal beli produk ini. Kualitasnya jauh melebihi ekspektasi.,Positive
616,Hex Nut 23,Fira Ramadhani,fira.r@hotmail.com,5,Cocok banget untuk kebutuhan saya. Mantap dan terpercaya!,2024-09-06,Cocok banget untuk kebutuhan saya. Mantap dan terpercaya!,Positive
617,Hex Nut 23,Dedi Kurniawan,dedi.k@gmail.com,4,"Sudah lama cari produk seperti ini, akhirnya ketemu yang tepat.",2024-08-22,"Sudah lama cari produk seperti ini, akhirnya ketemu yang tepat.",Positive
618,Hex Nut 23,Rika Purnama,rika.p@hotmail.com,3,"Lumayan bagus, tapi ada beberapa hal yang bisa diperbaiki.",2024-09-30,"Lumayan bagus, tapi ada beberapa hal yang bisa diperbaiki.",Positive
619,Hex Nut 23,Mansur Wahyudi,mansur.w@outlook.com,5,"Pas banget sama yang saya butuhkan, ukuran dan kualitas sesuai.",2024-09-10,"Pas banget sama yang saya butuhkan, ukuran dan kualitas sesuai.",Positive
620,Hex Nut 23,Vino Pratama,vino.p@hotmail.com,5,"Produk original, harga worth it. Teman-teman juga ikut beli.",2024-10-07,"Produk original, harga worth it. Teman-teman juga ikut beli.",Positive
621,Hex Nut 12,Jaka Samudra,jaka.s@outlook.com,5,Kualitas jauh lebih baik dari yang saya bayangkan. Worth every rupiah!,2024-06-24,Kualitas jauh lebih baik dari yang saya bayangkan. Worth every rupiah!,Positive
622,Hex Nut 12,Xena Putri,xena.p@gmail.com,3,"Lumayan bagus, tapi ada beberapa hal yang bisa diperbaiki.",2024-11-16,"Lumayan bagus, tapi ada beberapa hal yang bisa diperbaiki.",Positive
623,Hex Nut 12,Umi Kalsum,umi.k@yahoo.com,5,Cocok banget untuk kebutuhan saya. Mantap dan terpercaya!,2024-08-21,Cocok banget untuk kebutuhan saya. Mantap dan terpercaya!,Positive
624,Hex Nut 12,Budi Santoso,budi.s@outlook.com,1,"Material terasa murahan, tidak sesuai foto di deskripsi.",2024-12-18,"Material terasa murahan, tidak sesuai foto di deskripsi.",Negative
625,Hex Nut 12,Doni Firmansyah,doni.f@hotmail.com,2,Kualitas jauh di bawah harga yang dipatok. Menyesal beli.,2024-05-20,Kualitas jauh di bawah harga yang dipatok. Menyesal beli.,Neutral
626,Hex Nut 12,Nanda Kurnia,nanda.k@hotmail.com,3,"Lumayan bagus, tapi ada beberapa hal yang bisa diperbaiki.",2024-07-09,"Lumayan bagus, tapi ada beberapa hal yang bisa diperbaiki.",Positive
627,Hex Nut 12,Vira Anggraeni,vira.a@yahoo.com,2,"Kecewa dengan kualitasnya, tidak sesuai ekspektasi sama sekali.",2024-07-21,"Kecewa dengan kualitasnya, tidak sesuai ekspektasi sama sekali.",Negative
628,Hex Nut 12,Qais Ramadhan,qais.r@yahoo.com,5,Tidak menyesal beli produk ini. Kualitasnya jauh melebihi ekspektasi.,2024-12-01,Tidak menyesal beli produk ini. Kualitasnya jauh melebihi ekspektasi.,Positive
629,Hex Nut 12,Nanda Kurnia,nanda.k@gmail.com,3,"Kualitas standar, cocok untuk penggunaan sehari-hari biasa.",2024-09-01,"Kualitas standar, cocok untuk penggunaan sehari-hari biasa.",Positive
630,Hex Nut 12,Maya Putri,maya.p@yahoo.com,5,"Material berkualitas tinggi, pemasangan mudah. Sangat memuaskan.",2024-12-14,"Material berkualitas tinggi, pemasangan mudah. Sangat memuaskan.",Positive
631,Hex Nut 13,Sari Dewi,sari.d@hotmail.com,5,"Barang bagus, pengiriman cepat. Sangat puas dengan pembelian ini.",2024-08-04,"Barang bagus, pengiriman cepat. Sangat puas dengan pembelian ini.",Positive
632,Hex Nut 13,Yola Safitri,yola.s@gmail.com,5,"Pas banget sama yang saya butuhkan, ukuran dan kualitas sesuai.",2024-07-15,"Pas banget sama yang saya butuhkan, ukuran dan kualitas sesuai.",Positive
633,Hex Nut 13,Nanda Kurnia,nanda.k@gmail.com,3,"Lumayan bagus, tapi ada beberapa hal yang bisa diperbaiki.",2024-06-09,"Lumayan bagus, tapi ada beberapa hal yang bisa diperbaiki.",Positive
634,Hex Nut 13,Julia Anggraini,julia.a@yahoo.com,2,Barang tidak sesuai spesifikasi yang tertera. Kecewa!,2024-03-09,Barang tidak sesuai spesifikasi yang tertera. Kecewa!,Negative
635,Hex Nut 13,Sandro Putra,sandro.p@yahoo.com,1,Produk cepat rusak setelah pemakaian singkat. Tidak recommended.,2024-09-28,Produk cepat rusak setelah pemakaian singkat. Tidak recommended.,Negative
636,Hex Nut 13,Ivan Kurniawan,ivan.k@yahoo.com,5,Cocok banget untuk kebutuhan saya. Mantap dan terpercaya!,2024-06-28,Cocok banget untuk kebutuhan saya. Mantap dan terpercaya!,Positive
637,Hex Nut 13,Candra Wijaya,candra.w@yahoo.com,5,Tidak menyesal beli produk ini. Kualitasnya jauh melebihi ekspektasi.,2024-11-11,Tidak menyesal beli produk ini. Kualitasnya jauh melebihi ekspektasi.,Positive
638,Hex Nut 13,Xena Putri,xena.p@yahoo.com,4,"Barang bagus, pengiriman cepat. Sangat puas dengan pembelian ini.",2024-02-21,"Barang bagus, pengiriman cepat. Sangat puas dengan pembelian ini.",Positive
639,Hex Nut 13,Eka Saputra,eka.s@outlook.com,3,"Biasa saja, tapi harga terjangkau jadi tidak terlalu kecewa.",2024-08-07,"Biasa saja, tapi harga terjangkau jadi tidak terlalu kecewa.",Negative
640,Hex Nut 13,Cici Rahayu,cici.r@yahoo.com,3,"Tidak buruk, tidak terlalu bagus. Cukup untuk kebutuhan.",2024-11-26,"Tidak buruk, tidak terlalu bagus. Cukup untuk kebutuhan.",Neutral
641,Hex Nut 1,Rizki Hamdani,rizki.h@hotmail.com,5,Kualitas jauh lebih baik dari yang saya bayangkan. Worth every rupiah!,2024-12-19,Kualitas jauh lebih baik dari yang saya bayangkan. Worth every rupiah!,Positive
642,Hex Nut 1,Siti Nurhaliza,siti.n@hotmail.com,3,"Kualitas standar, cocok untuk penggunaan sehari-hari biasa.",2024-09-22,"Kualitas standar, cocok untuk penggunaan sehari-hari biasa.",Positive
643,Hex Nut 1,Nina Kartika,nina.k@outlook.com,4,"Sudah pakai 3 bulan, tidak ada masalah sama sekali. Beli lagi!",2024-11-26,"Sudah pakai 3 bulan, tidak ada masalah sama sekali. Beli lagi!",Neutral
644,Hex Nut 1,Fajar Nugroho,fajar.n@yahoo.com,3,"Cukup fungsional, meski ada beberapa kekurangan minor.",2024-07-16,"Cukup fungsional, meski ada beberapa kekurangan minor.",Negative
645,Hex Nut 1,Bagas Setiawan,bagas.s@gmail.com,5,"Material berkualitas tinggi, pemasangan mudah. Sangat memuaskan.",2024-01-07,"Material berkualitas tinggi, pemasangan mudah. Sangat memuaskan.",Positive
646,Hex Nut 1,Indra Setiawan,indra.s@yahoo.com,2,Barang tidak sesuai spesifikasi yang tertera. Kecewa!,2024-10-18,Barang tidak sesuai spesifikasi yang tertera. Kecewa!,Negative
647,Hex Nut 1,Pita Sari,pita.s@yahoo.com,5,Kualitas jauh lebih baik dari yang saya bayangkan. Worth every rupiah!,2024-08-29,Kualitas jauh lebih baik dari yang saya bayangkan. Worth every rupiah!,Positive
648,Hex Nut 1,Irma Susanti,irma.s@gmail.com,5,"Produk sangat memuaskan, kualitas terjamin dan sesuai deskripsi!",2024-05-14,"Produk sangat memuaskan, kualitas terjamin dan sesuai deskripsi!",Positive
649,Hex Nut 1,Ola Puspita,ola.p@gmail.com,5,Kualitas jauh lebih baik dari yang saya bayangkan. Worth every rupiah!,2024-07-22,Kualitas jauh lebih baik dari yang saya bayangkan. Worth every rupiah!,Positive
650,Hex Nut 1,Aldo Pratama,aldo.p@outlook.com,5,Tidak menyesal beli produk ini. Kualitasnya jauh melebihi ekspektasi.,2024-12-25,Tidak menyesal beli produk ini. Kualitasnya jauh melebihi ekspektasi.,Positive
651,Hex Nut 10,Nela Puspita,nela.p@yahoo.com,5,"Sudah pakai 3 bulan, tidak ada masalah sama sekali. Beli lagi!",2024-02-12,"Sudah pakai 3 bulan, tidak ada masalah sama sekali. Beli lagi!",Neutral
652,Hex Nut 10,Bayu Wibowo,bayu.w@yahoo.com,5,Kualitas jauh lebih baik dari yang saya bayangkan. Worth every rupiah!,2024-03-20,Kualitas jauh lebih baik dari yang saya bayangkan. Worth every rupiah!,Positive
653,Hex Nut 10,Elsa Purnama,elsa.p@gmail.com,5,"Sudah pakai 3 bulan, tidak ada masalah sama sekali. Beli lagi!",2024-12-23,"Sudah pakai 3 bulan, tidak ada masalah sama sekali. Beli lagi!",Neutral
654,Hex Nut 10,Rio Fernanda,rio.f@yahoo.com,3,Produk cukup oke untuk harga segini. Tidak ada yang istimewa.,2024-05-05,Produk cukup oke untuk harga segini. Tidak ada yang istimewa.,Neutral
655,Hex Nut 10,Nanda Kurnia,nanda.k@gmail.com,2,Kualitas kontrol perlu ditingkatkan. Produk cacat saat datang.,2024-11-09,Kualitas kontrol perlu ditingkatkan. Produk cacat saat datang.,Negative
656,Hex Nut 10,Nina Kartika,nina.k@yahoo.com,5,"Barang bagus, pengiriman cepat. Sangat puas dengan pembelian ini.",2024-01-07,"Barang bagus, pengiriman cepat. Sangat puas dengan pembelian ini.",Positive
657,Hex Nut 10,Aditya Nugraha,aditya.n@gmail.com,5,"Kualitas premium, material terasa solid dan tahan lama. Recommended!",2024-09-11,"Kualitas premium, material terasa solid dan tahan lama. Recommended!",Positive
658,Hex Nut 10,Gita Permata,gita.p@hotmail.com,4,"Kualitas premium, material terasa solid dan tahan lama. Recommended!",2024-07-09,"Kualitas premium, material terasa solid dan tahan lama. Recommended!",Positive
659,Hex Nut 10,Doni Firmansyah,doni.f@hotmail.com,3,"Lumayan bagus, tapi ada beberapa hal yang bisa diperbaiki.",2024-01-16,"Lumayan bagus, tapi ada beberapa hal yang bisa diperbaiki.",Positive
660,Hex Nut 10,Evi Susanti,evi.s@hotmail.com,3,"Lumayan bagus, tapi ada beberapa hal yang bisa diperbaiki.",2024-05-14,"Lumayan bagus, tapi ada beberapa hal yang bisa diperbaiki.",Positive
661,Hex Nut 11,Bella Anggraini,bella.a@gmail.com,1,Kualitas kontrol perlu ditingkatkan. Produk cacat saat datang.,2024-08-21,Kualitas kontrol perlu ditingkatkan. Produk cacat saat datang.,Negative
662,Hex Nut 11,Bintang Nugraha,bintang.n@outlook.com,5,Best purchase ever! Produk ini benar-benar memenuhi semua kebutuhan saya.,2024-03-26,Best purchase ever! Produk ini benar-benar memenuhi semua kebutuhan saya.,Positive
663,Hex Nut 11,Julia Anggraini,julia.a@gmail.com,5,Best purchase ever! Produk ini benar-benar memenuhi semua kebutuhan saya.,2024-12-11,Best purchase ever! Produk ini benar-benar memenuhi semua kebutuhan saya.,Positive
664,Hex Nut 11,Candra Wijaya,candra.w@gmail.com,5,"Produk sangat memuaskan, kualitas terjamin dan sesuai deskripsi!",2024-01-07,"Produk sangat memuaskan, kualitas terjamin dan sesuai deskripsi!",Positive
665,Hex Nut 11,Salsa Nabila,salsa.n@hotmail.com,5,Tidak menyesal beli produk ini. Kualitasnya jauh melebihi ekspektasi.,2024-03-17,Tidak menyesal beli produk ini. Kualitasnya jauh melebihi ekspektasi.,Positive
666,Hex Nut 11,Joko Purnomo,joko.p@gmail.com,2,Barang tidak sesuai spesifikasi yang tertera. Kecewa!,2024-04-24,Barang tidak sesuai spesifikasi yang tertera. Kecewa!,Negative
667,Hex Nut 11,Dedi Kurniawan,dedi.k@hotmail.com,5,"Sudah pakai 3 bulan, tidak ada masalah sama sekali. Beli lagi!",2024-02-09,"Sudah pakai 3 bulan, tidak ada masalah sama sekali. Beli lagi!",Neutral
668,Hex Nut 11,Jaka Samudra,jaka.s@gmail.com,5,"Kualitas premium, material terasa solid dan tahan lama. Recommended!",2024-04-24,"Kualitas premium, material terasa solid dan tahan lama. Recommended!",Positive
669,Hex Nut 11,Cinta Melati,cinta.m@outlook.com,1,Produk cepat rusak setelah pemakaian singkat. Tidak recommended.,2024-08-26,Produk cepat rusak setelah pemakaian singkat. Tidak recommended.,Negative
670,Hex Nut 11,Yoga Pratama,yoga.p@hotmail.com,3,"Biasa saja, tapi harga terjangkau jadi tidak terlalu kecewa.",2024-02-14,"Biasa saja, tapi harga terjangkau jadi tidak terlalu kecewa.",Negative
671,Hex Nut 2,Gilang Saputra,gilang.s@hotmail.com,4,"Pas banget sama yang saya butuhkan, ukuran dan kualitas sesuai.",2024-05-29,"Pas banget sama yang saya butuhkan, ukuran dan kualitas sesuai.",Positive
672,Hex Nut 2,Ivan Kurniawan,ivan.k@yahoo.com,3,"Cukup fungsional, meski ada beberapa kekurangan minor.",2024-07-07,"Cukup fungsional, meski ada beberapa kekurangan minor.",Negative
673,Hex Nut 2,Laila Fitriani,laila.f@yahoo.com,1,"Material terasa murahan, tidak sesuai foto di deskripsi.",2024-03-18,"Material terasa murahan, tidak sesuai foto di deskripsi.",Negative
674,Hex Nut 2,Budi Santoso,budi.s@gmail.com,2,"Material terasa murahan, tidak sesuai foto di deskripsi.",2024-10-04,"Material terasa murahan, tidak sesuai foto di deskripsi.",Negative
675,Hex Nut 2,Gita Permata,gita.p@gmail.com,4,"Produk original, harga worth it. Teman-teman juga ikut beli.",2024-01-01,"Produk original, harga worth it. Teman-teman juga ikut beli.",Positive
676,Hex Nut 2,Hendra Kurnia,hendra.k@hotmail.com,3,"Lumayan bagus, tapi ada beberapa hal yang bisa diperbaiki.",2024-04-15,"Lumayan bagus, tapi ada beberapa hal yang bisa diperbaiki.",Positive
677,Hex Nut 2,Danu Setiawan,danu.s@outlook.com,1,Kualitas kontrol perlu ditingkatkan. Produk cacat saat datang.,2024-01-31,Kualitas kontrol perlu ditingkatkan. Produk cacat saat datang.,Negative
678,Hex Nut 2,Fani Wijayanti,fani.w@gmail.com,3,Produk cukup oke untuk harga segini. Tidak ada yang istimewa.,2024-04-28,Produk cukup oke untuk harga segini. Tidak ada yang istimewa.,Neutral
679,Hex Nut 2,Cinta Melati,cinta.m@hotmail.com,4,Cocok banget untuk kebutuhan saya. Mantap dan terpercaya!,2024-02-13,Cocok banget untuk kebutuhan saya. Mantap dan terpercaya!,Positive
680,Hex Nut 2,Kiki Rahmat,kiki.r@yahoo.com,5,"Packaging rapi, produk mulus tidak ada cacat. Bintang 5 layak!",2024-07-20,"Packaging rapi, produk mulus tidak ada cacat. Bintang 5 layak!",Positive
681,Hex Nut 20,Maya Putri,maya.p@gmail.com,4,Tidak menyesal beli produk ini. Kualitasnya jauh melebihi ekspektasi.,2024-12-05,Tidak menyesal beli produk ini. Kualitasnya jauh melebihi ekspektasi.,Positive
682,Hex Nut 20,Doni Firmansyah,doni.f@hotmail.com,5,"Produk original, harga worth it. Teman-teman juga ikut beli.",2024-07-20,"Produk original, harga worth it. Teman-teman juga ikut beli.",Positive
683,Hex Nut 20,Zaki Mubarak,zaki.m@hotmail.com,3,"Biasa saja, tapi harga terjangkau jadi tidak terlalu kecewa.",2024-08-19,"Biasa saja, tapi harga terjangkau jadi tidak terlalu kecewa.",Negative
684,Hex Nut 20,Vino Pratama,vino.p@yahoo.com,5,"Kualitas premium, material terasa solid dan tahan lama. Recommended!",2024-10-26,"Kualitas premium, material terasa solid dan tahan lama. Recommended!",Positive
685,Hex Nut 20,Yuni Astuti,yuni.a@yahoo.com,5,Cocok banget untuk kebutuhan saya. Mantap dan terpercaya!,2024-08-26,Cocok banget untuk kebutuhan saya. Mantap dan terpercaya!,Positive
686,Hex Nut 20,Cici Rahayu,cici.r@hotmail.com,4,Kualitas jauh lebih baik dari yang saya bayangkan. Worth every rupiah!,2024-04-16,Kualitas jauh lebih baik dari yang saya bayangkan. Worth every rupiah!,Positive
687,Hex Nut 20,Teguh Prasetyo,teguh.p@hotmail.com,5,"Barang bagus, pengiriman cepat. Sangat puas dengan pembelian ini.",2024-02-16,"Barang bagus, pengiriman cepat. Sangat puas dengan pembelian ini.",Positive
688,Hex Nut 20,Hani Pertiwi,hani.p@hotmail.com,3,Produk cukup oke untuk harga segini. Tidak ada yang istimewa.,2024-04-20,Produk cukup oke untuk harga segini. Tidak ada yang istimewa.,Neutral
689,Hex Nut 20,Dedi Kurniawan,dedi.k@yahoo.com,5,"Produk original, harga worth it. Teman-teman juga ikut beli.",2024-07-21,"Produk original, harga worth it. Teman-teman juga ikut beli.",Positive
690,Hex Nut 20,Bintang Nugraha,bintang.n@hotmail.com,5,"Sudah pakai 3 bulan, tidak ada masalah sama sekali. Beli lagi!",2024-03-30,"Sudah pakai 3 bulan, tidak ada masalah sama sekali. Beli lagi!",Neutral
691,Hex Nut 21,Siti Nurhaliza,siti.n@outlook.com,1,"Material terasa murahan, tidak sesuai foto di deskripsi.",2024-02-18,"Material terasa murahan, tidak sesuai foto di deskripsi.",Negative
692,Hex Nut 21,Victor Halim,victor.h@yahoo.com,5,"Barang bagus, pengiriman cepat. Sangat puas dengan pembelian ini.",2024-01-07,"Barang bagus, pengiriman cepat. Sangat puas dengan pembelian ini.",Positive
693,Hex Nut 21,Lina Susanti,lina.s@yahoo.com,3,"Sesuai deskripsi, tapi ekspektasi saya sedikit lebih tinggi.",2024-04-11,"Sesuai deskripsi, tapi ekspektasi saya sedikit lebih tinggi.",Positive
694,Hex Nut 21,Nela Puspita,nela.p@gmail.com,5,Best purchase ever! Produk ini benar-benar memenuhi semua kebutuhan saya.,2024-10-27,Best purchase ever! Produk ini benar-benar memenuhi semua kebutuhan saya.,Positive
695,Hex Nut 21,Ulfa Rohmah,ulfa.r@gmail.com,2,"Kecewa dengan kualitasnya, tidak sesuai ekspektasi sama sekali.",2024-02-03,"Kecewa dengan kualitasnya, tidak sesuai ekspektasi sama sekali.",Negative
696,Hex Nut 21,Mira Handayani,mira.h@outlook.com,2,Kualitas jauh di bawah harga yang dipatok. Menyesal beli.,2024-02-17,Kualitas jauh di bawah harga yang dipatok. Menyesal beli.,Neutral
697,Hex Nut 21,Evi Susanti,evi.s@outlook.com,5,"Produk sangat memuaskan, kualitas terjamin dan sesuai deskripsi!",2024-03-27,"Produk sangat memuaskan, kualitas terjamin dan sesuai deskripsi!",Positive
698,Hex Nut 21,Jaka Samudra,jaka.s@outlook.com,4,Cocok banget untuk kebutuhan saya. Mantap dan terpercaya!,2024-01-16,Cocok banget untuk kebutuhan saya. Mantap dan terpercaya!,Positive
699,Hex Nut 21,Kevin Pratama,kevin.p@yahoo.com,3,"Biasa saja, tapi harga terjangkau jadi tidak terlalu kecewa.",2024-04-19,"Biasa saja, tapi harga terjangkau jadi tidak terlalu kecewa.",Negative
700,Hex Nut 21,Kartika Sari,kartika.s@outlook.com,5,"Kualitas premium, material terasa solid dan tahan lama. Recommended!",2024-01-18,"Kualitas premium, material terasa solid dan tahan lama. Recommended!",Positive
701,Hex Nut 3,Oscar Halim,oscar.h@yahoo.com,4,"Packaging rapi, produk mulus tidak ada cacat. Bintang 5 layak!",2024-05-31,"Packaging rapi, produk mulus tidak ada cacat. Bintang 5 layak!",Positive
702,Hex Nut 3,Zulfa Aulia,zulfa.a@outlook.com,4,"Produk sangat memuaskan, kualitas terjamin dan sesuai deskripsi!",2024-02-14,"Produk sangat memuaskan, kualitas terjamin dan sesuai deskripsi!",Positive
703,Hex Nut 3,Winda Kurniawati,winda.k@outlook.com,5,"Pas banget sama yang saya butuhkan, ukuran dan kualitas sesuai.",2024-11-25,"Pas banget sama yang saya butuhkan, ukuran dan kualitas sesuai.",Positive
704,Hex Nut 3,Danu Setiawan,danu.s@gmail.com,5,Tidak menyesal beli produk ini. Kualitasnya jauh melebihi ekspektasi.,2024-12-31,Tidak menyesal beli produk ini. Kualitasnya jauh melebihi ekspektasi.,Positive
705,Hex Nut 3,Hafiz Ramadhan,hafiz.r@outlook.com,4,"Produk original, harga worth it. Teman-teman juga ikut beli.",2024-10-16,"Produk original, harga worth it. Teman-teman juga ikut beli.",Positive
706,Hex Nut 3,Aldo Pratama,aldo.p@hotmail.com,5,"Kualitas premium, material terasa solid dan tahan lama. Recommended!",2024-01-14,"Kualitas premium, material terasa solid dan tahan lama. Recommended!",Positive
707,Hex Nut 3,Cici Rahayu,cici.r@gmail.com,4,Kualitas jauh lebih baik dari yang saya bayangkan. Worth every rupiah!,2024-05-23,Kualitas jauh lebih baik dari yang saya bayangkan. Worth every rupiah!,Positive
708,Hex Nut 3,Lina Susanti,lina.s@outlook.com,3,"Biasa saja, tapi harga terjangkau jadi tidak terlalu kecewa.",2024-10-26,"Biasa saja, tapi harga terjangkau jadi tidak terlalu kecewa.",Negative
709,Hex Nut 3,Qori Amalia,qori.a@gmail.com,1,"Material terasa murahan, tidak sesuai foto di deskripsi.",2024-12-02,"Material terasa murahan, tidak sesuai foto di deskripsi.",Negative
710,Hex Nut 3,Rafi Aldiansyah,rafi.a@gmail.com,5,Kualitas jauh lebih baik dari yang saya bayangkan. Worth every rupiah!,2024-04-22,Kualitas jauh lebih baik dari yang saya bayangkan. Worth every rupiah!,Positive
711,Hex Nut 14,Jaka Samudra,jaka.s@outlook.com,3,"Biasa saja, tapi harga terjangkau jadi tidak terlalu kecewa.",2024-03-29,"Biasa saja, tapi harga terjangkau jadi tidak terlalu kecewa.",Negative
712,Hex Nut 14,Joko Purnomo,joko.p@hotmail.com,5,Kualitas jauh lebih baik dari yang saya bayangkan. Worth every rupiah!,2024-12-23,Kualitas jauh lebih baik dari yang saya bayangkan. Worth every rupiah!,Positive
713,Hex Nut 14,Hafiz Ramadhan,hafiz.r@gmail.com,2,"Tidak tahan lama, baru dipakai beberapa kali sudah rusak.",2024-10-17,"Tidak tahan lama, baru dipakai beberapa kali sudah rusak.",Negative
714,Hex Nut 14,Ivan Kurniawan,ivan.k@yahoo.com,5,Kualitas jauh lebih baik dari yang saya bayangkan. Worth every rupiah!,2024-09-09,Kualitas jauh lebih baik dari yang saya bayangkan. Worth every rupiah!,Positive
715,Hex Nut 14,Fauzan Hidayat,fauzan.h@outlook.com,5,"Produk sangat memuaskan, kualitas terjamin dan sesuai deskripsi!",2024-02-16,"Produk sangat memuaskan, kualitas terjamin dan sesuai deskripsi!",Positive
716,Hex Nut 14,Lina Susanti,lina.s@yahoo.com,5,"Produk sangat memuaskan, kualitas terjamin dan sesuai deskripsi!",2024-09-26,"Produk sangat memuaskan, kualitas terjamin dan sesuai deskripsi!",Positive
717,Hex Nut 14,Xander Pratama,xander.p@yahoo.com,5,Kualitas jauh lebih baik dari yang saya bayangkan. Worth every rupiah!,2024-03-07,Kualitas jauh lebih baik dari yang saya bayangkan. Worth every rupiah!,Positive
718,Hex Nut 14,Fahmi Ardiansyah,fahmi.a@hotmail.com,3,Produk cukup oke untuk harga segini. Tidak ada yang istimewa.,2024-01-12,Produk cukup oke untuk harga segini. Tidak ada yang istimewa.,Neutral
719,Hex Nut 14,Fani Wijayanti,fani.w@yahoo.com,4,Kualitas jauh lebih baik dari yang saya bayangkan. Worth every rupiah!,2024-02-26,Kualitas jauh lebih baik dari yang saya bayangkan. Worth every rupiah!,Positive
720,Hex Nut 14,Danu Setiawan,danu.s@gmail.com,2,"Tidak tahan lama, baru dipakai beberapa kali sudah rusak.",2024-12-26,"Tidak tahan lama, baru dipakai beberapa kali sudah rusak.",Negative
721,Hex Nut 15,Udin Setiawan,udin.s@gmail.com,5,"Produk original, harga worth it. Teman-teman juga ikut beli.",2024-06-03,"Produk original, harga worth it. Teman-teman juga ikut beli.",Positive
722,Hex Nut 15,Dedi Kurniawan,dedi.k@yahoo.com,5,"Sudah lama cari produk seperti ini, akhirnya ketemu yang tepat.",2024-08-11,"Sudah lama cari produk seperti ini, akhirnya ketemu yang tepat.",Positive
723,Hex Nut 15,Rika Purnama,rika.p@hotmail.com,1,Kualitas jauh di bawah harga yang dipatok. Menyesal beli.,2024-12-28,Kualitas jauh di bawah harga yang dipatok. Menyesal beli.,Neutral
724,Hex Nut 15,Hilda Wahyuni,hilda.w@hotmail.com,3,"Kualitas standar, cocok untuk penggunaan sehari-hari biasa.",2024-12-06,"Kualitas standar, cocok untuk penggunaan sehari-hari biasa.",Positive
725,Hex Nut 15,Laila Fitriani,laila.f@outlook.com,3,"Tidak buruk, tidak terlalu bagus. Cukup untuk kebutuhan.",2024-12-18,"Tidak buruk, tidak terlalu bagus. Cukup untuk kebutuhan.",Neutral
726,Hex Nut 15,Zahra Amini,zahra.a@gmail.com,5,"Sudah lama cari produk seperti ini, akhirnya ketemu yang tepat.",2024-10-20,"Sudah lama cari produk seperti ini, akhirnya ketemu yang tepat.",Positive
727,Hex Nut 15,Mansur Wahyudi,mansur.w@gmail.com,2,Kualitas jauh di bawah harga yang dipatok. Menyesal beli.,2024-11-04,Kualitas jauh di bawah harga yang dipatok. Menyesal beli.,Neutral
728,Hex Nut 15,Cici Rahayu,cici.r@yahoo.com,2,Produk cepat rusak setelah pemakaian singkat. Tidak recommended.,2024-09-11,Produk cepat rusak setelah pemakaian singkat. Tidak recommended.,Negative
729,Hex Nut 15,Fani Wijayanti,fani.w@gmail.com,5,"Pas banget sama yang saya butuhkan, ukuran dan kualitas sesuai.",2024-06-26,"Pas banget sama yang saya butuhkan, ukuran dan kualitas sesuai.",Positive
730,Hex Nut 15,Cici Rahayu,cici.r@gmail.com,5,"Sudah lama cari produk seperti ini, akhirnya ketemu yang tepat.",2024-12-09,"Sudah lama cari produk seperti ini, akhirnya ketemu yang tepat.",Positive
731,Hex Nut 4,Rika Purnama,rika.p@hotmail.com,3,"Cukup fungsional, meski ada beberapa kekurangan minor.",2024-01-06,"Cukup fungsional, meski ada beberapa kekurangan minor.",Negative
732,Hex Nut 4,Ulfa Rohmah,ulfa.r@gmail.com,5,"Produk original, harga worth it. Teman-teman juga ikut beli.",2024-05-11,"Produk original, harga worth it. Teman-teman juga ikut beli.",Positive
733,Hex Nut 4,Yuni Astuti,yuni.a@gmail.com,3,Material oke tapi proses pemasangan agak tricky.,2024-08-12,Material oke tapi proses pemasangan agak tricky.,Positive
734,Hex Nut 4,Dina Marlina,dina.m@yahoo.com,4,Tidak menyesal beli produk ini. Kualitasnya jauh melebihi ekspektasi.,2024-09-09,Tidak menyesal beli produk ini. Kualitasnya jauh melebihi ekspektasi.,Positive
735,Hex Nut 4,Kevin Pratama,kevin.p@outlook.com,5,"Barang bagus, pengiriman cepat. Sangat puas dengan pembelian ini.",2024-09-02,"Barang bagus, pengiriman cepat. Sangat puas dengan pembelian ini.",Positive
736,Hex Nut 4,Jaka Samudra,jaka.s@yahoo.com,3,"Sesuai deskripsi, tapi ekspektasi saya sedikit lebih tinggi.",2024-08-19,"Sesuai deskripsi, tapi ekspektasi saya sedikit lebih tinggi.",Positive
737,Hex Nut 4,Maya Putri,maya.p@gmail.com,3,"Tidak buruk, tidak terlalu bagus. Cukup untuk kebutuhan.",2024-01-11,"Tidak buruk, tidak terlalu bagus. Cukup untuk kebutuhan.",Neutral
738,Hex Nut 4,Cici Rahayu,cici.r@gmail.com,5,"Barang bagus, pengiriman cepat. Sangat puas dengan pembelian ini.",2024-06-24,"Barang bagus, pengiriman cepat. Sangat puas dengan pembelian ini.",Positive
739,Hex Nut 4,Irwan Saputro,irwan.s@yahoo.com,2,Produk cepat rusak setelah pemakaian singkat. Tidak recommended.,2024-10-07,Produk cepat rusak setelah pemakaian singkat. Tidak recommended.,Negative
740,Hex Nut 4,Nanda Kurnia,nanda.k@outlook.com,5,"Sudah lama cari produk seperti ini, akhirnya ketemu yang tepat.",2024-01-16,"Sudah lama cari produk seperti ini, akhirnya ketemu yang tepat.",Positive
741,Hex Nut 18,Rio Fernanda,rio.f@yahoo.com,2,Barang tidak sesuai spesifikasi yang tertera. Kecewa!,2024-03-21,Barang tidak sesuai spesifikasi yang tertera. Kecewa!,Negative
742,Hex Nut 18,Fajar Nugroho,fajar.n@yahoo.com,5,"Pas banget sama yang saya butuhkan, ukuran dan kualitas sesuai.",2024-07-28,"Pas banget sama yang saya butuhkan, ukuran dan kualitas sesuai.",Positive
743,Hex Nut 18,Zaki Mubarak,zaki.m@hotmail.com,4,"Packaging rapi, produk mulus tidak ada cacat. Bintang 5 layak!",2024-05-24,"Packaging rapi, produk mulus tidak ada cacat. Bintang 5 layak!",Positive
744,Hex Nut 18,Agus Salim,agus.s@gmail.com,5,Tidak menyesal beli produk ini. Kualitasnya jauh melebihi ekspektasi.,2024-10-19,Tidak menyesal beli produk ini. Kualitasnya jauh melebihi ekspektasi.,Positive
745,Hex Nut 18,Gilang Saputra,gilang.s@yahoo.com,3,Produk cukup oke untuk harga segini. Tidak ada yang istimewa.,2024-07-03,Produk cukup oke untuk harga segini. Tidak ada yang istimewa.,Neutral
746,Hex Nut 18,Budi Santoso,budi.s@hotmail.com,4,"Packaging rapi, produk mulus tidak ada cacat. Bintang 5 layak!",2024-11-16,"Packaging rapi, produk mulus tidak ada cacat. Bintang 5 layak!",Positive
747,Hex Nut 18,Miko Andrianto,miko.a@gmail.com,4,"Produk sangat memuaskan, kualitas terjamin dan sesuai deskripsi!",2024-04-15,"Produk sangat memuaskan, kualitas terjamin dan sesuai deskripsi!",Positive
748,Hex Nut 18,Irwan Saputro,irwan.s@gmail.com,4,Cocok banget untuk kebutuhan saya. Mantap dan terpercaya!,2024-02-29,Cocok banget untuk kebutuhan saya. Mantap dan terpercaya!,Positive
749,Hex Nut 18,Bayu Wibowo,bayu.w@outlook.com,3,"Cukup fungsional, meski ada beberapa kekurangan minor.",2024-12-04,"Cukup fungsional, meski ada beberapa kekurangan minor.",Negative
750,Hex Nut 18,Ulfa Rohmah,ulfa.r@outlook.com,5,"Kualitas premium, material terasa solid dan tahan lama. Recommended!",2024-07-08,"Kualitas premium, material terasa solid dan tahan lama. Recommended!",Positive
751,Hex Nut 19,Kevin Pratama,kevin.p@outlook.com,5,"Produk sangat memuaskan, kualitas terjamin dan sesuai deskripsi!",2024-05-14,"Produk sangat memuaskan, kualitas terjamin dan sesuai deskripsi!",Positive
752,Hex Nut 19,Sari Dewi,sari.d@yahoo.com,4,"Sudah pakai 3 bulan, tidak ada masalah sama sekali. Beli lagi!",2024-10-15,"Sudah pakai 3 bulan, tidak ada masalah sama sekali. Beli lagi!",Neutral
753,Hex Nut 19,Lina Susanti,lina.s@gmail.com,5,"Barang bagus, pengiriman cepat. Sangat puas dengan pembelian ini.",2024-12-08,"Barang bagus, pengiriman cepat. Sangat puas dengan pembelian ini.",Positive
754,Hex Nut 19,Gita Permata,gita.p@outlook.com,3,"Kualitas standar, cocok untuk penggunaan sehari-hari biasa.",2024-10-10,"Kualitas standar, cocok untuk penggunaan sehari-hari biasa.",Positive
755,Hex Nut 19,Lina Susanti,lina.s@outlook.com,3,"Cukup fungsional, meski ada beberapa kekurangan minor.",2024-10-20,"Cukup fungsional, meski ada beberapa kekurangan minor.",Negative
756,Hex Nut 19,Rafi Aldiansyah,rafi.a@gmail.com,4,Tidak menyesal beli produk ini. Kualitasnya jauh melebihi ekspektasi.,2024-12-31,Tidak menyesal beli produk ini. Kualitasnya jauh melebihi ekspektasi.,Positive
757,Hex Nut 19,Reza Maulana,reza.m@yahoo.com,4,"Barang bagus, pengiriman cepat. Sangat puas dengan pembelian ini.",2024-08-17,"Barang bagus, pengiriman cepat. Sangat puas dengan pembelian ini.",Positive
758,Hex Nut 19,Joko Purnomo,joko.p@yahoo.com,2,"Material terasa murahan, tidak sesuai foto di deskripsi.",2024-04-08,"Material terasa murahan, tidak sesuai foto di deskripsi.",Negative
759,Hex Nut 19,Doni Firmansyah,doni.f@gmail.com,5,"Packaging rapi, produk mulus tidak ada cacat. Bintang 5 layak!",2024-08-10,"Packaging rapi, produk mulus tidak ada cacat. Bintang 5 layak!",Positive
760,Hex Nut 19,Mira Handayani,mira.h@yahoo.com,1,Pemasangan sangat susah dan hasilnya tidak memuaskan.,2024-06-12,Pemasangan sangat susah dan hasilnya tidak memuaskan.,Negative
761,Handlebar Tube,Dina Marlina,dina.m@gmail.com,2,Produk cepat rusak setelah pemakaian singkat. Tidak recommended.,2024-07-17,Produk cepat rusak setelah pemakaian singkat. Tidak recommended.,Negative
762,Handlebar Tube,Hilda Wahyuni,hilda.w@hotmail.com,5,"Sudah pakai 3 bulan, tidak ada masalah sama sekali. Beli lagi!",2024-09-23,"Sudah pakai 3 bulan, tidak ada masalah sama sekali. Beli lagi!",Neutral
763,Handlebar Tube,Umi Kalsum,umi.k@gmail.com,2,Barang tidak sesuai spesifikasi yang tertera. Kecewa!,2024-02-27,Barang tidak sesuai spesifikasi yang tertera. Kecewa!,Negative
764,Handlebar Tube,Pita Sari,pita.s@gmail.com,5,"Barang bagus, pengiriman cepat. Sangat puas dengan pembelian ini.",2024-10-15,"Barang bagus, pengiriman cepat. Sangat puas dengan pembelian ini.",Positive
765,Handlebar Tube,Joko Widodo,joko.w@hotmail.com,5,"Material berkualitas tinggi, pemasangan mudah. Sangat memuaskan.",2024-06-25,"Material berkualitas tinggi, pemasangan mudah. Sangat memuaskan.",Positive
766,Handlebar Tube,Omar Siddiq,omar.s@outlook.com,5,Best purchase ever! Produk ini benar-benar memenuhi semua kebutuhan saya.,2024-11-07,Best purchase ever! Produk ini benar-benar memenuhi semua kebutuhan saya.,Positive
767,Handlebar Tube,Wati Susanti,wati.s@hotmail.com,5,Tidak menyesal beli produk ini. Kualitasnya jauh melebihi ekspektasi.,2024-03-14,Tidak menyesal beli produk ini. Kualitasnya jauh melebihi ekspektasi.,Positive
768,Handlebar Tube,Putri Ayu,putri.a@outlook.com,4,"Produk sangat memuaskan, kualitas terjamin dan sesuai deskripsi!",2024-07-21,"Produk sangat memuaskan, kualitas terjamin dan sesuai deskripsi!",Positive
769,Handlebar Tube,Evi Susanti,evi.s@gmail.com,3,"Cukup fungsional, meski ada beberapa kekurangan minor.",2024-05-17,"Cukup fungsional, meski ada beberapa kekurangan minor.",Negative
770,Handlebar Tube,Julia Anggraini,julia.a@hotmail.com,5,"Sudah pakai 3 bulan, tidak ada masalah sama sekali. Beli lagi!",2024-05-23,"Sudah pakai 3 bulan, tidak ada masalah sama sekali. Beli lagi!",Neutral
771,Head Tube,Yeni Rahma,yeni.r@gmail.com,2,"Material terasa murahan, tidak sesuai foto di deskripsi.",2024-03-09,"Material terasa murahan, tidak sesuai foto di deskripsi.",Negative
772,Head Tube,Agus Salim,agus.s@outlook.com,1,"Tidak tahan lama, baru dipakai beberapa kali sudah rusak.",2024-05-17,"Tidak tahan lama, baru dipakai beberapa kali sudah rusak.",Negative
773,Head Tube,Dina Marlina,dina.m@gmail.com,4,"Pas banget sama yang saya butuhkan, ukuran dan kualitas sesuai.",2024-08-14,"Pas banget sama yang saya butuhkan, ukuran dan kualitas sesuai.",Positive
774,Head Tube,Ola Puspita,ola.p@outlook.com,2,Kualitas kontrol perlu ditingkatkan. Produk cacat saat datang.,2024-09-21,Kualitas kontrol perlu ditingkatkan. Produk cacat saat datang.,Negative
775,Head Tube,Julia Anggraini,julia.a@yahoo.com,3,"Lumayan bagus, tapi ada beberapa hal yang bisa diperbaiki.",2024-06-08,"Lumayan bagus, tapi ada beberapa hal yang bisa diperbaiki.",Positive
776,Head Tube,Aditya Nugraha,aditya.n@yahoo.com,4,Kualitas jauh lebih baik dari yang saya bayangkan. Worth every rupiah!,2024-09-25,Kualitas jauh lebih baik dari yang saya bayangkan. Worth every rupiah!,Positive
777,Head Tube,Ivan Kurniawan,ivan.k@yahoo.com,5,"Pas banget sama yang saya butuhkan, ukuran dan kualitas sesuai.",2024-01-30,"Pas banget sama yang saya butuhkan, ukuran dan kualitas sesuai.",Positive
778,Head Tube,Salsa Nabila,salsa.n@gmail.com,5,"Produk original, harga worth it. Teman-teman juga ikut beli.",2024-12-26,"Produk original, harga worth it. Teman-teman juga ikut beli.",Positive
779,Head Tube,Mira Handayani,mira.h@outlook.com,5,"Material berkualitas tinggi, pemasangan mudah. Sangat memuaskan.",2024-07-22,"Material berkualitas tinggi, pemasangan mudah. Sangat memuaskan.",Positive
780,Head Tube,Rika Purnama,rika.p@gmail.com,2,"Material terasa murahan, tidak sesuai foto di deskripsi.",2024-07-09,"Material terasa murahan, tidak sesuai foto di deskripsi.",Negative
781,LL Hub,Yeni Rahma,yeni.r@yahoo.com,4,Cocok banget untuk kebutuhan saya. Mantap dan terpercaya!,2024-10-27,Cocok banget untuk kebutuhan saya. Mantap dan terpercaya!,Positive
782,LL Hub,Gilang Saputra,gilang.s@yahoo.com,5,"Sudah pakai 3 bulan, tidak ada masalah sama sekali. Beli lagi!",2024-12-18,"Sudah pakai 3 bulan, tidak ada masalah sama sekali. Beli lagi!",Neutral
783,LL Hub,Nanda Kurnia,nanda.k@outlook.com,5,"Produk sangat memuaskan, kualitas terjamin dan sesuai deskripsi!",2024-03-24,"Produk sangat memuaskan, kualitas terjamin dan sesuai deskripsi!",Positive
784,LL Hub,Jaka Samudra,jaka.s@yahoo.com,3,"Kualitas standar, cocok untuk penggunaan sehari-hari biasa.",2024-11-27,"Kualitas standar, cocok untuk penggunaan sehari-hari biasa.",Positive
785,LL Hub,Pandu Wicaksono,pandu.w@hotmail.com,3,Material oke tapi proses pemasangan agak tricky.,2024-09-19,Material oke tapi proses pemasangan agak tricky.,Positive
786,LL Hub,Andi Pratama,andi.p@gmail.com,2,Kualitas kontrol perlu ditingkatkan. Produk cacat saat datang.,2024-03-08,Kualitas kontrol perlu ditingkatkan. Produk cacat saat datang.,Negative
787,LL Hub,Sandro Putra,sandro.p@gmail.com,5,"Pas banget sama yang saya butuhkan, ukuran dan kualitas sesuai.",2024-05-09,"Pas banget sama yang saya butuhkan, ukuran dan kualitas sesuai.",Positive
788,LL Hub,Nina Kartika,nina.k@hotmail.com,3,"Tidak buruk, tidak terlalu bagus. Cukup untuk kebutuhan.",2024-08-04,"Tidak buruk, tidak terlalu bagus. Cukup untuk kebutuhan.",Neutral
789,LL Hub,Kevin Pratama,kevin.p@outlook.com,2,Pemasangan sangat susah dan hasilnya tidak memuaskan.,2024-04-21,Pemasangan sangat susah dan hasilnya tidak memuaskan.,Negative
790,LL Hub,Victor Halim,victor.h@outlook.com,5,Best purchase ever! Produk ini benar-benar memenuhi semua kebutuhan saya.,2024-02-22,Best purchase ever! Produk ini benar-benar memenuhi semua kebutuhan saya.,Positive
791,HL Hub,Budi Santoso,budi.s@hotmail.com,4,"Material berkualitas tinggi, pemasangan mudah. Sangat memuaskan.",2024-11-27,"Material berkualitas tinggi, pemasangan mudah. Sangat memuaskan.",Positive
792,HL Hub,Miko Andrianto,miko.a@hotmail.com,4,"Packaging rapi, produk mulus tidak ada cacat. Bintang 5 layak!",2024-02-25,"Packaging rapi, produk mulus tidak ada cacat. Bintang 5 layak!",Positive
793,HL Hub,Xander Pratama,xander.p@hotmail.com,5,"Packaging rapi, produk mulus tidak ada cacat. Bintang 5 layak!",2024-06-15,"Packaging rapi, produk mulus tidak ada cacat. Bintang 5 layak!",Positive
794,HL Hub,Winda Kurniawati,winda.k@hotmail.com,5,"Pas banget sama yang saya butuhkan, ukuran dan kualitas sesuai.",2024-03-17,"Pas banget sama yang saya butuhkan, ukuran dan kualitas sesuai.",Positive
795,HL Hub,Cinta Melati,cinta.m@gmail.com,3,Material oke tapi proses pemasangan agak tricky.,2024-12-04,Material oke tapi proses pemasangan agak tricky.,Positive
796,HL Hub,Cici Rahayu,cici.r@gmail.com,3,"Cukup fungsional, meski ada beberapa kekurangan minor.",2024-05-31,"Cukup fungsional, meski ada beberapa kekurangan minor.",Negative
797,HL Hub,Ulfa Rohmah,ulfa.r@outlook.com,2,Barang tidak sesuai spesifikasi yang tertera. Kecewa!,2024-01-19,Barang tidak sesuai spesifikasi yang tertera. Kecewa!,Negative
798,HL Hub,Kiki Rahmat,kiki.r@yahoo.com,3,"Biasa saja, tapi harga terjangkau jadi tidak terlalu kecewa.",2024-12-31,"Biasa saja, tapi harga terjangkau jadi tidak terlalu kecewa.",Negative
799,HL Hub,Pandu Wicaksono,pandu.w@outlook.com,3,"Biasa saja, tapi harga terjangkau jadi tidak terlalu kecewa.",2024-09-16,"Biasa saja, tapi harga terjangkau jadi tidak terlalu kecewa.",Negative
800,HL Hub,Agus Salim,agus.s@yahoo.com,3,"Tidak buruk, tidak terlalu bagus. Cukup untuk kebutuhan.",2024-02-19,"Tidak buruk, tidak terlalu bagus. Cukup untuk kebutuhan.",Neutral
801,Keyed Washer,Wati Susanti,wati.s@hotmail.com,5,"Sudah lama cari produk seperti ini, akhirnya ketemu yang tepat.",2024-10-13,"Sudah lama cari produk seperti ini, akhirnya ketemu yang tepat.",Positive
802,Keyed Washer,Hendra Kurnia,hendra.k@hotmail.com,2,Produk cepat rusak setelah pemakaian singkat. Tidak recommended.,2024-04-23,Produk cepat rusak setelah pemakaian singkat. Tidak recommended.,Negative
803,Keyed Washer,Hafiz Ramadhan,hafiz.r@hotmail.com,5,Tidak menyesal beli produk ini. Kualitasnya jauh melebihi ekspektasi.,2024-06-18,Tidak menyesal beli produk ini. Kualitasnya jauh melebihi ekspektasi.,Positive
804,Keyed Washer,Julia Anggraini,julia.a@hotmail.com,5,Cocok banget untuk kebutuhan saya. Mantap dan terpercaya!,2024-03-01,Cocok banget untuk kebutuhan saya. Mantap dan terpercaya!,Positive
805,Keyed Washer,Wati Susanti,wati.s@gmail.com,5,Cocok banget untuk kebutuhan saya. Mantap dan terpercaya!,2024-04-09,Cocok banget untuk kebutuhan saya. Mantap dan terpercaya!,Positive
806,Keyed Washer,Aldo Pratama,aldo.p@outlook.com,5,"Material berkualitas tinggi, pemasangan mudah. Sangat memuaskan.",2024-06-01,"Material berkualitas tinggi, pemasangan mudah. Sangat memuaskan.",Positive
807,Keyed Washer,Omar Siddiq,omar.s@yahoo.com,5,"Kualitas premium, material terasa solid dan tahan lama. Recommended!",2024-04-12,"Kualitas premium, material terasa solid dan tahan lama. Recommended!",Positive
808,Keyed Washer,Fahmi Ardiansyah,fahmi.a@outlook.com,4,"Kualitas premium, material terasa solid dan tahan lama. Recommended!",2024-06-10,"Kualitas premium, material terasa solid dan tahan lama. Recommended!",Positive
809,Keyed Washer,Bella Anggraini,bella.a@gmail.com,5,Cocok banget untuk kebutuhan saya. Mantap dan terpercaya!,2024-06-19,Cocok banget untuk kebutuhan saya. Mantap dan terpercaya!,Positive
810,Keyed Washer,Qais Ramadhan,qais.r@hotmail.com,1,"Kecewa dengan kualitasnya, tidak sesuai ekspektasi sama sekali.",2024-01-03,"Kecewa dengan kualitasnya, tidak sesuai ekspektasi sama sekali.",Negative
811,External Lock Washer 3,Teguh Prasetyo,teguh.p@yahoo.com,5,Best purchase ever! Produk ini benar-benar memenuhi semua kebutuhan saya.,2024-03-22,Best purchase ever! Produk ini benar-benar memenuhi semua kebutuhan saya.,Positive
812,External Lock Washer 3,Yeni Rahma,yeni.r@gmail.com,3,"Sesuai deskripsi, tapi ekspektasi saya sedikit lebih tinggi.",2024-11-10,"Sesuai deskripsi, tapi ekspektasi saya sedikit lebih tinggi.",Positive
813,External Lock Washer 3,Rio Fernanda,rio.f@outlook.com,4,Tidak menyesal beli produk ini. Kualitasnya jauh melebihi ekspektasi.,2024-09-01,Tidak menyesal beli produk ini. Kualitasnya jauh melebihi ekspektasi.,Positive
814,External Lock Washer 3,Lisa Maharani,lisa.m@yahoo.com,5,"Sudah lama cari produk seperti ini, akhirnya ketemu yang tepat.",2024-07-10,"Sudah lama cari produk seperti ini, akhirnya ketemu yang tepat.",Positive
815,External Lock Washer 3,Dewi Rahayu,dewi.r@yahoo.com,2,"Kecewa dengan kualitasnya, tidak sesuai ekspektasi sama sekali.",2024-12-12,"Kecewa dengan kualitasnya, tidak sesuai ekspektasi sama sekali.",Negative
816,External Lock Washer 3,Budi Santoso,budi.s@yahoo.com,4,"Pas banget sama yang saya butuhkan, ukuran dan kualitas sesuai.",2024-12-21,"Pas banget sama yang saya butuhkan, ukuran dan kualitas sesuai.",Positive
817,External Lock Washer 3,Gita Permata,gita.p@gmail.com,5,Tidak menyesal beli produk ini. Kualitasnya jauh melebihi ekspektasi.,2024-09-14,Tidak menyesal beli produk ini. Kualitasnya jauh melebihi ekspektasi.,Positive
818,External Lock Washer 3,Laila Fitriani,laila.f@gmail.com,5,"Produk sangat memuaskan, kualitas terjamin dan sesuai deskripsi!",2024-06-01,"Produk sangat memuaskan, kualitas terjamin dan sesuai deskripsi!",Positive
819,External Lock Washer 3,Zahra Amini,zahra.a@hotmail.com,4,Tidak menyesal beli produk ini. Kualitasnya jauh melebihi ekspektasi.,2024-12-17,Tidak menyesal beli produk ini. Kualitasnya jauh melebihi ekspektasi.,Positive
820,External Lock Washer 3,Eka Saputra,eka.s@outlook.com,5,"Produk original, harga worth it. Teman-teman juga ikut beli.",2024-04-06,"Produk original, harga worth it. Teman-teman juga ikut beli.",Positive
821,External Lock Washer 4,Irwan Saputro,irwan.s@outlook.com,2,"Kecewa dengan kualitasnya, tidak sesuai ekspektasi sama sekali.",2024-04-26,"Kecewa dengan kualitasnya, tidak sesuai ekspektasi sama sekali.",Negative
822,External Lock Washer 4,Pandu Wicaksono,pandu.w@yahoo.com,3,"Kualitas standar, cocok untuk penggunaan sehari-hari biasa.",2024-01-12,"Kualitas standar, cocok untuk penggunaan sehari-hari biasa.",Positive
823,External Lock Washer 4,Laila Fitriani,laila.f@gmail.com,4,"Produk original, harga worth it. Teman-teman juga ikut beli.",2024-12-30,"Produk original, harga worth it. Teman-teman juga ikut beli.",Positive
824,External Lock Washer 4,Tasya Maharani,tasya.m@outlook.com,3,"Tidak buruk, tidak terlalu bagus. Cukup untuk kebutuhan.",2024-09-30,"Tidak buruk, tidak terlalu bagus. Cukup untuk kebutuhan.",Neutral
825,External Lock Washer 4,Putri Ayu,putri.a@gmail.com,5,"Packaging rapi, produk mulus tidak ada cacat. Bintang 5 layak!",2024-02-25,"Packaging rapi, produk mulus tidak ada cacat. Bintang 5 layak!",Positive
826,External Lock Washer 4,Tasya Maharani,tasya.m@gmail.com,3,"Lumayan bagus, tapi ada beberapa hal yang bisa diperbaiki.",2024-08-01,"Lumayan bagus, tapi ada beberapa hal yang bisa diperbaiki.",Positive
827,External Lock Washer 4,Sari Dewi,sari.d@hotmail.com,5,Cocok banget untuk kebutuhan saya. Mantap dan terpercaya!,2024-12-25,Cocok banget untuk kebutuhan saya. Mantap dan terpercaya!,Positive
828,External Lock Washer 4,Gilang Ramadhan,gilang.r@gmail.com,5,"Sudah pakai 3 bulan, tidak ada masalah sama sekali. Beli lagi!",2024-08-03,"Sudah pakai 3 bulan, tidak ada masalah sama sekali. Beli lagi!",Neutral
829,External Lock Washer 4,Udin Setiawan,udin.s@hotmail.com,5,Best purchase ever! Produk ini benar-benar memenuhi semua kebutuhan saya.,2024-11-06,Best purchase ever! Produk ini benar-benar memenuhi semua kebutuhan saya.,Positive
830,External Lock Washer 4,Zaki Mubarak,zaki.m@gmail.com,5,"Material berkualitas tinggi, pemasangan mudah. Sangat memuaskan.",2024-11-12,"Material berkualitas tinggi, pemasangan mudah. Sangat memuaskan.",Positive
831,External Lock Washer 9,Clara Dewi,clara.d@gmail.com,5,Cocok banget untuk kebutuhan saya. Mantap dan terpercaya!,2024-04-11,Cocok banget untuk kebutuhan saya. Mantap dan terpercaya!,Positive
832,External Lock Washer 9,Nina Kartika,nina.k@hotmail.com,5,"Material berkualitas tinggi, pemasangan mudah. Sangat memuaskan.",2024-04-13,"Material berkualitas tinggi, pemasangan mudah. Sangat memuaskan.",Positive
833,External Lock Washer 9,Hafiz Ramadhan,hafiz.r@hotmail.com,3,"Sesuai deskripsi, tapi ekspektasi saya sedikit lebih tinggi.",2024-01-21,"Sesuai deskripsi, tapi ekspektasi saya sedikit lebih tinggi.",Positive
834,External Lock Washer 9,Gilang Saputra,gilang.s@yahoo.com,4,"Sudah lama cari produk seperti ini, akhirnya ketemu yang tepat.",2024-09-03,"Sudah lama cari produk seperti ini, akhirnya ketemu yang tepat.",Positive
835,External Lock Washer 9,Evi Susanti,evi.s@gmail.com,5,"Packaging rapi, produk mulus tidak ada cacat. Bintang 5 layak!",2024-02-15,"Packaging rapi, produk mulus tidak ada cacat. Bintang 5 layak!",Positive
836,External Lock Washer 9,Bagas Setiawan,bagas.s@outlook.com,3,"Sesuai deskripsi, tapi ekspektasi saya sedikit lebih tinggi.",2024-02-16,"Sesuai deskripsi, tapi ekspektasi saya sedikit lebih tinggi.",Positive
837,External Lock Washer 9,Joko Widodo,joko.w@gmail.com,4,"Sudah pakai 3 bulan, tidak ada masalah sama sekali. Beli lagi!",2024-11-25,"Sudah pakai 3 bulan, tidak ada masalah sama sekali. Beli lagi!",Neutral
838,External Lock Washer 9,Qori Amalia,qori.a@hotmail.com,4,"Sudah pakai 3 bulan, tidak ada masalah sama sekali. Beli lagi!",2024-08-25,"Sudah pakai 3 bulan, tidak ada masalah sama sekali. Beli lagi!",Neutral
839,External Lock Washer 9,Fajar Nugroho,fajar.n@yahoo.com,5,"Produk sangat memuaskan, kualitas terjamin dan sesuai deskripsi!",2024-05-28,"Produk sangat memuaskan, kualitas terjamin dan sesuai deskripsi!",Positive
840,External Lock Washer 9,Indra Setiawan,indra.s@hotmail.com,3,Material oke tapi proses pemasangan agak tricky.,2024-02-29,Material oke tapi proses pemasangan agak tricky.,Positive
841,External Lock Washer 5,Taufik Hidayat,taufik.h@gmail.com,2,"Kecewa dengan kualitasnya, tidak sesuai ekspektasi sama sekali.",2024-03-11,"Kecewa dengan kualitasnya, tidak sesuai ekspektasi sama sekali.",Negative
842,External Lock Washer 5,Udin Setiawan,udin.s@hotmail.com,4,"Produk original, harga worth it. Teman-teman juga ikut beli.",2024-08-12,"Produk original, harga worth it. Teman-teman juga ikut beli.",Positive
843,External Lock Washer 5,Putri Ayu,putri.a@gmail.com,5,"Produk original, harga worth it. Teman-teman juga ikut beli.",2024-06-24,"Produk original, harga worth it. Teman-teman juga ikut beli.",Positive
844,External Lock Washer 5,Kartika Sari,kartika.s@outlook.com,5,Cocok banget untuk kebutuhan saya. Mantap dan terpercaya!,2024-05-19,Cocok banget untuk kebutuhan saya. Mantap dan terpercaya!,Positive
845,External Lock Washer 5,Lisa Maharani,lisa.m@outlook.com,3,Material oke tapi proses pemasangan agak tricky.,2024-11-28,Material oke tapi proses pemasangan agak tricky.,Positive
846,External Lock Washer 5,Irwan Saputro,irwan.s@gmail.com,5,"Kualitas premium, material terasa solid dan tahan lama. Recommended!",2024-02-23,"Kualitas premium, material terasa solid dan tahan lama. Recommended!",Positive
847,External Lock Washer 5,Pita Sari,pita.s@outlook.com,2,Kualitas kontrol perlu ditingkatkan. Produk cacat saat datang.,2024-04-02,Kualitas kontrol perlu ditingkatkan. Produk cacat saat datang.,Negative
848,External Lock Washer 5,Oscar Halim,oscar.h@hotmail.com,5,Best purchase ever! Produk ini benar-benar memenuhi semua kebutuhan saya.,2024-01-15,Best purchase ever! Produk ini benar-benar memenuhi semua kebutuhan saya.,Positive
849,External Lock Washer 5,Xena Putri,xena.p@yahoo.com,2,Kualitas kontrol perlu ditingkatkan. Produk cacat saat datang.,2024-09-06,Kualitas kontrol perlu ditingkatkan. Produk cacat saat datang.,Negative
850,External Lock Washer 5,Bagas Setiawan,bagas.s@outlook.com,2,"Kecewa dengan kualitasnya, tidak sesuai ekspektasi sama sekali.",2024-02-02,"Kecewa dengan kualitasnya, tidak sesuai ekspektasi sama sekali.",Negative
851,External Lock Washer 7,Ulfa Rohmah,ulfa.r@gmail.com,3,"Kualitas standar, cocok untuk penggunaan sehari-hari biasa.",2024-12-08,"Kualitas standar, cocok untuk penggunaan sehari-hari biasa.",Positive
852,External Lock Washer 7,Fahmi Ardiansyah,fahmi.a@gmail.com,4,Tidak menyesal beli produk ini. Kualitasnya jauh melebihi ekspektasi.,2024-12-04,Tidak menyesal beli produk ini. Kualitasnya jauh melebihi ekspektasi.,Positive
853,External Lock Washer 7,Dina Marlina,dina.m@hotmail.com,5,"Packaging rapi, produk mulus tidak ada cacat. Bintang 5 layak!",2024-12-12,"Packaging rapi, produk mulus tidak ada cacat. Bintang 5 layak!",Positive
854,External Lock Washer 7,Sandro Putra,sandro.p@gmail.com,5,"Produk sangat memuaskan, kualitas terjamin dan sesuai deskripsi!",2024-11-25,"Produk sangat memuaskan, kualitas terjamin dan sesuai deskripsi!",Positive
855,External Lock Washer 7,Hani Pertiwi,hani.p@outlook.com,4,Cocok banget untuk kebutuhan saya. Mantap dan terpercaya!,2024-03-25,Cocok banget untuk kebutuhan saya. Mantap dan terpercaya!,Positive
856,External Lock Washer 7,Maya Putri,maya.p@hotmail.com,3,"Kualitas standar, cocok untuk penggunaan sehari-hari biasa.",2024-06-18,"Kualitas standar, cocok untuk penggunaan sehari-hari biasa.",Positive
857,External Lock Washer 7,Winda Kurniawati,winda.k@yahoo.com,5,"Material berkualitas tinggi, pemasangan mudah. Sangat memuaskan.",2024-11-25,"Material berkualitas tinggi, pemasangan mudah. Sangat memuaskan.",Positive
858,External Lock Washer 7,Kevin Pratama,kevin.p@yahoo.com,4,"Barang bagus, pengiriman cepat. Sangat puas dengan pembelian ini.",2024-08-23,"Barang bagus, pengiriman cepat. Sangat puas dengan pembelian ini.",Positive
859,External Lock Washer 7,Sari Dewi,sari.d@outlook.com,3,"Lumayan bagus, tapi ada beberapa hal yang bisa diperbaiki.",2024-09-12,"Lumayan bagus, tapi ada beberapa hal yang bisa diperbaiki.",Positive
860,External Lock Washer 7,Teguh Prasetyo,teguh.p@outlook.com,5,"Sudah lama cari produk seperti ini, akhirnya ketemu yang tepat.",2024-11-30,"Sudah lama cari produk seperti ini, akhirnya ketemu yang tepat.",Positive
861,External Lock Washer 6,Andi Pratama,andi.p@outlook.com,5,"Produk sangat memuaskan, kualitas terjamin dan sesuai deskripsi!",2024-10-12,"Produk sangat memuaskan, kualitas terjamin dan sesuai deskripsi!",Positive
862,External Lock Washer 6,Gilang Saputra,gilang.s@gmail.com,5,Kualitas jauh lebih baik dari yang saya bayangkan. Worth every rupiah!,2024-11-05,Kualitas jauh lebih baik dari yang saya bayangkan. Worth every rupiah!,Positive
863,External Lock Washer 6,Putri Ayu,putri.a@yahoo.com,4,"Packaging rapi, produk mulus tidak ada cacat. Bintang 5 layak!",2024-12-09,"Packaging rapi, produk mulus tidak ada cacat. Bintang 5 layak!",Positive
864,External Lock Washer 6,Umi Kalsum,umi.k@hotmail.com,1,"Kecewa dengan kualitasnya, tidak sesuai ekspektasi sama sekali.",2024-04-24,"Kecewa dengan kualitasnya, tidak sesuai ekspektasi sama sekali.",Negative
865,External Lock Washer 6,Umi Kalsum,umi.k@outlook.com,5,"Sudah lama cari produk seperti ini, akhirnya ketemu yang tepat.",2024-12-02,"Sudah lama cari produk seperti ini, akhirnya ketemu yang tepat.",Positive
866,External Lock Washer 6,Indra Setiawan,indra.s@gmail.com,3,"Lumayan bagus, tapi ada beberapa hal yang bisa diperbaiki.",2024-12-03,"Lumayan bagus, tapi ada beberapa hal yang bisa diperbaiki.",Positive
867,External Lock Washer 6,Pandu Wicaksono,pandu.w@hotmail.com,5,"Packaging rapi, produk mulus tidak ada cacat. Bintang 5 layak!",2024-05-29,"Packaging rapi, produk mulus tidak ada cacat. Bintang 5 layak!",Positive
868,External Lock Washer 6,Gilang Saputra,gilang.s@gmail.com,4,"Produk sangat memuaskan, kualitas terjamin dan sesuai deskripsi!",2024-03-25,"Produk sangat memuaskan, kualitas terjamin dan sesuai deskripsi!",Positive
869,External Lock Washer 6,Zulfa Aulia,zulfa.a@outlook.com,5,"Barang bagus, pengiriman cepat. Sangat puas dengan pembelian ini.",2024-05-10,"Barang bagus, pengiriman cepat. Sangat puas dengan pembelian ini.",Positive
870,External Lock Washer 6,Oscar Halim,oscar.h@gmail.com,5,Tidak menyesal beli produk ini. Kualitasnya jauh melebihi ekspektasi.,2024-04-20,Tidak menyesal beli produk ini. Kualitasnya jauh melebihi ekspektasi.,Positive
871,External Lock Washer 1,Umi Kalsum,umi.k@yahoo.com,3,"Biasa saja, tapi harga terjangkau jadi tidak terlalu kecewa.",2024-02-25,"Biasa saja, tapi harga terjangkau jadi tidak terlalu kecewa.",Negative
872,External Lock Washer 1,Gema Saputra,gema.s@gmail.com,4,Kualitas jauh lebih baik dari yang saya bayangkan. Worth every rupiah!,2024-08-18,Kualitas jauh lebih baik dari yang saya bayangkan. Worth every rupiah!,Positive
873,External Lock Washer 1,Umi Kalsum,umi.k@yahoo.com,3,"Cukup fungsional, meski ada beberapa kekurangan minor.",2024-01-03,"Cukup fungsional, meski ada beberapa kekurangan minor.",Negative
874,External Lock Washer 1,Danu Setiawan,danu.s@outlook.com,3,"Cukup fungsional, meski ada beberapa kekurangan minor.",2024-09-17,"Cukup fungsional, meski ada beberapa kekurangan minor.",Negative
875,External Lock Washer 1,Joko Widodo,joko.w@yahoo.com,2,Kualitas jauh di bawah harga yang dipatok. Menyesal beli.,2024-03-06,Kualitas jauh di bawah harga yang dipatok. Menyesal beli.,Neutral
876,External Lock Washer 1,Yuni Astuti,yuni.a@hotmail.com,5,"Material berkualitas tinggi, pemasangan mudah. Sangat memuaskan.",2024-07-15,"Material berkualitas tinggi, pemasangan mudah. Sangat memuaskan.",Positive
877,External Lock Washer 1,Pita Sari,pita.s@yahoo.com,1,Pemasangan sangat susah dan hasilnya tidak memuaskan.,2024-07-22,Pemasangan sangat susah dan hasilnya tidak memuaskan.,Negative
878,External Lock Washer 1,Fahmi Ardiansyah,fahmi.a@outlook.com,1,Kualitas jauh di bawah harga yang dipatok. Menyesal beli.,2024-03-11,Kualitas jauh di bawah harga yang dipatok. Menyesal beli.,Neutral
879,External Lock Washer 1,Omar Siddiq,omar.s@hotmail.com,4,"Sudah lama cari produk seperti ini, akhirnya ketemu yang tepat.",2024-10-07,"Sudah lama cari produk seperti ini, akhirnya ketemu yang tepat.",Positive
880,External Lock Washer 1,Cici Rahayu,cici.r@yahoo.com,3,"Kualitas standar, cocok untuk penggunaan sehari-hari biasa.",2024-04-17,"Kualitas standar, cocok untuk penggunaan sehari-hari biasa.",Positive
881,External Lock Washer 8,Putri Ayu,putri.a@hotmail.com,3,"Sesuai deskripsi, tapi ekspektasi saya sedikit lebih tinggi.",2024-12-29,"Sesuai deskripsi, tapi ekspektasi saya sedikit lebih tinggi.",Positive
882,External Lock Washer 8,Tasya Maharani,tasya.m@yahoo.com,1,"Tidak tahan lama, baru dipakai beberapa kali sudah rusak.",2024-12-29,"Tidak tahan lama, baru dipakai beberapa kali sudah rusak.",Negative
883,External Lock Washer 8,Bagas Setiawan,bagas.s@outlook.com,3,Material oke tapi proses pemasangan agak tricky.,2024-12-11,Material oke tapi proses pemasangan agak tricky.,Positive
884,External Lock Washer 8,Fira Ramadhani,fira.r@hotmail.com,2,Barang tidak sesuai spesifikasi yang tertera. Kecewa!,2024-01-07,Barang tidak sesuai spesifikasi yang tertera. Kecewa!,Negative
885,External Lock Washer 8,Cinta Melati,cinta.m@outlook.com,5,"Kualitas premium, material terasa solid dan tahan lama. Recommended!",2024-01-28,"Kualitas premium, material terasa solid dan tahan lama. Recommended!",Positive
886,External Lock Washer 8,Vira Anggraeni,vira.a@hotmail.com,5,Kualitas jauh lebih baik dari yang saya bayangkan. Worth every rupiah!,2024-03-23,Kualitas jauh lebih baik dari yang saya bayangkan. Worth every rupiah!,Positive
887,External Lock Washer 8,Yoga Pratama,yoga.p@yahoo.com,3,Produk cukup oke untuk harga segini. Tidak ada yang istimewa.,2024-12-19,Produk cukup oke untuk harga segini. Tidak ada yang istimewa.,Neutral
888,External Lock Washer 8,Zahra Amini,zahra.a@gmail.com,5,"Produk original, harga worth it. Teman-teman juga ikut beli.",2024-08-19,"Produk original, harga worth it. Teman-teman juga ikut beli.",Positive
889,External Lock Washer 8,Yuni Astuti,yuni.a@yahoo.com,4,"Sudah lama cari produk seperti ini, akhirnya ketemu yang tepat.",2024-11-27,"Sudah lama cari produk seperti ini, akhirnya ketemu yang tepat.",Positive
890,External Lock Washer 8,Hilda Wahyuni,hilda.w@hotmail.com,5,"Sudah lama cari produk seperti ini, akhirnya ketemu yang tepat.",2024-12-06,"Sudah lama cari produk seperti ini, akhirnya ketemu yang tepat.",Positive
891,External Lock Washer 2,Fajar Nugroho,fajar.n@outlook.com,2,Barang tidak sesuai spesifikasi yang tertera. Kecewa!,2024-12-16,Barang tidak sesuai spesifikasi yang tertera. Kecewa!,Negative
892,External Lock Washer 2,Cici Rahayu,cici.r@gmail.com,1,"Kecewa dengan kualitasnya, tidak sesuai ekspektasi sama sekali.",2024-05-08,"Kecewa dengan kualitasnya, tidak sesuai ekspektasi sama sekali.",Negative
893,External Lock Washer 2,Mira Handayani,mira.h@outlook.com,4,"Pas banget sama yang saya butuhkan, ukuran dan kualitas sesuai.",2024-11-20,"Pas banget sama yang saya butuhkan, ukuran dan kualitas sesuai.",Positive
894,External Lock Washer 2,Aditya Nugraha,aditya.n@hotmail.com,3,"Kualitas standar, cocok untuk penggunaan sehari-hari biasa.",2024-04-09,"Kualitas standar, cocok untuk penggunaan sehari-hari biasa.",Positive
895,External Lock Washer 2,Zahra Amini,zahra.a@gmail.com,4,"Kualitas premium, material terasa solid dan tahan lama. Recommended!",2024-03-29,"Kualitas premium, material terasa solid dan tahan lama. Recommended!",Positive
896,External Lock Washer 2,Edo Prasetyo,edo.p@outlook.com,4,"Produk sangat memuaskan, kualitas terjamin dan sesuai deskripsi!",2024-08-07,"Produk sangat memuaskan, kualitas terjamin dan sesuai deskripsi!",Positive
897,External Lock Washer 2,Winda Kurniawati,winda.k@yahoo.com,4,"Kualitas premium, material terasa solid dan tahan lama. Recommended!",2024-10-26,"Kualitas premium, material terasa solid dan tahan lama. Recommended!",Positive
898,External Lock Washer 2,Tegar Prasetyo,tegar.p@outlook.com,5,"Sudah lama cari produk seperti ini, akhirnya ketemu yang tepat.",2024-03-20,"Sudah lama cari produk seperti ini, akhirnya ketemu yang tepat.",Positive
899,External Lock Washer 2,Indah Permata,indah.p@hotmail.com,5,Best purchase ever! Produk ini benar-benar memenuhi semua kebutuhan saya.,2024-01-27,Best purchase ever! Produk ini benar-benar memenuhi semua kebutuhan saya.,Positive
900,External Lock Washer 2,Joko Widodo,joko.w@hotmail.com,2,Kualitas kontrol perlu ditingkatkan. Produk cacat saat datang.,2024-10-20,Kualitas kontrol perlu ditingkatkan. Produk cacat saat datang.,Negative
901,Internal Lock Washer 3,Gilang Saputra,gilang.s@hotmail.com,5,"Material berkualitas tinggi, pemasangan mudah. Sangat memuaskan.",2024-04-22,"Material berkualitas tinggi, pemasangan mudah. Sangat memuaskan.",Positive
902,Internal Lock Washer 3,Kartika Sari,kartika.s@yahoo.com,4,Tidak menyesal beli produk ini. Kualitasnya jauh melebihi ekspektasi.,2024-10-05,Tidak menyesal beli produk ini. Kualitasnya jauh melebihi ekspektasi.,Positive
903,Internal Lock Washer 3,Elsa Purnama,elsa.p@hotmail.com,4,"Pas banget sama yang saya butuhkan, ukuran dan kualitas sesuai.",2024-04-19,"Pas banget sama yang saya butuhkan, ukuran dan kualitas sesuai.",Positive
904,Internal Lock Washer 3,Udin Setiawan,udin.s@hotmail.com,5,"Sudah pakai 3 bulan, tidak ada masalah sama sekali. Beli lagi!",2024-04-21,"Sudah pakai 3 bulan, tidak ada masalah sama sekali. Beli lagi!",Neutral
905,Internal Lock Washer 3,Gema Saputra,gema.s@outlook.com,4,"Material berkualitas tinggi, pemasangan mudah. Sangat memuaskan.",2024-11-28,"Material berkualitas tinggi, pemasangan mudah. Sangat memuaskan.",Positive
906,Internal Lock Washer 3,Dewi Rahayu,dewi.r@hotmail.com,5,Cocok banget untuk kebutuhan saya. Mantap dan terpercaya!,2024-05-03,Cocok banget untuk kebutuhan saya. Mantap dan terpercaya!,Positive
907,Internal Lock Washer 3,Sandro Putra,sandro.p@yahoo.com,4,"Produk sangat memuaskan, kualitas terjamin dan sesuai deskripsi!",2024-12-15,"Produk sangat memuaskan, kualitas terjamin dan sesuai deskripsi!",Positive
908,Internal Lock Washer 3,Dedi Kurniawan,dedi.k@gmail.com,5,Tidak menyesal beli produk ini. Kualitasnya jauh melebihi ekspektasi.,2024-05-11,Tidak menyesal beli produk ini. Kualitasnya jauh melebihi ekspektasi.,Positive
909,Internal Lock Washer 3,Fauzan Hidayat,fauzan.h@gmail.com,3,"Biasa saja, tapi harga terjangkau jadi tidak terlalu kecewa.",2024-09-20,"Biasa saja, tapi harga terjangkau jadi tidak terlalu kecewa.",Negative
910,Internal Lock Washer 3,Bintang Nugraha,bintang.n@gmail.com,4,"Sudah pakai 3 bulan, tidak ada masalah sama sekali. Beli lagi!",2024-11-29,"Sudah pakai 3 bulan, tidak ada masalah sama sekali. Beli lagi!",Neutral
911,Internal Lock Washer 4,Lutfi Rahman,lutfi.r@gmail.com,5,"Barang bagus, pengiriman cepat. Sangat puas dengan pembelian ini.",2024-03-26,"Barang bagus, pengiriman cepat. Sangat puas dengan pembelian ini.",Positive
912,Internal Lock Washer 4,Irma Susanti,irma.s@gmail.com,4,"Packaging rapi, produk mulus tidak ada cacat. Bintang 5 layak!",2024-02-03,"Packaging rapi, produk mulus tidak ada cacat. Bintang 5 layak!",Positive
913,Internal Lock Washer 4,Niko Santoso,niko.s@yahoo.com,3,Material oke tapi proses pemasangan agak tricky.,2024-02-23,Material oke tapi proses pemasangan agak tricky.,Positive
914,Internal Lock Washer 4,Niko Santoso,niko.s@outlook.com,4,"Packaging rapi, produk mulus tidak ada cacat. Bintang 5 layak!",2024-02-06,"Packaging rapi, produk mulus tidak ada cacat. Bintang 5 layak!",Positive
915,Internal Lock Washer 4,Fira Ramadhani,fira.r@gmail.com,3,"Cukup fungsional, meski ada beberapa kekurangan minor.",2024-06-18,"Cukup fungsional, meski ada beberapa kekurangan minor.",Negative
916,Internal Lock Washer 4,Reza Maulana,reza.m@gmail.com,5,"Kualitas premium, material terasa solid dan tahan lama. Recommended!",2024-05-08,"Kualitas premium, material terasa solid dan tahan lama. Recommended!",Positive
917,Internal Lock Washer 4,Hilda Wahyuni,hilda.w@yahoo.com,5,"Sudah pakai 3 bulan, tidak ada masalah sama sekali. Beli lagi!",2024-07-27,"Sudah pakai 3 bulan, tidak ada masalah sama sekali. Beli lagi!",Neutral
918,Internal Lock Washer 4,Lisa Maharani,lisa.m@outlook.com,4,Tidak menyesal beli produk ini. Kualitasnya jauh melebihi ekspektasi.,2024-06-10,Tidak menyesal beli produk ini. Kualitasnya jauh melebihi ekspektasi.,Positive
919,Internal Lock Washer 4,Andi Pratama,andi.p@gmail.com,5,"Material berkualitas tinggi, pemasangan mudah. Sangat memuaskan.",2024-01-04,"Material berkualitas tinggi, pemasangan mudah. Sangat memuaskan.",Positive
920,Internal Lock Washer 4,Sandro Putra,sandro.p@gmail.com,3,Produk cukup oke untuk harga segini. Tidak ada yang istimewa.,2024-12-24,Produk cukup oke untuk harga segini. Tidak ada yang istimewa.,Neutral
921,Internal Lock Washer 9,Maya Putri,maya.p@gmail.com,5,"Sudah pakai 3 bulan, tidak ada masalah sama sekali. Beli lagi!",2024-12-17,"Sudah pakai 3 bulan, tidak ada masalah sama sekali. Beli lagi!",Neutral
922,Internal Lock Washer 9,Agus Salim,agus.s@hotmail.com,4,Kualitas jauh lebih baik dari yang saya bayangkan. Worth every rupiah!,2024-08-12,Kualitas jauh lebih baik dari yang saya bayangkan. Worth every rupiah!,Positive
923,Internal Lock Washer 9,Kevin Pratama,kevin.p@gmail.com,5,Cocok banget untuk kebutuhan saya. Mantap dan terpercaya!,2024-03-21,Cocok banget untuk kebutuhan saya. Mantap dan terpercaya!,Positive
924,Internal Lock Washer 9,Elsa Purnama,elsa.p@outlook.com,5,Kualitas jauh lebih baik dari yang saya bayangkan. Worth every rupiah!,2024-10-06,Kualitas jauh lebih baik dari yang saya bayangkan. Worth every rupiah!,Positive
925,Internal Lock Washer 9,Zahra Amini,zahra.a@yahoo.com,1,Pemasangan sangat susah dan hasilnya tidak memuaskan.,2024-12-12,Pemasangan sangat susah dan hasilnya tidak memuaskan.,Negative
926,Internal Lock Washer 9,Dina Marlina,dina.m@gmail.com,4,"Material berkualitas tinggi, pemasangan mudah. Sangat memuaskan.",2024-10-11,"Material berkualitas tinggi, pemasangan mudah. Sangat memuaskan.",Positive
927,Internal Lock Washer 9,Fani Wijayanti,fani.w@gmail.com,5,Best purchase ever! Produk ini benar-benar memenuhi semua kebutuhan saya.,2024-11-01,Best purchase ever! Produk ini benar-benar memenuhi semua kebutuhan saya.,Positive
928,Internal Lock Washer 9,Mansur Wahyudi,mansur.w@gmail.com,4,"Sudah pakai 3 bulan, tidak ada masalah sama sekali. Beli lagi!",2024-04-17,"Sudah pakai 3 bulan, tidak ada masalah sama sekali. Beli lagi!",Neutral
929,Internal Lock Washer 9,Fira Ramadhani,fira.r@hotmail.com,3,"Kualitas standar, cocok untuk penggunaan sehari-hari biasa.",2024-07-30,"Kualitas standar, cocok untuk penggunaan sehari-hari biasa.",Positive
930,Internal Lock Washer 9,Sandro Putra,sandro.p@yahoo.com,2,Kualitas jauh di bawah harga yang dipatok. Menyesal beli.,2024-04-04,Kualitas jauh di bawah harga yang dipatok. Menyesal beli.,Neutral
931,Internal Lock Washer 5,Pandu Wicaksono,pandu.w@hotmail.com,4,"Pas banget sama yang saya butuhkan, ukuran dan kualitas sesuai.",2024-02-28,"Pas banget sama yang saya butuhkan, ukuran dan kualitas sesuai.",Positive
932,Internal Lock Washer 5,Kartika Sari,kartika.s@gmail.com,3,"Cukup fungsional, meski ada beberapa kekurangan minor.",2024-11-26,"Cukup fungsional, meski ada beberapa kekurangan minor.",Negative
933,Internal Lock Washer 5,Gilang Saputra,gilang.s@gmail.com,5,"Sudah pakai 3 bulan, tidak ada masalah sama sekali. Beli lagi!",2024-02-20,"Sudah pakai 3 bulan, tidak ada masalah sama sekali. Beli lagi!",Neutral
934,Internal Lock Washer 5,Mira Handayani,mira.h@outlook.com,3,"Biasa saja, tapi harga terjangkau jadi tidak terlalu kecewa.",2024-07-01,"Biasa saja, tapi harga terjangkau jadi tidak terlalu kecewa.",Negative
935,Internal Lock Washer 5,Doni Firmansyah,doni.f@yahoo.com,3,"Lumayan bagus, tapi ada beberapa hal yang bisa diperbaiki.",2024-05-25,"Lumayan bagus, tapi ada beberapa hal yang bisa diperbaiki.",Positive
936,Internal Lock Washer 5,Putri Ayu,putri.a@yahoo.com,5,"Produk original, harga worth it. Teman-teman juga ikut beli.",2024-09-05,"Produk original, harga worth it. Teman-teman juga ikut beli.",Positive
937,Internal Lock Washer 5,Teguh Prasetyo,teguh.p@hotmail.com,5,"Sudah lama cari produk seperti ini, akhirnya ketemu yang tepat.",2024-10-26,"Sudah lama cari produk seperti ini, akhirnya ketemu yang tepat.",Positive
938,Internal Lock Washer 5,Gilang Ramadhan,gilang.r@hotmail.com,4,Kualitas jauh lebih baik dari yang saya bayangkan. Worth every rupiah!,2024-06-10,Kualitas jauh lebih baik dari yang saya bayangkan. Worth every rupiah!,Positive
939,Internal Lock Washer 5,Qira Wulandari,qira.w@hotmail.com,5,"Pas banget sama yang saya butuhkan, ukuran dan kualitas sesuai.",2024-04-23,"Pas banget sama yang saya butuhkan, ukuran dan kualitas sesuai.",Positive
940,Internal Lock Washer 5,Bella Anggraini,bella.a@outlook.com,3,"Tidak buruk, tidak terlalu bagus. Cukup untuk kebutuhan.",2024-07-03,"Tidak buruk, tidak terlalu bagus. Cukup untuk kebutuhan.",Neutral
941,Internal Lock Washer 7,Eka Saputra,eka.s@hotmail.com,3,"Cukup fungsional, meski ada beberapa kekurangan minor.",2024-08-24,"Cukup fungsional, meski ada beberapa kekurangan minor.",Negative
942,Internal Lock Washer 7,Teguh Prasetyo,teguh.p@hotmail.com,5,Cocok banget untuk kebutuhan saya. Mantap dan terpercaya!,2024-10-09,Cocok banget untuk kebutuhan saya. Mantap dan terpercaya!,Positive
943,Internal Lock Washer 7,Yuni Astuti,yuni.a@gmail.com,5,"Sudah pakai 3 bulan, tidak ada masalah sama sekali. Beli lagi!",2024-03-12,"Sudah pakai 3 bulan, tidak ada masalah sama sekali. Beli lagi!",Neutral
944,Internal Lock Washer 7,Elsa Purnama,elsa.p@gmail.com,5,"Sudah lama cari produk seperti ini, akhirnya ketemu yang tepat.",2024-02-08,"Sudah lama cari produk seperti ini, akhirnya ketemu yang tepat.",Positive
945,Internal Lock Washer 7,Andi Pratama,andi.p@gmail.com,3,Material oke tapi proses pemasangan agak tricky.,2024-10-29,Material oke tapi proses pemasangan agak tricky.,Positive
946,Internal Lock Washer 7,Ola Puspita,ola.p@hotmail.com,2,Kualitas kontrol perlu ditingkatkan. Produk cacat saat datang.,2024-11-30,Kualitas kontrol perlu ditingkatkan. Produk cacat saat datang.,Negative
947,Internal Lock Washer 7,Joko Widodo,joko.w@outlook.com,5,"Pas banget sama yang saya butuhkan, ukuran dan kualitas sesuai.",2024-10-28,"Pas banget sama yang saya butuhkan, ukuran dan kualitas sesuai.",Positive
948,Internal Lock Washer 7,Dina Marlina,dina.m@yahoo.com,2,Kualitas kontrol perlu ditingkatkan. Produk cacat saat datang.,2024-09-13,Kualitas kontrol perlu ditingkatkan. Produk cacat saat datang.,Negative
949,Internal Lock Washer 7,Bintang Nugraha,bintang.n@hotmail.com,5,"Material berkualitas tinggi, pemasangan mudah. Sangat memuaskan.",2024-01-06,"Material berkualitas tinggi, pemasangan mudah. Sangat memuaskan.",Positive
950,Internal Lock Washer 7,Udin Setiawan,udin.s@yahoo.com,5,Kualitas jauh lebih baik dari yang saya bayangkan. Worth every rupiah!,2024-09-20,Kualitas jauh lebih baik dari yang saya bayangkan. Worth every rupiah!,Positive
951,Internal Lock Washer 6,Eka Saputra,eka.s@yahoo.com,4,Best purchase ever! Produk ini benar-benar memenuhi semua kebutuhan saya.,2024-10-16,Best purchase ever! Produk ini benar-benar memenuhi semua kebutuhan saya.,Positive
952,Internal Lock Washer 6,Udin Setiawan,udin.s@yahoo.com,2,Kualitas kontrol perlu ditingkatkan. Produk cacat saat datang.,2024-07-02,Kualitas kontrol perlu ditingkatkan. Produk cacat saat datang.,Negative
953,Internal Lock Washer 6,Indah Permata,indah.p@outlook.com,5,"Pas banget sama yang saya butuhkan, ukuran dan kualitas sesuai.",2024-02-02,"Pas banget sama yang saya butuhkan, ukuran dan kualitas sesuai.",Positive
954,Internal Lock Washer 6,Ulfa Rohmah,ulfa.r@gmail.com,5,"Packaging rapi, produk mulus tidak ada cacat. Bintang 5 layak!",2024-04-15,"Packaging rapi, produk mulus tidak ada cacat. Bintang 5 layak!",Positive
955,Internal Lock Washer 6,Cinta Melati,cinta.m@hotmail.com,2,Barang tidak sesuai spesifikasi yang tertera. Kecewa!,2024-08-28,Barang tidak sesuai spesifikasi yang tertera. Kecewa!,Negative
956,Internal Lock Washer 6,Umi Kalsum,umi.k@gmail.com,2,"Tidak tahan lama, baru dipakai beberapa kali sudah rusak.",2024-02-22,"Tidak tahan lama, baru dipakai beberapa kali sudah rusak.",Negative
957,Internal Lock Washer 6,Aditya Nugraha,aditya.n@hotmail.com,1,Pemasangan sangat susah dan hasilnya tidak memuaskan.,2024-10-23,Pemasangan sangat susah dan hasilnya tidak memuaskan.,Negative
958,Internal Lock Washer 6,Fauzan Hidayat,fauzan.h@outlook.com,4,"Packaging rapi, produk mulus tidak ada cacat. Bintang 5 layak!",2024-07-12,"Packaging rapi, produk mulus tidak ada cacat. Bintang 5 layak!",Positive
959,Internal Lock Washer 6,Indra Setiawan,indra.s@gmail.com,4,"Material berkualitas tinggi, pemasangan mudah. Sangat memuaskan.",2024-05-08,"Material berkualitas tinggi, pemasangan mudah. Sangat memuaskan.",Positive
960,Internal Lock Washer 6,Kevin Pratama,kevin.p@yahoo.com,1,Barang tidak sesuai spesifikasi yang tertera. Kecewa!,2024-06-29,Barang tidak sesuai spesifikasi yang tertera. Kecewa!,Negative
961,Internal Lock Washer 10,Gita Permata,gita.p@outlook.com,4,Best purchase ever! Produk ini benar-benar memenuhi semua kebutuhan saya.,2024-01-04,Best purchase ever! Produk ini benar-benar memenuhi semua kebutuhan saya.,Positive
962,Internal Lock Washer 10,Aldo Pratama,aldo.p@outlook.com,2,Kualitas jauh di bawah harga yang dipatok. Menyesal beli.,2024-04-27,Kualitas jauh di bawah harga yang dipatok. Menyesal beli.,Neutral
963,Internal Lock Washer 10,Maya Putri,maya.p@hotmail.com,4,"Pas banget sama yang saya butuhkan, ukuran dan kualitas sesuai.",2024-03-17,"Pas banget sama yang saya butuhkan, ukuran dan kualitas sesuai.",Positive
964,Internal Lock Washer 10,Kartika Sari,kartika.s@gmail.com,5,"Packaging rapi, produk mulus tidak ada cacat. Bintang 5 layak!",2024-04-27,"Packaging rapi, produk mulus tidak ada cacat. Bintang 5 layak!",Positive
965,Internal Lock Washer 10,Pita Sari,pita.s@gmail.com,3,"Cukup fungsional, meski ada beberapa kekurangan minor.",2024-12-11,"Cukup fungsional, meski ada beberapa kekurangan minor.",Negative
966,Internal Lock Washer 10,Xander Pratama,xander.p@yahoo.com,4,"Packaging rapi, produk mulus tidak ada cacat. Bintang 5 layak!",2024-07-29,"Packaging rapi, produk mulus tidak ada cacat. Bintang 5 layak!",Positive
967,Internal Lock Washer 10,Andi Pratama,andi.p@yahoo.com,5,Best purchase ever! Produk ini benar-benar memenuhi semua kebutuhan saya.,2024-10-30,Best purchase ever! Produk ini benar-benar memenuhi semua kebutuhan saya.,Positive
968,Internal Lock Washer 10,Hani Pertiwi,hani.p@gmail.com,5,Best purchase ever! Produk ini benar-benar memenuhi semua kebutuhan saya.,2024-03-16,Best purchase ever! Produk ini benar-benar memenuhi semua kebutuhan saya.,Positive
969,Internal Lock Washer 10,Lina Susanti,lina.s@yahoo.com,5,"Material berkualitas tinggi, pemasangan mudah. Sangat memuaskan.",2024-07-26,"Material berkualitas tinggi, pemasangan mudah. Sangat memuaskan.",Positive
970,Internal Lock Washer 10,Miko Andrianto,miko.a@gmail.com,1,Pemasangan sangat susah dan hasilnya tidak memuaskan.,2024-02-13,Pemasangan sangat susah dan hasilnya tidak memuaskan.,Negative
971,Internal Lock Washer 1,Ola Puspita,ola.p@outlook.com,4,Cocok banget untuk kebutuhan saya. Mantap dan terpercaya!,2024-03-28,Cocok banget untuk kebutuhan saya. Mantap dan terpercaya!,Positive
972,Internal Lock Washer 1,Pandu Wicaksono,pandu.w@yahoo.com,3,"Sesuai deskripsi, tapi ekspektasi saya sedikit lebih tinggi.",2024-11-15,"Sesuai deskripsi, tapi ekspektasi saya sedikit lebih tinggi.",Positive
973,Internal Lock Washer 1,Udin Setiawan,udin.s@yahoo.com,4,"Sudah lama cari produk seperti ini, akhirnya ketemu yang tepat.",2024-12-17,"Sudah lama cari produk seperti ini, akhirnya ketemu yang tepat.",Positive
974,Internal Lock Washer 1,Fahmi Ardiansyah,fahmi.a@gmail.com,2,"Material terasa murahan, tidak sesuai foto di deskripsi.",2024-07-12,"Material terasa murahan, tidak sesuai foto di deskripsi.",Negative
975,Internal Lock Washer 1,Lisa Maharani,lisa.m@gmail.com,5,"Pas banget sama yang saya butuhkan, ukuran dan kualitas sesuai.",2024-09-24,"Pas banget sama yang saya butuhkan, ukuran dan kualitas sesuai.",Positive
976,Internal Lock Washer 1,Aldo Pratama,aldo.p@yahoo.com,3,"Lumayan bagus, tapi ada beberapa hal yang bisa diperbaiki.",2024-03-31,"Lumayan bagus, tapi ada beberapa hal yang bisa diperbaiki.",Positive
977,Internal Lock Washer 1,Wati Susanti,wati.s@gmail.com,2,Produk cepat rusak setelah pemakaian singkat. Tidak recommended.,2024-02-17,Produk cepat rusak setelah pemakaian singkat. Tidak recommended.,Negative
978,Internal Lock Washer 1,Xander Pratama,xander.p@gmail.com,3,Material oke tapi proses pemasangan agak tricky.,2024-09-24,Material oke tapi proses pemasangan agak tricky.,Positive
979,Internal Lock Washer 1,Pita Sari,pita.s@gmail.com,5,"Sudah lama cari produk seperti ini, akhirnya ketemu yang tepat.",2024-09-28,"Sudah lama cari produk seperti ini, akhirnya ketemu yang tepat.",Positive
980,Internal Lock Washer 1,Qira Wulandari,qira.w@outlook.com,5,Kualitas jauh lebih baik dari yang saya bayangkan. Worth every rupiah!,2024-07-14,Kualitas jauh lebih baik dari yang saya bayangkan. Worth every rupiah!,Positive
981,Internal Lock Washer 8,Gita Permata,gita.p@gmail.com,4,Tidak menyesal beli produk ini. Kualitasnya jauh melebihi ekspektasi.,2024-03-09,Tidak menyesal beli produk ini. Kualitasnya jauh melebihi ekspektasi.,Positive
982,Internal Lock Washer 8,Tegar Prasetyo,tegar.p@yahoo.com,4,"Barang bagus, pengiriman cepat. Sangat puas dengan pembelian ini.",2024-05-25,"Barang bagus, pengiriman cepat. Sangat puas dengan pembelian ini.",Positive
983,Internal Lock Washer 8,Miko Andrianto,miko.a@outlook.com,2,Pemasangan sangat susah dan hasilnya tidak memuaskan.,2024-04-06,Pemasangan sangat susah dan hasilnya tidak memuaskan.,Negative
984,Internal Lock Washer 8,Budi Santoso,budi.s@gmail.com,3,"Lumayan bagus, tapi ada beberapa hal yang bisa diperbaiki.",2024-09-23,"Lumayan bagus, tapi ada beberapa hal yang bisa diperbaiki.",Positive
985,Internal Lock Washer 8,Budi Santoso,budi.s@yahoo.com,5,"Sudah lama cari produk seperti ini, akhirnya ketemu yang tepat.",2024-06-10,"Sudah lama cari produk seperti ini, akhirnya ketemu yang tepat.",Positive
986,Internal Lock Washer 8,Omar Siddiq,omar.s@yahoo.com,5,Tidak menyesal beli produk ini. Kualitasnya jauh melebihi ekspektasi.,2024-11-29,Tidak menyesal beli produk ini. Kualitasnya jauh melebihi ekspektasi.,Positive
987,Internal Lock Washer 8,Kiki Rahmat,kiki.r@outlook.com,5,Best purchase ever! Produk ini benar-benar memenuhi semua kebutuhan saya.,2024-07-06,Best purchase ever! Produk ini benar-benar memenuhi semua kebutuhan saya.,Positive
988,Internal Lock Washer 8,Oscar Halim,oscar.h@outlook.com,5,Kualitas jauh lebih baik dari yang saya bayangkan. Worth every rupiah!,2024-04-14,Kualitas jauh lebih baik dari yang saya bayangkan. Worth every rupiah!,Positive
989,Internal Lock Washer 8,Omar Siddiq,omar.s@outlook.com,4,"Kualitas premium, material terasa solid dan tahan lama. Recommended!",2024-07-08,"Kualitas premium, material terasa solid dan tahan lama. Recommended!",Positive
990,Internal Lock Washer 8,Hilda Wahyuni,hilda.w@hotmail.com,4,"Sudah pakai 3 bulan, tidak ada masalah sama sekali. Beli lagi!",2024-10-22,"Sudah pakai 3 bulan, tidak ada masalah sama sekali. Beli lagi!",Neutral
991,Internal Lock Washer 2,Gita Permata,gita.p@outlook.com,3,"Sesuai deskripsi, tapi ekspektasi saya sedikit lebih tinggi.",2024-12-03,"Sesuai deskripsi, tapi ekspektasi saya sedikit lebih tinggi.",Positive
992,Internal Lock Washer 2,Clara Dewi,clara.d@outlook.com,3,"Sesuai deskripsi, tapi ekspektasi saya sedikit lebih tinggi.",2024-02-21,"Sesuai deskripsi, tapi ekspektasi saya sedikit lebih tinggi.",Positive
993,Internal Lock Washer 2,Ola Puspita,ola.p@hotmail.com,4,Kualitas jauh lebih baik dari yang saya bayangkan. Worth every rupiah!,2024-10-08,Kualitas jauh lebih baik dari yang saya bayangkan. Worth every rupiah!,Positive
994,Internal Lock Washer 2,Oscar Halim,oscar.h@gmail.com,3,"Sesuai deskripsi, tapi ekspektasi saya sedikit lebih tinggi.",2024-07-18,"Sesuai deskripsi, tapi ekspektasi saya sedikit lebih tinggi.",Positive
995,Internal Lock Washer 2,Rika Purnama,rika.p@gmail.com,5,"Kualitas premium, material terasa solid dan tahan lama. Recommended!",2024-08-29,"Kualitas premium, material terasa solid dan tahan lama. Recommended!",Positive
996,Internal Lock Washer 2,Miko Andrianto,miko.a@gmail.com,4,"Sudah pakai 3 bulan, tidak ada masalah sama sekali. Beli lagi!",2024-04-23,"Sudah pakai 3 bulan, tidak ada masalah sama sekali. Beli lagi!",Neutral
997,Internal Lock Washer 2,Julia Anggraini,julia.a@gmail.com,5,"Sudah lama cari produk seperti ini, akhirnya ketemu yang tepat.",2024-07-15,"Sudah lama cari produk seperti ini, akhirnya ketemu yang tepat.",Positive
998,Internal Lock Washer 2,Nela Puspita,nela.p@hotmail.com,4,"Sudah lama cari produk seperti ini, akhirnya ketemu yang tepat.",2024-11-01,"Sudah lama cari produk seperti ini, akhirnya ketemu yang tepat.",Positive
999,Internal Lock Washer 2,Lina Susanti,lina.s@yahoo.com,2,Kualitas kontrol perlu ditingkatkan. Produk cacat saat datang.,2024-08-12,Kualitas kontrol perlu ditingkatkan. Produk cacat saat datang.,Negative
1000,Internal Lock Washer 2,Dewi Rahayu,dewi.r@hotmail.com,5,"Pas banget sama yang saya butuhkan, ukuran dan kualitas sesuai.",2024-01-18,"Pas banget sama yang saya butuhkan, ukuran dan kualitas sesuai.",Positive
