id_review,nama_produk,nama_pelanggan,email_pelanggan,bintang,ulasan,tanggal_review
1,Adjustable Race,Rika Purnama,rika.p@hotmail.com,5,"Pas banget sama yang saya butuhkan, ukuran dan kualitas sesuai.",2024-04-24
2,Adjustable Race,Eka Saputra,eka.s@gmail.com,3,Material oke tapi proses pemasangan agak tricky.,2024-01-17
3,Adjustable Race,Siti Nurhaliza,siti.n@yahoo.com,5,"Material berkualitas tinggi, pemasangan mudah. Sangat memuaskan.",2024-11-04
4,Adjustable Race,Siti Nurhaliza,siti.n@outlook.com,4,"Pas banget sama yang saya butuhkan, ukuran dan kualitas sesuai.",2024-08-17
5,Adjustable Race,Laila Fitriani,laila.f@gmail.com,5,Kualitas jauh lebih baik dari yang saya bayangkan. Worth every rupiah!,2024-03-22
6,Adjustable Race,Zaki Mubarak,zaki.m@hotmail.com,4,"Kualitas premium, material terasa solid dan tahan lama. Recommended!",2024-04-20
7,Adjustable Race,Hendra Kurnia,hendra.k@gmail.com,5,Tidak menyesal beli produk ini. Kualitasnya jauh melebihi ekspektasi.,2024-02-19
8,Adjustable Race,Hafiz Ramadhan,hafiz.r@hotmail.com,3,Produk cukup oke untuk harga segini. Tidak ada yang istimewa.,2024-08-23
9,Adjustable Race,Elsa Purnama,elsa.p@outlook.com,5,"Barang bagus, pengiriman cepat. Sangat puas dengan pembelian ini.",2024-10-09
10,Adjustable Race,Zahra Amini,zahra.a@hotmail.com,3,"Kualitas standar, cocok untuk penggunaan sehari-hari biasa.",2024-12-26
11,Bearing Ball,Hendra Wijaya,hendra.w@yahoo.com,5,Kualitas jauh lebih baik dari yang saya bayangkan. Worth every rupiah!,2024-05-28
12,Bearing Ball,Rizki Hamdani,rizki.h@gmail.com,2,Barang tidak sesuai spesifikasi yang tertera. Kecewa!,2024-05-22
13,Bearing Ball,Umi Kalsum,umi.k@hotmail.com,4,"Kualitas premium, material terasa solid dan tahan lama. Recommended!",2024-07-08
14,Bearing Ball,Hafiz Ramadhan,hafiz.r@hotmail.com,5,"Sudah lama cari produk seperti ini, akhirnya ketemu yang tepat.",2024-12-15
15,Bearing Ball,Sandro Putra,sandro.p@yahoo.com,5,"Material berkualitas tinggi, pemasangan mudah. Sangat memuaskan.",2024-05-05
16,Bearing Ball,Hani Pertiwi,hani.p@hotmail.com,4,"Packaging rapi, produk mulus tidak ada cacat. Bintang 5 layak!",2024-12-18
17,Bearing Ball,Hilda Wahyuni,hilda.w@hotmail.com,5,Kualitas jauh lebih baik dari yang saya bayangkan. Worth every rupiah!,2024-01-29
18,Bearing Ball,Qori Amalia,qori.a@hotmail.com,3,Material oke tapi proses pemasangan agak tricky.,2024-05-17
19,Bearing Ball,Hendra Wijaya,hendra.w@hotmail.com,5,"Pas banget sama yang saya butuhkan, ukuran dan kualitas sesuai.",2024-12-01
20,Bearing Ball,Zulfa Aulia,zulfa.a@outlook.com,5,"Kualitas premium, material terasa solid dan tahan lama. Recommended!",2024-05-15
21,BB Ball Bearing,Eka Saputra,eka.s@hotmail.com,5,"Sudah lama cari produk seperti ini, akhirnya ketemu yang tepat.",2024-10-26
22,BB Ball Bearing,Qira Wulandari,qira.w@outlook.com,2,"Tidak tahan lama, baru dipakai beberapa kali sudah rusak.",2024-04-22
23,BB Ball Bearing,Eka Saputra,eka.s@gmail.com,4,Kualitas jauh lebih baik dari yang saya bayangkan. Worth every rupiah!,2024-01-25
24,BB Ball Bearing,Bagas Setiawan,bagas.s@yahoo.com,5,Kualitas jauh lebih baik dari yang saya bayangkan. Worth every rupiah!,2024-12-14
25,BB Ball Bearing,Qira Wulandari,qira.w@outlook.com,4,Tidak menyesal beli produk ini. Kualitasnya jauh melebihi ekspektasi.,2024-11-01
26,BB Ball Bearing,Victor Halim,victor.h@gmail.com,4,"Packaging rapi, produk mulus tidak ada cacat. Bintang 5 layak!",2024-02-28
27,BB Ball Bearing,Xena Putri,xena.p@hotmail.com,2,"Tidak tahan lama, baru dipakai beberapa kali sudah rusak.",2024-02-27
28,BB Ball Bearing,Zahra Amini,zahra.a@outlook.com,4,"Produk sangat memuaskan, kualitas terjamin dan sesuai deskripsi!",2024-05-14
29,BB Ball Bearing,Aldo Pratama,aldo.p@gmail.com,3,"Tidak buruk, tidak terlalu bagus. Cukup untuk kebutuhan.",2024-11-23
30,BB Ball Bearing,Aldo Pratama,aldo.p@yahoo.com,4,"Produk original, harga worth it. Teman-teman juga ikut beli.",2024-03-23
31,Headset Ball Bearings,Fauzan Hidayat,fauzan.h@gmail.com,1,"Tidak tahan lama, baru dipakai beberapa kali sudah rusak.",2024-09-07
32,Headset Ball Bearings,Andi Pratama,andi.p@hotmail.com,5,Kualitas jauh lebih baik dari yang saya bayangkan. Worth every rupiah!,2024-06-06
33,Headset Ball Bearings,Rafi Aldiansyah,rafi.a@gmail.com,5,"Barang bagus, pengiriman cepat. Sangat puas dengan pembelian ini.",2024-09-05
34,Headset Ball Bearings,Hendra Wijaya,hendra.w@yahoo.com,1,Kualitas jauh di bawah harga yang dipatok. Menyesal beli.,2024-12-03
35,Headset Ball Bearings,Wati Susanti,wati.s@yahoo.com,2,Pemasangan sangat susah dan hasilnya tidak memuaskan.,2024-09-27
36,Headset Ball Bearings,Nina Kartika,nina.k@yahoo.com,4,"Material berkualitas tinggi, pemasangan mudah. Sangat memuaskan.",2024-12-19
37,Headset Ball Bearings,Mira Handayani,mira.h@outlook.com,3,"Biasa saja, tapi harga terjangkau jadi tidak terlalu kecewa.",2024-08-12
38,Headset Ball Bearings,Cinta Melati,cinta.m@yahoo.com,4,"Pas banget sama yang saya butuhkan, ukuran dan kualitas sesuai.",2024-02-02
39,Headset Ball Bearings,Fahmi Ardiansyah,fahmi.a@yahoo.com,5,Best purchase ever! Produk ini benar-benar memenuhi semua kebutuhan saya.,2024-04-22
40,Headset Ball Bearings,Budi Santoso,budi.s@gmail.com,5,"Pas banget sama yang saya butuhkan, ukuran dan kualitas sesuai.",2024-02-04
41,Blade,Reza Maulana,reza.m@gmail.com,2,"Material terasa murahan, tidak sesuai foto di deskripsi.",2024-05-22
42,Blade,Vira Anggraeni,vira.a@yahoo.com,4,"Sudah lama cari produk seperti ini, akhirnya ketemu yang tepat.",2024-10-19
43,Blade,Jaka Samudra,jaka.s@outlook.com,4,Kualitas jauh lebih baik dari yang saya bayangkan. Worth every rupiah!,2024-07-27
44,Blade,Lutfi Rahman,lutfi.r@outlook.com,5,"Produk original, harga worth it. Teman-teman juga ikut beli.",2024-08-04
45,Blade,Omar Siddiq,omar.s@gmail.com,4,"Packaging rapi, produk mulus tidak ada cacat. Bintang 5 layak!",2024-11-30
46,Blade,Sandro Putra,sandro.p@outlook.com,5,"Sudah lama cari produk seperti ini, akhirnya ketemu yang tepat.",2024-06-22
47,Blade,Yuni Astuti,yuni.a@yahoo.com,5,"Material berkualitas tinggi, pemasangan mudah. Sangat memuaskan.",2024-08-17
48,Blade,Eka Saputra,eka.s@hotmail.com,4,Cocok banget untuk kebutuhan saya. Mantap dan terpercaya!,2024-05-07
49,Blade,Maya Putri,maya.p@gmail.com,4,"Produk sangat memuaskan, kualitas terjamin dan sesuai deskripsi!",2024-11-29
50,Blade,Fauzan Hidayat,fauzan.h@gmail.com,3,"Kualitas standar, cocok untuk penggunaan sehari-hari biasa.",2024-03-26
51,LL Crankarm,Omar Siddiq,omar.s@yahoo.com,4,Tidak menyesal beli produk ini. Kualitasnya jauh melebihi ekspektasi.,2024-01-31
52,LL Crankarm,Irwan Saputro,irwan.s@outlook.com,5,"Sudah pakai 3 bulan, tidak ada masalah sama sekali. Beli lagi!",2024-08-20
53,LL Crankarm,Yoga Pratama,yoga.p@outlook.com,4,"Kualitas premium, material terasa solid dan tahan lama. Recommended!",2024-04-07
54,LL Crankarm,Zahra Amini,zahra.a@gmail.com,5,Best purchase ever! Produk ini benar-benar memenuhi semua kebutuhan saya.,2024-10-04
55,LL Crankarm,Lina Susanti,lina.s@gmail.com,3,Produk cukup oke untuk harga segini. Tidak ada yang istimewa.,2024-10-26
56,LL Crankarm,Xander Pratama,xander.p@yahoo.com,4,"Produk sangat memuaskan, kualitas terjamin dan sesuai deskripsi!",2024-09-17
57,LL Crankarm,Rizki Hamdani,rizki.h@gmail.com,2,Produk cepat rusak setelah pemakaian singkat. Tidak recommended.,2024-12-11
58,LL Crankarm,Rafi Aldiansyah,rafi.a@yahoo.com,4,Best purchase ever! Produk ini benar-benar memenuhi semua kebutuhan saya.,2024-10-31
59,LL Crankarm,Indah Permata,indah.p@outlook.com,4,"Packaging rapi, produk mulus tidak ada cacat. Bintang 5 layak!",2024-10-25
60,LL Crankarm,Ivan Kurniawan,ivan.k@hotmail.com,4,"Pas banget sama yang saya butuhkan, ukuran dan kualitas sesuai.",2024-12-08
61,ML Crankarm,Bella Anggraini,bella.a@hotmail.com,5,Tidak menyesal beli produk ini. Kualitasnya jauh melebihi ekspektasi.,2024-03-08
62,ML Crankarm,Vira Anggraeni,vira.a@outlook.com,4,"Produk original, harga worth it. Teman-teman juga ikut beli.",2024-02-07
63,ML Crankarm,Dewi Rahayu,dewi.r@gmail.com,4,"Barang bagus, pengiriman cepat. Sangat puas dengan pembelian ini.",2024-10-02
64,ML Crankarm,Ola Puspita,ola.p@yahoo.com,4,"Produk original, harga worth it. Teman-teman juga ikut beli.",2024-02-05
65,ML Crankarm,Salsa Nabila,salsa.n@yahoo.com,5,Cocok banget untuk kebutuhan saya. Mantap dan terpercaya!,2024-10-05
66,ML Crankarm,Aditya Nugraha,aditya.n@gmail.com,5,"Packaging rapi, produk mulus tidak ada cacat. Bintang 5 layak!",2024-10-10
67,ML Crankarm,Agus Salim,agus.s@gmail.com,2,Kualitas jauh di bawah harga yang dipatok. Menyesal beli.,2024-05-15
68,ML Crankarm,Bagas Setiawan,bagas.s@yahoo.com,2,Pemasangan sangat susah dan hasilnya tidak memuaskan.,2024-05-24
69,ML Crankarm,Nina Kartika,nina.k@hotmail.com,5,"Pas banget sama yang saya butuhkan, ukuran dan kualitas sesuai.",2024-12-17
70,ML Crankarm,Rika Purnama,rika.p@outlook.com,2,Pemasangan sangat susah dan hasilnya tidak memuaskan.,2024-01-27
71,HL Crankarm,Nanda Kurnia,nanda.k@hotmail.com,4,"Produk sangat memuaskan, kualitas terjamin dan sesuai deskripsi!",2024-01-02
72,HL Crankarm,Evi Susanti,evi.s@hotmail.com,3,"Sesuai deskripsi, tapi ekspektasi saya sedikit lebih tinggi.",2024-08-14
73,HL Crankarm,Gilang Saputra,gilang.s@gmail.com,3,"Lumayan bagus, tapi ada beberapa hal yang bisa diperbaiki.",2024-02-08
74,HL Crankarm,Yola Safitri,yola.s@gmail.com,2,"Tidak tahan lama, baru dipakai beberapa kali sudah rusak.",2024-10-25
75,HL Crankarm,Gilang Saputra,gilang.s@yahoo.com,5,"Produk sangat memuaskan, kualitas terjamin dan sesuai deskripsi!",2024-06-06
76,HL Crankarm,Indra Setiawan,indra.s@gmail.com,2,"Tidak tahan lama, baru dipakai beberapa kali sudah rusak.",2024-04-17
77,HL Crankarm,Xena Putri,xena.p@gmail.com,5,"Produk original, harga worth it. Teman-teman juga ikut beli.",2024-10-13
78,HL Crankarm,Omar Siddiq,omar.s@yahoo.com,1,"Material terasa murahan, tidak sesuai foto di deskripsi.",2024-03-24
79,HL Crankarm,Joko Purnomo,joko.p@gmail.com,2,Kualitas jauh di bawah harga yang dipatok. Menyesal beli.,2024-06-19
80,HL Crankarm,Omar Siddiq,omar.s@yahoo.com,3,"Tidak buruk, tidak terlalu bagus. Cukup untuk kebutuhan.",2024-03-22
81,Chainring Bolts,Zaki Mubarak,zaki.m@gmail.com,5,Cocok banget untuk kebutuhan saya. Mantap dan terpercaya!,2024-04-23
82,Chainring Bolts,Mira Handayani,mira.h@outlook.com,3,"Biasa saja, tapi harga terjangkau jadi tidak terlalu kecewa.",2024-06-05
83,Chainring Bolts,Qori Amalia,qori.a@yahoo.com,5,Tidak menyesal beli produk ini. Kualitasnya jauh melebihi ekspektasi.,2024-06-17
84,Chainring Bolts,Winda Kurniawati,winda.k@hotmail.com,2,"Tidak tahan lama, baru dipakai beberapa kali sudah rusak.",2024-11-24
85,Chainring Bolts,Bintang Nugraha,bintang.n@hotmail.com,5,"Produk sangat memuaskan, kualitas terjamin dan sesuai deskripsi!",2024-02-29
86,Chainring Bolts,Ulfa Rohmah,ulfa.r@hotmail.com,5,"Produk sangat memuaskan, kualitas terjamin dan sesuai deskripsi!",2024-02-25
87,Chainring Bolts,Miko Andrianto,miko.a@hotmail.com,4,Tidak menyesal beli produk ini. Kualitasnya jauh melebihi ekspektasi.,2024-11-06
88,Chainring Bolts,Bintang Nugraha,bintang.n@yahoo.com,5,"Sudah pakai 3 bulan, tidak ada masalah sama sekali. Beli lagi!",2024-01-23
89,Chainring Bolts,Aditya Nugraha,aditya.n@yahoo.com,4,"Produk original, harga worth it. Teman-teman juga ikut beli.",2024-08-08
90,Chainring Bolts,Hendra Wijaya,hendra.w@hotmail.com,2,"Tidak tahan lama, baru dipakai beberapa kali sudah rusak.",2024-12-05
91,Chainring Nut,Clara Dewi,clara.d@hotmail.com,3,"Tidak buruk, tidak terlalu bagus. Cukup untuk kebutuhan.",2024-12-07
92,Chainring Nut,Omar Siddiq,omar.s@hotmail.com,5,"Material berkualitas tinggi, pemasangan mudah. Sangat memuaskan.",2024-03-06
93,Chainring Nut,Lutfi Rahman,lutfi.r@outlook.com,4,"Packaging rapi, produk mulus tidak ada cacat. Bintang 5 layak!",2024-03-30
94,Chainring Nut,Oscar Halim,oscar.h@outlook.com,4,"Material berkualitas tinggi, pemasangan mudah. Sangat memuaskan.",2024-01-01
95,Chainring Nut,Agus Salim,agus.s@outlook.com,5,Kualitas jauh lebih baik dari yang saya bayangkan. Worth every rupiah!,2024-10-23
96,Chainring Nut,Nina Kartika,nina.k@outlook.com,3,"Cukup fungsional, meski ada beberapa kekurangan minor.",2024-08-14
97,Chainring Nut,Wawan Hermawan,wawan.h@outlook.com,5,Kualitas jauh lebih baik dari yang saya bayangkan. Worth every rupiah!,2024-03-27
98,Chainring Nut,Udin Setiawan,udin.s@hotmail.com,5,"Barang bagus, pengiriman cepat. Sangat puas dengan pembelian ini.",2024-04-30
99,Chainring Nut,Wawan Hermawan,wawan.h@yahoo.com,5,"Kualitas premium, material terasa solid dan tahan lama. Recommended!",2024-01-13
100,Chainring Nut,Indah Permata,indah.p@outlook.com,5,Best purchase ever! Produk ini benar-benar memenuhi semua kebutuhan saya.,2024-02-07
101,Chainring,Umi Kalsum,umi.k@yahoo.com,4,"Sudah lama cari produk seperti ini, akhirnya ketemu yang tepat.",2024-12-22
102,Chainring,Lisa Maharani,lisa.m@yahoo.com,4,"Kualitas premium, material terasa solid dan tahan lama. Recommended!",2024-12-01
103,Chainring,Yola Safitri,yola.s@gmail.com,5,Kualitas jauh lebih baik dari yang saya bayangkan. Worth every rupiah!,2024-08-05
104,Chainring,Pandu Wicaksono,pandu.w@outlook.com,5,"Produk sangat memuaskan, kualitas terjamin dan sesuai deskripsi!",2024-10-12
105,Chainring,Salsa Nabila,salsa.n@gmail.com,2,Kualitas kontrol perlu ditingkatkan. Produk cacat saat datang.,2024-03-09
106,Chainring,Victor Halim,victor.h@hotmail.com,3,"Cukup fungsional, meski ada beberapa kekurangan minor.",2024-11-09
107,Chainring,Candra Wijaya,candra.w@outlook.com,2,Kualitas kontrol perlu ditingkatkan. Produk cacat saat datang.,2024-03-22
108,Chainring,Fira Ramadhani,fira.r@outlook.com,2,Pemasangan sangat susah dan hasilnya tidak memuaskan.,2024-05-06
109,Chainring,Rika Purnama,rika.p@outlook.com,5,"Packaging rapi, produk mulus tidak ada cacat. Bintang 5 layak!",2024-05-02
110,Chainring,Winda Kurniawati,winda.k@hotmail.com,4,"Pas banget sama yang saya butuhkan, ukuran dan kualitas sesuai.",2024-05-19
111,Crown Race,Evi Susanti,evi.s@gmail.com,5,"Kualitas premium, material terasa solid dan tahan lama. Recommended!",2024-03-18
112,Crown Race,Qori Amalia,qori.a@yahoo.com,5,"Sudah lama cari produk seperti ini, akhirnya ketemu yang tepat.",2024-04-19
113,Crown Race,Hendra Wijaya,hendra.w@hotmail.com,4,"Material berkualitas tinggi, pemasangan mudah. Sangat memuaskan.",2024-08-26
114,Crown Race,Pita Sari,pita.s@outlook.com,5,Tidak menyesal beli produk ini. Kualitasnya jauh melebihi ekspektasi.,2024-10-26
115,Crown Race,Zaki Mubarak,zaki.m@outlook.com,5,Cocok banget untuk kebutuhan saya. Mantap dan terpercaya!,2024-01-04
116,Crown Race,Hafiz Ramadhan,hafiz.r@outlook.com,5,Tidak menyesal beli produk ini. Kualitasnya jauh melebihi ekspektasi.,2024-10-02
117,Crown Race,Fira Ramadhani,fira.r@yahoo.com,3,"Cukup fungsional, meski ada beberapa kekurangan minor.",2024-04-22
118,Crown Race,Vino Pratama,vino.p@gmail.com,4,Tidak menyesal beli produk ini. Kualitasnya jauh melebihi ekspektasi.,2024-06-21
119,Crown Race,Vira Anggraeni,vira.a@outlook.com,3,"Sesuai deskripsi, tapi ekspektasi saya sedikit lebih tinggi.",2024-08-27
120,Crown Race,Doni Firmansyah,doni.f@gmail.com,1,Barang tidak sesuai spesifikasi yang tertera. Kecewa!,2024-10-30
121,Chain Stays,Ivan Kurniawan,ivan.k@gmail.com,3,Material oke tapi proses pemasangan agak tricky.,2024-03-10
122,Chain Stays,Victor Halim,victor.h@hotmail.com,5,Tidak menyesal beli produk ini. Kualitasnya jauh melebihi ekspektasi.,2024-06-16
123,Chain Stays,Ola Puspita,ola.p@hotmail.com,4,Kualitas jauh lebih baik dari yang saya bayangkan. Worth every rupiah!,2024-07-13
124,Chain Stays,Winda Kurniawati,winda.k@outlook.com,3,"Tidak buruk, tidak terlalu bagus. Cukup untuk kebutuhan.",2024-02-11
125,Chain Stays,Wati Susanti,wati.s@gmail.com,5,"Produk original, harga worth it. Teman-teman juga ikut beli.",2024-04-24
126,Chain Stays,Tasya Maharani,tasya.m@gmail.com,5,Kualitas jauh lebih baik dari yang saya bayangkan. Worth every rupiah!,2024-01-16
127,Chain Stays,Salsa Nabila,salsa.n@gmail.com,5,Best purchase ever! Produk ini benar-benar memenuhi semua kebutuhan saya.,2024-03-19
128,Chain Stays,Rafi Aldiansyah,rafi.a@gmail.com,5,Best purchase ever! Produk ini benar-benar memenuhi semua kebutuhan saya.,2024-04-21
129,Chain Stays,Victor Halim,victor.h@hotmail.com,3,"Sesuai deskripsi, tapi ekspektasi saya sedikit lebih tinggi.",2024-11-06
130,Chain Stays,Nina Kartika,nina.k@gmail.com,1,Kualitas jauh di bawah harga yang dipatok. Menyesal beli.,2024-06-08
131,Decal 1,Yuni Astuti,yuni.a@hotmail.com,4,Best purchase ever! Produk ini benar-benar memenuhi semua kebutuhan saya.,2024-12-12
132,Decal 1,Kevin Pratama,kevin.p@yahoo.com,5,"Barang bagus, pengiriman cepat. Sangat puas dengan pembelian ini.",2024-10-30
133,Decal 1,Yola Safitri,yola.s@yahoo.com,3,"Lumayan bagus, tapi ada beberapa hal yang bisa diperbaiki.",2024-12-22
134,Decal 1,Irma Susanti,irma.s@gmail.com,5,Kualitas jauh lebih baik dari yang saya bayangkan. Worth every rupiah!,2024-10-16
135,Decal 1,Indah Permata,indah.p@outlook.com,5,"Packaging rapi, produk mulus tidak ada cacat. Bintang 5 layak!",2024-07-08
136,Decal 1,Hendra Wijaya,hendra.w@hotmail.com,4,"Produk sangat memuaskan, kualitas terjamin dan sesuai deskripsi!",2024-08-03
137,Decal 1,Yeni Rahma,yeni.r@hotmail.com,5,"Packaging rapi, produk mulus tidak ada cacat. Bintang 5 layak!",2024-08-23
138,Decal 1,Aditya Nugraha,aditya.n@yahoo.com,5,"Sudah lama cari produk seperti ini, akhirnya ketemu yang tepat.",2024-09-24
139,Decal 1,Tasya Maharani,tasya.m@outlook.com,5,Cocok banget untuk kebutuhan saya. Mantap dan terpercaya!,2024-08-11
140,Decal 1,Dina Marlina,dina.m@hotmail.com,4,"Pas banget sama yang saya butuhkan, ukuran dan kualitas sesuai.",2024-02-14
141,Decal 2,Winda Kurniawati,winda.k@yahoo.com,2,Kualitas kontrol perlu ditingkatkan. Produk cacat saat datang.,2024-10-18
142,Decal 2,Oscar Halim,oscar.h@hotmail.com,3,Produk cukup oke untuk harga segini. Tidak ada yang istimewa.,2024-09-10
143,Decal 2,Dedi Kurniawan,dedi.k@yahoo.com,5,"Produk original, harga worth it. Teman-teman juga ikut beli.",2024-05-12
144,Decal 2,Fahmi Ardiansyah,fahmi.a@hotmail.com,5,"Material berkualitas tinggi, pemasangan mudah. Sangat memuaskan.",2024-01-06
145,Decal 2,Cinta Melati,cinta.m@gmail.com,2,"Material terasa murahan, tidak sesuai foto di deskripsi.",2024-07-27
146,Decal 2,Yeni Rahma,yeni.r@yahoo.com,4,"Sudah lama cari produk seperti ini, akhirnya ketemu yang tepat.",2024-08-31
147,Decal 2,Sandro Putra,sandro.p@outlook.com,3,Produk cukup oke untuk harga segini. Tidak ada yang istimewa.,2024-02-17
148,Decal 2,Zahra Amini,zahra.a@yahoo.com,5,"Sudah pakai 3 bulan, tidak ada masalah sama sekali. Beli lagi!",2024-12-05
149,Decal 2,Kiki Rahmat,kiki.r@hotmail.com,5,Tidak menyesal beli produk ini. Kualitasnya jauh melebihi ekspektasi.,2024-10-08
150,Decal 2,Evi Susanti,evi.s@outlook.com,5,"Sudah pakai 3 bulan, tidak ada masalah sama sekali. Beli lagi!",2024-06-05
151,Down Tube,Tegar Prasetyo,tegar.p@yahoo.com,5,"Produk original, harga worth it. Teman-teman juga ikut beli.",2024-03-02
152,Down Tube,Fira Ramadhani,fira.r@yahoo.com,4,"Pas banget sama yang saya butuhkan, ukuran dan kualitas sesuai.",2024-04-20
153,Down Tube,Edo Prasetyo,edo.p@hotmail.com,4,"Barang bagus, pengiriman cepat. Sangat puas dengan pembelian ini.",2024-04-09
154,Down Tube,Zahra Amini,zahra.a@yahoo.com,5,"Sudah pakai 3 bulan, tidak ada masalah sama sekali. Beli lagi!",2024-01-08
155,Down Tube,Aditya Nugraha,aditya.n@hotmail.com,4,"Produk sangat memuaskan, kualitas terjamin dan sesuai deskripsi!",2024-01-28
156,Down Tube,Gilang Saputra,gilang.s@yahoo.com,5,"Packaging rapi, produk mulus tidak ada cacat. Bintang 5 layak!",2024-09-08
157,Down Tube,Yuni Astuti,yuni.a@hotmail.com,2,Kualitas kontrol perlu ditingkatkan. Produk cacat saat datang.,2024-09-02
158,Down Tube,Sari Dewi,sari.d@gmail.com,5,"Sudah pakai 3 bulan, tidak ada masalah sama sekali. Beli lagi!",2024-09-01
159,Down Tube,Bagas Setiawan,bagas.s@outlook.com,3,"Cukup fungsional, meski ada beberapa kekurangan minor.",2024-02-07
160,Down Tube,Jaka Samudra,jaka.s@gmail.com,4,"Kualitas premium, material terasa solid dan tahan lama. Recommended!",2024-03-17
161,Mountain End Caps,Ivan Kurniawan,ivan.k@gmail.com,2,"Material terasa murahan, tidak sesuai foto di deskripsi.",2024-03-01
162,Mountain End Caps,Hilda Wahyuni,hilda.w@yahoo.com,3,Material oke tapi proses pemasangan agak tricky.,2024-08-18
163,Mountain End Caps,Sari Dewi,sari.d@outlook.com,5,"Sudah pakai 3 bulan, tidak ada masalah sama sekali. Beli lagi!",2024-10-18
164,Mountain End Caps,Putri Ayu,putri.a@gmail.com,5,Kualitas jauh lebih baik dari yang saya bayangkan. Worth every rupiah!,2024-04-16
165,Mountain End Caps,Qais Ramadhan,qais.r@gmail.com,5,"Kualitas premium, material terasa solid dan tahan lama. Recommended!",2024-05-02
166,Mountain End Caps,Joko Purnomo,joko.p@yahoo.com,4,"Produk sangat memuaskan, kualitas terjamin dan sesuai deskripsi!",2024-07-28
167,Mountain End Caps,Teguh Prasetyo,teguh.p@outlook.com,3,"Tidak buruk, tidak terlalu bagus. Cukup untuk kebutuhan.",2024-01-17
168,Mountain End Caps,Qori Amalia,qori.a@hotmail.com,5,"Sudah lama cari produk seperti ini, akhirnya ketemu yang tepat.",2024-08-20
169,Mountain End Caps,Maya Putri,maya.p@hotmail.com,3,"Kualitas standar, cocok untuk penggunaan sehari-hari biasa.",2024-08-05
170,Mountain End Caps,Bagas Setiawan,bagas.s@yahoo.com,4,"Sudah pakai 3 bulan, tidak ada masalah sama sekali. Beli lagi!",2024-03-13
171,Road End Caps,Maya Putri,maya.p@hotmail.com,5,Best purchase ever! Produk ini benar-benar memenuhi semua kebutuhan saya.,2024-10-18
172,Road End Caps,Yoga Pratama,yoga.p@outlook.com,4,"Sudah lama cari produk seperti ini, akhirnya ketemu yang tepat.",2024-06-04
173,Road End Caps,Zaki Mubarak,zaki.m@hotmail.com,4,"Material berkualitas tinggi, pemasangan mudah. Sangat memuaskan.",2024-10-03
174,Road End Caps,Zulfa Aulia,zulfa.a@gmail.com,4,Tidak menyesal beli produk ini. Kualitasnya jauh melebihi ekspektasi.,2024-06-14
175,Road End Caps,Nina Kartika,nina.k@gmail.com,5,"Pas banget sama yang saya butuhkan, ukuran dan kualitas sesuai.",2024-12-11
176,Road End Caps,Jaka Samudra,jaka.s@gmail.com,4,Kualitas jauh lebih baik dari yang saya bayangkan. Worth every rupiah!,2024-12-10
177,Road End Caps,Vino Pratama,vino.p@yahoo.com,4,Cocok banget untuk kebutuhan saya. Mantap dan terpercaya!,2024-09-22
178,Road End Caps,Tasya Maharani,tasya.m@hotmail.com,4,"Kualitas premium, material terasa solid dan tahan lama. Recommended!",2024-10-26
179,Road End Caps,Rio Fernanda,rio.f@outlook.com,4,"Barang bagus, pengiriman cepat. Sangat puas dengan pembelian ini.",2024-08-28
180,Road End Caps,Gita Permata,gita.p@hotmail.com,4,"Packaging rapi, produk mulus tidak ada cacat. Bintang 5 layak!",2024-02-23
181,Touring End Caps,Hani Pertiwi,hani.p@outlook.com,5,"Sudah pakai 3 bulan, tidak ada masalah sama sekali. Beli lagi!",2024-12-05
182,Touring End Caps,Nela Puspita,nela.p@gmail.com,3,"Cukup fungsional, meski ada beberapa kekurangan minor.",2024-02-15
183,Touring End Caps,Cici Rahayu,cici.r@gmail.com,5,Kualitas jauh lebih baik dari yang saya bayangkan. Worth every rupiah!,2024-07-25
184,Touring End Caps,Bintang Nugraha,bintang.n@gmail.com,3,"Cukup fungsional, meski ada beberapa kekurangan minor.",2024-07-30
185,Touring End Caps,Fajar Nugroho,fajar.n@hotmail.com,5,Best purchase ever! Produk ini benar-benar memenuhi semua kebutuhan saya.,2024-09-12
186,Touring End Caps,Qais Ramadhan,qais.r@gmail.com,4,"Pas banget sama yang saya butuhkan, ukuran dan kualitas sesuai.",2024-05-16
187,Touring End Caps,Gilang Saputra,gilang.s@hotmail.com,5,Cocok banget untuk kebutuhan saya. Mantap dan terpercaya!,2024-12-23
188,Touring End Caps,Yeni Rahma,yeni.r@yahoo.com,5,"Sudah lama cari produk seperti ini, akhirnya ketemu yang tepat.",2024-03-22
189,Touring End Caps,Bayu Wibowo,bayu.w@outlook.com,4,"Barang bagus, pengiriman cepat. Sangat puas dengan pembelian ini.",2024-04-25
190,Touring End Caps,Bagas Setiawan,bagas.s@gmail.com,4,"Packaging rapi, produk mulus tidak ada cacat. Bintang 5 layak!",2024-03-19
191,Fork End,Zulfa Aulia,zulfa.a@hotmail.com,2,Pemasangan sangat susah dan hasilnya tidak memuaskan.,2024-07-31
192,Fork End,Xander Pratama,xander.p@yahoo.com,1,Kualitas kontrol perlu ditingkatkan. Produk cacat saat datang.,2024-10-09
193,Fork End,Fani Wijayanti,fani.w@yahoo.com,5,"Barang bagus, pengiriman cepat. Sangat puas dengan pembelian ini.",2024-05-21
194,Fork End,Irma Susanti,irma.s@outlook.com,3,"Biasa saja, tapi harga terjangkau jadi tidak terlalu kecewa.",2024-09-16
195,Fork End,Vino Pratama,vino.p@hotmail.com,3,"Tidak buruk, tidak terlalu bagus. Cukup untuk kebutuhan.",2024-10-27
196,Fork End,Kiki Rahmat,kiki.r@outlook.com,1,Kualitas jauh di bawah harga yang dipatok. Menyesal beli.,2024-08-16
197,Fork End,Elsa Purnama,elsa.p@hotmail.com,4,"Material berkualitas tinggi, pemasangan mudah. Sangat memuaskan.",2024-10-05
198,Fork End,Kevin Pratama,kevin.p@hotmail.com,4,"Pas banget sama yang saya butuhkan, ukuran dan kualitas sesuai.",2024-12-23
199,Fork End,Rafi Aldiansyah,rafi.a@yahoo.com,4,Kualitas jauh lebih baik dari yang saya bayangkan. Worth every rupiah!,2024-07-29
200,Fork End,Indah Permata,indah.p@outlook.com,5,"Sudah lama cari produk seperti ini, akhirnya ketemu yang tepat.",2024-07-14
201,Freewheel,Lisa Maharani,lisa.m@yahoo.com,1,Kualitas kontrol perlu ditingkatkan. Produk cacat saat datang.,2024-01-19
202,Freewheel,Doni Firmansyah,doni.f@hotmail.com,4,"Barang bagus, pengiriman cepat. Sangat puas dengan pembelian ini.",2024-08-13
203,Freewheel,Taufik Hidayat,taufik.h@outlook.com,4,"Produk sangat memuaskan, kualitas terjamin dan sesuai deskripsi!",2024-03-14
204,Freewheel,Omar Siddiq,omar.s@yahoo.com,2,Produk cepat rusak setelah pemakaian singkat. Tidak recommended.,2024-08-28
205,Freewheel,Ulfa Rohmah,ulfa.r@outlook.com,5,"Packaging rapi, produk mulus tidak ada cacat. Bintang 5 layak!",2024-02-11
206,Freewheel,Evi Susanti,evi.s@outlook.com,2,"Tidak tahan lama, baru dipakai beberapa kali sudah rusak.",2024-11-16
207,Freewheel,Bella Anggraini,bella.a@outlook.com,2,"Kecewa dengan kualitasnya, tidak sesuai ekspektasi sama sekali.",2024-11-12
208,Freewheel,Hendra Wijaya,hendra.w@hotmail.com,5,"Pas banget sama yang saya butuhkan, ukuran dan kualitas sesuai.",2024-02-16
209,Freewheel,Rio Fernanda,rio.f@gmail.com,1,Kualitas kontrol perlu ditingkatkan. Produk cacat saat datang.,2024-03-26
210,Freewheel,Yola Safitri,yola.s@gmail.com,5,"Produk sangat memuaskan, kualitas terjamin dan sesuai deskripsi!",2024-06-15
211,Flat Washer 1,Lina Susanti,lina.s@hotmail.com,5,Tidak menyesal beli produk ini. Kualitasnya jauh melebihi ekspektasi.,2024-03-15
212,Flat Washer 1,Salsa Nabila,salsa.n@yahoo.com,4,"Kualitas premium, material terasa solid dan tahan lama. Recommended!",2024-03-30
213,Flat Washer 1,Rizki Hamdani,rizki.h@outlook.com,4,Best purchase ever! Produk ini benar-benar memenuhi semua kebutuhan saya.,2024-12-15
214,Flat Washer 1,Rafi Aldiansyah,rafi.a@yahoo.com,4,"Pas banget sama yang saya butuhkan, ukuran dan kualitas sesuai.",2024-08-24
215,Flat Washer 1,Rika Purnama,rika.p@hotmail.com,5,"Packaging rapi, produk mulus tidak ada cacat. Bintang 5 layak!",2024-01-05
216,Flat Washer 1,Victor Halim,victor.h@yahoo.com,2,Produk cepat rusak setelah pemakaian singkat. Tidak recommended.,2024-08-14
217,Flat Washer 1,Gita Permata,gita.p@hotmail.com,1,Barang tidak sesuai spesifikasi yang tertera. Kecewa!,2024-12-19
218,Flat Washer 1,Tegar Prasetyo,tegar.p@hotmail.com,4,"Pas banget sama yang saya butuhkan, ukuran dan kualitas sesuai.",2024-07-15
219,Flat Washer 1,Xander Pratama,xander.p@outlook.com,5,Best purchase ever! Produk ini benar-benar memenuhi semua kebutuhan saya.,2024-07-02
220,Flat Washer 1,Jaka Samudra,jaka.s@hotmail.com,5,"Produk sangat memuaskan, kualitas terjamin dan sesuai deskripsi!",2024-12-03
221,Flat Washer 6,Mansur Wahyudi,mansur.w@gmail.com,5,Best purchase ever! Produk ini benar-benar memenuhi semua kebutuhan saya.,2024-09-11
222,Flat Washer 6,Yoga Pratama,yoga.p@yahoo.com,3,"Biasa saja, tapi harga terjangkau jadi tidak terlalu kecewa.",2024-04-22
223,Flat Washer 6,Rika Purnama,rika.p@hotmail.com,5,"Packaging rapi, produk mulus tidak ada cacat. Bintang 5 layak!",2024-12-03
224,Flat Washer 6,Xena Putri,xena.p@gmail.com,3,Produk cukup oke untuk harga segini. Tidak ada yang istimewa.,2024-06-07
225,Flat Washer 6,Sari Dewi,sari.d@hotmail.com,5,"Sudah lama cari produk seperti ini, akhirnya ketemu yang tepat.",2024-03-08
226,Flat Washer 6,Nanda Kurnia,nanda.k@hotmail.com,2,Barang tidak sesuai spesifikasi yang tertera. Kecewa!,2024-03-30
227,Flat Washer 6,Mira Handayani,mira.h@hotmail.com,5,"Material berkualitas tinggi, pemasangan mudah. Sangat memuaskan.",2024-09-13
228,Flat Washer 6,Vino Pratama,vino.p@hotmail.com,3,"Cukup fungsional, meski ada beberapa kekurangan minor.",2024-05-31
229,Flat Washer 6,Fira Ramadhani,fira.r@gmail.com,2,Kualitas kontrol perlu ditingkatkan. Produk cacat saat datang.,2024-02-08
230,Flat Washer 6,Fani Wijayanti,fani.w@yahoo.com,3,Material oke tapi proses pemasangan agak tricky.,2024-10-12
231,Flat Washer 2,Indra Setiawan,indra.s@outlook.com,5,"Produk sangat memuaskan, kualitas terjamin dan sesuai deskripsi!",2024-05-15
232,Flat Washer 2,Elsa Purnama,elsa.p@hotmail.com,5,"Packaging rapi, produk mulus tidak ada cacat. Bintang 5 layak!",2024-12-10
233,Flat Washer 2,Ulfa Rohmah,ulfa.r@hotmail.com,4,"Barang bagus, pengiriman cepat. Sangat puas dengan pembelian ini.",2024-12-11
234,Flat Washer 2,Qori Amalia,qori.a@hotmail.com,4,Best purchase ever! Produk ini benar-benar memenuhi semua kebutuhan saya.,2024-04-23
235,Flat Washer 2,Sandro Putra,sandro.p@outlook.com,5,"Sudah lama cari produk seperti ini, akhirnya ketemu yang tepat.",2024-06-03
236,Flat Washer 2,Tasya Maharani,tasya.m@yahoo.com,4,"Produk sangat memuaskan, kualitas terjamin dan sesuai deskripsi!",2024-01-20
237,Flat Washer 2,Agus Salim,agus.s@gmail.com,1,Produk cepat rusak setelah pemakaian singkat. Tidak recommended.,2024-04-30
238,Flat Washer 2,Elsa Purnama,elsa.p@outlook.com,5,"Produk original, harga worth it. Teman-teman juga ikut beli.",2024-12-09
239,Flat Washer 2,Fira Ramadhani,fira.r@outlook.com,3,"Sesuai deskripsi, tapi ekspektasi saya sedikit lebih tinggi.",2024-07-31
240,Flat Washer 2,Tasya Maharani,tasya.m@outlook.com,5,Best purchase ever! Produk ini benar-benar memenuhi semua kebutuhan saya.,2024-07-27
241,Flat Washer 9,Winda Kurniawati,winda.k@hotmail.com,5,"Pas banget sama yang saya butuhkan, ukuran dan kualitas sesuai.",2024-08-15
242,Flat Washer 9,Sari Dewi,sari.d@hotmail.com,1,Produk cepat rusak setelah pemakaian singkat. Tidak recommended.,2024-12-17
243,Flat Washer 9,Julia Anggraini,julia.a@hotmail.com,4,"Produk sangat memuaskan, kualitas terjamin dan sesuai deskripsi!",2024-07-22
244,Flat Washer 9,Winda Kurniawati,winda.k@gmail.com,5,Cocok banget untuk kebutuhan saya. Mantap dan terpercaya!,2024-02-16
245,Flat Washer 9,Udin Setiawan,udin.s@gmail.com,5,"Produk sangat memuaskan, kualitas terjamin dan sesuai deskripsi!",2024-06-19
246,Flat Washer 9,Salsa Nabila,salsa.n@yahoo.com,1,Produk cepat rusak setelah pemakaian singkat. Tidak recommended.,2024-10-10
247,Flat Washer 9,Niko Santoso,niko.s@yahoo.com,4,"Produk original, harga worth it. Teman-teman juga ikut beli.",2024-03-16
248,Flat Washer 9,Miko Andrianto,miko.a@yahoo.com,5,"Kualitas premium, material terasa solid dan tahan lama. Recommended!",2024-10-03
249,Flat Washer 9,Tegar Prasetyo,tegar.p@gmail.com,3,Produk cukup oke untuk harga segini. Tidak ada yang istimewa.,2024-03-08
250,Flat Washer 9,Dewi Rahayu,dewi.r@yahoo.com,5,Best purchase ever! Produk ini benar-benar memenuhi semua kebutuhan saya.,2024-06-14
251,Flat Washer 4,Andi Pratama,andi.p@gmail.com,5,"Kualitas premium, material terasa solid dan tahan lama. Recommended!",2024-08-03
252,Flat Washer 4,Danu Setiawan,danu.s@gmail.com,5,Cocok banget untuk kebutuhan saya. Mantap dan terpercaya!,2024-08-17
253,Flat Washer 4,Joko Widodo,joko.w@gmail.com,5,Cocok banget untuk kebutuhan saya. Mantap dan terpercaya!,2024-09-14
254,Flat Washer 4,Pandu Wicaksono,pandu.w@gmail.com,2,Pemasangan sangat susah dan hasilnya tidak memuaskan.,2024-08-22
255,Flat Washer 4,Sandro Putra,sandro.p@gmail.com,1,Kualitas kontrol perlu ditingkatkan. Produk cacat saat datang.,2024-07-24
256,Flat Washer 4,Qira Wulandari,qira.w@outlook.com,3,"Cukup fungsional, meski ada beberapa kekurangan minor.",2024-02-07
257,Flat Washer 4,Rizki Hamdani,rizki.h@yahoo.com,5,"Barang bagus, pengiriman cepat. Sangat puas dengan pembelian ini.",2024-03-05
258,Flat Washer 4,Winda Kurniawati,winda.k@hotmail.com,4,Tidak menyesal beli produk ini. Kualitasnya jauh melebihi ekspektasi.,2024-11-01
259,Flat Washer 4,Danu Setiawan,danu.s@outlook.com,5,"Barang bagus, pengiriman cepat. Sangat puas dengan pembelian ini.",2024-12-25
260,Flat Washer 4,Bagas Setiawan,bagas.s@yahoo.com,2,Barang tidak sesuai spesifikasi yang tertera. Kecewa!,2024-08-19
261,Flat Washer 3,Qori Amalia,qori.a@outlook.com,4,Tidak menyesal beli produk ini. Kualitasnya jauh melebihi ekspektasi.,2024-07-31
262,Flat Washer 3,Dina Marlina,dina.m@outlook.com,5,"Produk original, harga worth it. Teman-teman juga ikut beli.",2024-12-06
263,Flat Washer 3,Tegar Prasetyo,tegar.p@yahoo.com,5,"Packaging rapi, produk mulus tidak ada cacat. Bintang 5 layak!",2024-08-30
264,Flat Washer 3,Hendra Wijaya,hendra.w@gmail.com,5,"Barang bagus, pengiriman cepat. Sangat puas dengan pembelian ini.",2024-08-09
265,Flat Washer 3,Taufik Hidayat,taufik.h@hotmail.com,3,"Sesuai deskripsi, tapi ekspektasi saya sedikit lebih tinggi.",2024-10-11
266,Flat Washer 3,Lina Susanti,lina.s@hotmail.com,4,"Packaging rapi, produk mulus tidak ada cacat. Bintang 5 layak!",2024-03-03
267,Flat Washer 3,Omar Siddiq,omar.s@outlook.com,5,"Sudah lama cari produk seperti ini, akhirnya ketemu yang tepat.",2024-01-27
268,Flat Washer 3,Yoga Pratama,yoga.p@hotmail.com,4,"Barang bagus, pengiriman cepat. Sangat puas dengan pembelian ini.",2024-10-22
269,Flat Washer 3,Aldo Pratama,aldo.p@outlook.com,5,"Pas banget sama yang saya butuhkan, ukuran dan kualitas sesuai.",2024-02-25
270,Flat Washer 3,Gita Permata,gita.p@hotmail.com,3,"Lumayan bagus, tapi ada beberapa hal yang bisa diperbaiki.",2024-05-22
271,Flat Washer 8,Jaka Samudra,jaka.s@outlook.com,5,"Material berkualitas tinggi, pemasangan mudah. Sangat memuaskan.",2024-11-14
272,Flat Washer 8,Oscar Halim,oscar.h@gmail.com,3,"Tidak buruk, tidak terlalu bagus. Cukup untuk kebutuhan.",2024-01-15
273,Flat Washer 8,Kartika Sari,kartika.s@hotmail.com,5,"Produk original, harga worth it. Teman-teman juga ikut beli.",2024-06-28
274,Flat Washer 8,Budi Santoso,budi.s@yahoo.com,5,Best purchase ever! Produk ini benar-benar memenuhi semua kebutuhan saya.,2024-12-02
275,Flat Washer 8,Nela Puspita,nela.p@gmail.com,5,"Barang bagus, pengiriman cepat. Sangat puas dengan pembelian ini.",2024-09-28
276,Flat Washer 8,Ola Puspita,ola.p@outlook.com,5,"Produk original, harga worth it. Teman-teman juga ikut beli.",2024-03-21
277,Flat Washer 8,Julia Anggraini,julia.a@hotmail.com,5,Kualitas jauh lebih baik dari yang saya bayangkan. Worth every rupiah!,2024-10-17
278,Flat Washer 8,Miko Andrianto,miko.a@gmail.com,5,"Kualitas premium, material terasa solid dan tahan lama. Recommended!",2024-03-21
279,Flat Washer 8,Gema Saputra,gema.s@gmail.com,4,"Sudah pakai 3 bulan, tidak ada masalah sama sekali. Beli lagi!",2024-08-14
280,Flat Washer 8,Udin Setiawan,udin.s@outlook.com,4,Tidak menyesal beli produk ini. Kualitasnya jauh melebihi ekspektasi.,2024-05-19
281,Flat Washer 5,Ola Puspita,ola.p@gmail.com,3,"Biasa saja, tapi harga terjangkau jadi tidak terlalu kecewa.",2024-08-08
282,Flat Washer 5,Bagas Setiawan,bagas.s@outlook.com,5,"Material berkualitas tinggi, pemasangan mudah. Sangat memuaskan.",2024-12-07
283,Flat Washer 5,Bayu Wibowo,bayu.w@outlook.com,5,Best purchase ever! Produk ini benar-benar memenuhi semua kebutuhan saya.,2024-01-29
284,Flat Washer 5,Budi Santoso,budi.s@yahoo.com,5,Kualitas jauh lebih baik dari yang saya bayangkan. Worth every rupiah!,2024-03-11
285,Flat Washer 5,Hendra Kurnia,hendra.k@hotmail.com,5,"Barang bagus, pengiriman cepat. Sangat puas dengan pembelian ini.",2024-01-04
286,Flat Washer 5,Zulfa Aulia,zulfa.a@yahoo.com,3,"Sesuai deskripsi, tapi ekspektasi saya sedikit lebih tinggi.",2024-07-13
287,Flat Washer 5,Elsa Purnama,elsa.p@hotmail.com,3,"Lumayan bagus, tapi ada beberapa hal yang bisa diperbaiki.",2024-07-22
288,Flat Washer 5,Edo Prasetyo,edo.p@gmail.com,5,Cocok banget untuk kebutuhan saya. Mantap dan terpercaya!,2024-02-09
289,Flat Washer 5,Cici Rahayu,cici.r@outlook.com,4,"Sudah lama cari produk seperti ini, akhirnya ketemu yang tepat.",2024-11-23
290,Flat Washer 5,Pita Sari,pita.s@outlook.com,5,"Produk sangat memuaskan, kualitas terjamin dan sesuai deskripsi!",2024-06-15
291,Flat Washer 7,Irwan Saputro,irwan.s@outlook.com,3,"Biasa saja, tapi harga terjangkau jadi tidak terlalu kecewa.",2024-02-15
292,Flat Washer 7,Rio Fernanda,rio.f@yahoo.com,3,Material oke tapi proses pemasangan agak tricky.,2024-10-28
293,Flat Washer 7,Nela Puspita,nela.p@outlook.com,4,"Sudah pakai 3 bulan, tidak ada masalah sama sekali. Beli lagi!",2024-06-22
294,Flat Washer 7,Pandu Wicaksono,pandu.w@yahoo.com,5,"Barang bagus, pengiriman cepat. Sangat puas dengan pembelian ini.",2024-09-18
295,Flat Washer 7,Rika Purnama,rika.p@yahoo.com,5,Kualitas jauh lebih baik dari yang saya bayangkan. Worth every rupiah!,2024-06-27
296,Flat Washer 7,Gita Permata,gita.p@yahoo.com,3,"Kualitas standar, cocok untuk penggunaan sehari-hari biasa.",2024-02-22
297,Flat Washer 7,Fani Wijayanti,fani.w@yahoo.com,5,Best purchase ever! Produk ini benar-benar memenuhi semua kebutuhan saya.,2024-03-19
298,Flat Washer 7,Hendra Kurnia,hendra.k@gmail.com,3,"Sesuai deskripsi, tapi ekspektasi saya sedikit lebih tinggi.",2024-11-17
299,Flat Washer 7,Zulfa Aulia,zulfa.a@outlook.com,4,"Packaging rapi, produk mulus tidak ada cacat. Bintang 5 layak!",2024-10-16
300,Flat Washer 7,Sandro Putra,sandro.p@hotmail.com,4,"Packaging rapi, produk mulus tidak ada cacat. Bintang 5 layak!",2024-06-10
301,Fork Crown,Gilang Ramadhan,gilang.r@outlook.com,4,Cocok banget untuk kebutuhan saya. Mantap dan terpercaya!,2024-11-19
302,Fork Crown,Agus Salim,agus.s@gmail.com,3,"Biasa saja, tapi harga terjangkau jadi tidak terlalu kecewa.",2024-09-16
303,Fork Crown,Maya Putri,maya.p@outlook.com,5,"Produk sangat memuaskan, kualitas terjamin dan sesuai deskripsi!",2024-01-30
304,Fork Crown,Julia Anggraini,julia.a@gmail.com,3,"Lumayan bagus, tapi ada beberapa hal yang bisa diperbaiki.",2024-11-10
305,Fork Crown,Miko Andrianto,miko.a@outlook.com,4,Best purchase ever! Produk ini benar-benar memenuhi semua kebutuhan saya.,2024-10-10
306,Fork Crown,Edo Prasetyo,edo.p@outlook.com,2,"Material terasa murahan, tidak sesuai foto di deskripsi.",2024-06-13
307,Fork Crown,Nina Kartika,nina.k@yahoo.com,4,"Produk sangat memuaskan, kualitas terjamin dan sesuai deskripsi!",2024-08-18
308,Fork Crown,Yuni Astuti,yuni.a@hotmail.com,3,"Lumayan bagus, tapi ada beberapa hal yang bisa diperbaiki.",2024-09-15
309,Fork Crown,Sandro Putra,sandro.p@yahoo.com,5,"Sudah lama cari produk seperti ini, akhirnya ketemu yang tepat.",2024-08-12
310,Fork Crown,Sari Dewi,sari.d@yahoo.com,4,"Produk original, harga worth it. Teman-teman juga ikut beli.",2024-07-09
311,Front Derailleur Cage,Yoga Pratama,yoga.p@hotmail.com,5,"Packaging rapi, produk mulus tidak ada cacat. Bintang 5 layak!",2024-11-02
312,Front Derailleur Cage,Fajar Nugroho,fajar.n@hotmail.com,3,"Lumayan bagus, tapi ada beberapa hal yang bisa diperbaiki.",2024-06-17
313,Front Derailleur Cage,Taufik Hidayat,taufik.h@outlook.com,4,"Sudah pakai 3 bulan, tidak ada masalah sama sekali. Beli lagi!",2024-05-09
314,Front Derailleur Cage,Candra Wijaya,candra.w@yahoo.com,2,"Tidak tahan lama, baru dipakai beberapa kali sudah rusak.",2024-02-11
315,Front Derailleur Cage,Kiki Rahmat,kiki.r@hotmail.com,3,"Tidak buruk, tidak terlalu bagus. Cukup untuk kebutuhan.",2024-12-01
316,Front Derailleur Cage,Zaki Mubarak,zaki.m@yahoo.com,3,"Lumayan bagus, tapi ada beberapa hal yang bisa diperbaiki.",2024-06-07
317,Front Derailleur Cage,Hilda Wahyuni,hilda.w@hotmail.com,5,"Kualitas premium, material terasa solid dan tahan lama. Recommended!",2024-12-09
318,Front Derailleur Cage,Zaki Mubarak,zaki.m@gmail.com,3,Material oke tapi proses pemasangan agak tricky.,2024-09-17
319,Front Derailleur Cage,Indra Setiawan,indra.s@hotmail.com,5,"Kualitas premium, material terasa solid dan tahan lama. Recommended!",2024-04-19
320,Front Derailleur Cage,Fahmi Ardiansyah,fahmi.a@outlook.com,2,"Material terasa murahan, tidak sesuai foto di deskripsi.",2024-04-25
321,Front Derailleur Linkage,Eka Saputra,eka.s@hotmail.com,5,Kualitas jauh lebih baik dari yang saya bayangkan. Worth every rupiah!,2024-02-21
322,Front Derailleur Linkage,Aldo Pratama,aldo.p@gmail.com,3,"Biasa saja, tapi harga terjangkau jadi tidak terlalu kecewa.",2024-11-12
323,Front Derailleur Linkage,Doni Firmansyah,doni.f@yahoo.com,4,"Kualitas premium, material terasa solid dan tahan lama. Recommended!",2024-04-02
324,Front Derailleur Linkage,Yola Safitri,yola.s@yahoo.com,3,"Cukup fungsional, meski ada beberapa kekurangan minor.",2024-01-23
325,Front Derailleur Linkage,Omar Siddiq,omar.s@yahoo.com,5,Cocok banget untuk kebutuhan saya. Mantap dan terpercaya!,2024-11-08
326,Front Derailleur Linkage,Yoga Pratama,yoga.p@outlook.com,3,"Kualitas standar, cocok untuk penggunaan sehari-hari biasa.",2024-09-30
327,Front Derailleur Linkage,Rafi Aldiansyah,rafi.a@outlook.com,5,"Pas banget sama yang saya butuhkan, ukuran dan kualitas sesuai.",2024-07-07
328,Front Derailleur Linkage,Wawan Hermawan,wawan.h@outlook.com,2,Kualitas kontrol perlu ditingkatkan. Produk cacat saat datang.,2024-05-24
329,Front Derailleur Linkage,Joko Widodo,joko.w@outlook.com,5,"Kualitas premium, material terasa solid dan tahan lama. Recommended!",2024-04-12
330,Front Derailleur Linkage,Nina Kartika,nina.k@hotmail.com,5,"Produk sangat memuaskan, kualitas terjamin dan sesuai deskripsi!",2024-11-24
331,Guide Pulley,Xander Pratama,xander.p@gmail.com,2,Produk cepat rusak setelah pemakaian singkat. Tidak recommended.,2024-05-25
332,Guide Pulley,Rizki Hamdani,rizki.h@hotmail.com,3,"Cukup fungsional, meski ada beberapa kekurangan minor.",2024-09-19
333,Guide Pulley,Fani Wijayanti,fani.w@gmail.com,3,"Kualitas standar, cocok untuk penggunaan sehari-hari biasa.",2024-08-18
334,Guide Pulley,Gita Permata,gita.p@outlook.com,2,"Kecewa dengan kualitasnya, tidak sesuai ekspektasi sama sekali.",2024-07-21
335,Guide Pulley,Aldo Pratama,aldo.p@outlook.com,5,"Barang bagus, pengiriman cepat. Sangat puas dengan pembelian ini.",2024-07-10
336,Guide Pulley,Pandu Wicaksono,pandu.w@gmail.com,5,"Sudah lama cari produk seperti ini, akhirnya ketemu yang tepat.",2024-11-28
337,Guide Pulley,Evi Susanti,evi.s@yahoo.com,3,Produk cukup oke untuk harga segini. Tidak ada yang istimewa.,2024-05-26
338,Guide Pulley,Wati Susanti,wati.s@yahoo.com,3,"Cukup fungsional, meski ada beberapa kekurangan minor.",2024-08-17
339,Guide Pulley,Oscar Halim,oscar.h@gmail.com,5,"Produk sangat memuaskan, kualitas terjamin dan sesuai deskripsi!",2024-05-11
340,Guide Pulley,Ola Puspita,ola.p@outlook.com,3,"Lumayan bagus, tapi ada beberapa hal yang bisa diperbaiki.",2024-05-27
341,LL Grip Tape,Rafi Aldiansyah,rafi.a@gmail.com,5,"Pas banget sama yang saya butuhkan, ukuran dan kualitas sesuai.",2024-08-02
342,LL Grip Tape,Rika Purnama,rika.p@outlook.com,3,"Lumayan bagus, tapi ada beberapa hal yang bisa diperbaiki.",2024-02-26
343,LL Grip Tape,Zulfa Aulia,zulfa.a@gmail.com,4,"Packaging rapi, produk mulus tidak ada cacat. Bintang 5 layak!",2024-09-20
344,LL Grip Tape,Jaka Samudra,jaka.s@yahoo.com,5,"Sudah pakai 3 bulan, tidak ada masalah sama sekali. Beli lagi!",2024-08-07
345,LL Grip Tape,Budi Santoso,budi.s@yahoo.com,4,Best purchase ever! Produk ini benar-benar memenuhi semua kebutuhan saya.,2024-08-01
346,LL Grip Tape,Kartika Sari,kartika.s@gmail.com,3,"Biasa saja, tapi harga terjangkau jadi tidak terlalu kecewa.",2024-02-04
347,LL Grip Tape,Danu Setiawan,danu.s@gmail.com,4,Tidak menyesal beli produk ini. Kualitasnya jauh melebihi ekspektasi.,2024-08-28
348,LL Grip Tape,Indah Permata,indah.p@hotmail.com,4,"Sudah pakai 3 bulan, tidak ada masalah sama sekali. Beli lagi!",2024-01-09
349,LL Grip Tape,Hafiz Ramadhan,hafiz.r@hotmail.com,3,"Kualitas standar, cocok untuk penggunaan sehari-hari biasa.",2024-12-02
350,LL Grip Tape,Qais Ramadhan,qais.r@hotmail.com,5,"Kualitas premium, material terasa solid dan tahan lama. Recommended!",2024-01-23
351,ML Grip Tape,Hafiz Ramadhan,hafiz.r@yahoo.com,4,Kualitas jauh lebih baik dari yang saya bayangkan. Worth every rupiah!,2024-12-16
352,ML Grip Tape,Victor Halim,victor.h@outlook.com,1,Kualitas jauh di bawah harga yang dipatok. Menyesal beli.,2024-03-10
353,ML Grip Tape,Hendra Wijaya,hendra.w@outlook.com,3,Produk cukup oke untuk harga segini. Tidak ada yang istimewa.,2024-05-30
354,ML Grip Tape,Mira Handayani,mira.h@yahoo.com,5,"Produk sangat memuaskan, kualitas terjamin dan sesuai deskripsi!",2024-06-10
355,ML Grip Tape,Bayu Wibowo,bayu.w@outlook.com,4,"Sudah pakai 3 bulan, tidak ada masalah sama sekali. Beli lagi!",2024-01-19
356,ML Grip Tape,Gema Saputra,gema.s@hotmail.com,4,"Produk original, harga worth it. Teman-teman juga ikut beli.",2024-01-25
357,ML Grip Tape,Tasya Maharani,tasya.m@gmail.com,5,Kualitas jauh lebih baik dari yang saya bayangkan. Worth every rupiah!,2024-07-07
358,ML Grip Tape,Rio Fernanda,rio.f@outlook.com,2,Barang tidak sesuai spesifikasi yang tertera. Kecewa!,2024-06-22
359,ML Grip Tape,Kartika Sari,kartika.s@outlook.com,4,"Produk original, harga worth it. Teman-teman juga ikut beli.",2024-09-22
360,ML Grip Tape,Vino Pratama,vino.p@outlook.com,3,"Lumayan bagus, tapi ada beberapa hal yang bisa diperbaiki.",2024-08-08
361,HL Grip Tape,Nina Kartika,nina.k@yahoo.com,1,Pemasangan sangat susah dan hasilnya tidak memuaskan.,2024-06-13
362,HL Grip Tape,Yuni Astuti,yuni.a@hotmail.com,5,"Sudah pakai 3 bulan, tidak ada masalah sama sekali. Beli lagi!",2024-08-16
363,HL Grip Tape,Nina Kartika,nina.k@yahoo.com,3,"Cukup fungsional, meski ada beberapa kekurangan minor.",2024-06-28
364,HL Grip Tape,Teguh Prasetyo,teguh.p@hotmail.com,5,Best purchase ever! Produk ini benar-benar memenuhi semua kebutuhan saya.,2024-08-10
365,HL Grip Tape,Winda Kurniawati,winda.k@gmail.com,4,"Barang bagus, pengiriman cepat. Sangat puas dengan pembelian ini.",2024-12-09
366,HL Grip Tape,Rika Purnama,rika.p@yahoo.com,4,"Produk sangat memuaskan, kualitas terjamin dan sesuai deskripsi!",2024-03-14
367,HL Grip Tape,Nina Kartika,nina.k@outlook.com,3,Produk cukup oke untuk harga segini. Tidak ada yang istimewa.,2024-03-05
368,HL Grip Tape,Hendra Wijaya,hendra.w@hotmail.com,5,"Produk original, harga worth it. Teman-teman juga ikut beli.",2024-07-15
369,HL Grip Tape,Ivan Kurniawan,ivan.k@yahoo.com,5,"Packaging rapi, produk mulus tidak ada cacat. Bintang 5 layak!",2024-08-18
370,HL Grip Tape,Julia Anggraini,julia.a@gmail.com,5,Best purchase ever! Produk ini benar-benar memenuhi semua kebutuhan saya.,2024-03-11
371,Thin-Jam Hex Nut 9,Danu Setiawan,danu.s@hotmail.com,5,"Packaging rapi, produk mulus tidak ada cacat. Bintang 5 layak!",2024-05-22
372,Thin-Jam Hex Nut 9,Salsa Nabila,salsa.n@gmail.com,1,Kualitas jauh di bawah harga yang dipatok. Menyesal beli.,2024-09-12
373,Thin-Jam Hex Nut 9,Cinta Melati,cinta.m@gmail.com,5,"Sudah pakai 3 bulan, tidak ada masalah sama sekali. Beli lagi!",2024-05-13
374,Thin-Jam Hex Nut 9,Aditya Nugraha,aditya.n@hotmail.com,4,"Sudah lama cari produk seperti ini, akhirnya ketemu yang tepat.",2024-09-08
375,Thin-Jam Hex Nut 9,Mira Handayani,mira.h@gmail.com,5,Cocok banget untuk kebutuhan saya. Mantap dan terpercaya!,2024-03-29
376,Thin-Jam Hex Nut 9,Bella Anggraini,bella.a@gmail.com,4,Kualitas jauh lebih baik dari yang saya bayangkan. Worth every rupiah!,2024-12-15
377,Thin-Jam Hex Nut 9,Cici Rahayu,cici.r@gmail.com,3,"Tidak buruk, tidak terlalu bagus. Cukup untuk kebutuhan.",2024-06-02
378,Thin-Jam Hex Nut 9,Hani Pertiwi,hani.p@yahoo.com,3,"Biasa saja, tapi harga terjangkau jadi tidak terlalu kecewa.",2024-09-17
379,Thin-Jam Hex Nut 9,Pandu Wicaksono,pandu.w@yahoo.com,5,Kualitas jauh lebih baik dari yang saya bayangkan. Worth every rupiah!,2024-03-12
380,Thin-Jam Hex Nut 9,Rafi Aldiansyah,rafi.a@gmail.com,3,"Biasa saja, tapi harga terjangkau jadi tidak terlalu kecewa.",2024-10-10
381,Thin-Jam Hex Nut 10,Jaka Samudra,jaka.s@yahoo.com,5,Best purchase ever! Produk ini benar-benar memenuhi semua kebutuhan saya.,2024-02-14
382,Thin-Jam Hex Nut 10,Hendra Wijaya,hendra.w@outlook.com,5,"Material berkualitas tinggi, pemasangan mudah. Sangat memuaskan.",2024-07-29
383,Thin-Jam Hex Nut 10,Irma Susanti,irma.s@gmail.com,4,"Kualitas premium, material terasa solid dan tahan lama. Recommended!",2024-06-11
384,Thin-Jam Hex Nut 10,Sandro Putra,sandro.p@outlook.com,5,"Packaging rapi, produk mulus tidak ada cacat. Bintang 5 layak!",2024-09-21
385,Thin-Jam Hex Nut 10,Gita Permata,gita.p@yahoo.com,5,Kualitas jauh lebih baik dari yang saya bayangkan. Worth every rupiah!,2024-03-07
386,Thin-Jam Hex Nut 10,Rio Fernanda,rio.f@gmail.com,4,"Barang bagus, pengiriman cepat. Sangat puas dengan pembelian ini.",2024-09-22
387,Thin-Jam Hex Nut 10,Gilang Ramadhan,gilang.r@yahoo.com,5,"Produk original, harga worth it. Teman-teman juga ikut beli.",2024-12-29
388,Thin-Jam Hex Nut 10,Pandu Wicaksono,pandu.w@hotmail.com,5,"Barang bagus, pengiriman cepat. Sangat puas dengan pembelian ini.",2024-05-08
389,Thin-Jam Hex Nut 10,Mira Handayani,mira.h@hotmail.com,4,"Kualitas premium, material terasa solid dan tahan lama. Recommended!",2024-11-16
390,Thin-Jam Hex Nut 10,Agus Salim,agus.s@gmail.com,4,"Material berkualitas tinggi, pemasangan mudah. Sangat memuaskan.",2024-11-24
391,Thin-Jam Hex Nut 1,Irwan Saputro,irwan.s@yahoo.com,4,"Kualitas premium, material terasa solid dan tahan lama. Recommended!",2024-12-03
392,Thin-Jam Hex Nut 1,Putri Ayu,putri.a@hotmail.com,3,Produk cukup oke untuk harga segini. Tidak ada yang istimewa.,2024-01-15
393,Thin-Jam Hex Nut 1,Rizki Hamdani,rizki.h@hotmail.com,5,"Packaging rapi, produk mulus tidak ada cacat. Bintang 5 layak!",2024-04-17
394,Thin-Jam Hex Nut 1,Irma Susanti,irma.s@gmail.com,4,Cocok banget untuk kebutuhan saya. Mantap dan terpercaya!,2024-11-17
395,Thin-Jam Hex Nut 1,Fauzan Hidayat,fauzan.h@hotmail.com,5,Cocok banget untuk kebutuhan saya. Mantap dan terpercaya!,2024-05-05
396,Thin-Jam Hex Nut 1,Xena Putri,xena.p@outlook.com,4,"Barang bagus, pengiriman cepat. Sangat puas dengan pembelian ini.",2024-12-18
397,Thin-Jam Hex Nut 1,Lina Susanti,lina.s@outlook.com,5,Cocok banget untuk kebutuhan saya. Mantap dan terpercaya!,2024-08-25
398,Thin-Jam Hex Nut 1,Niko Santoso,niko.s@yahoo.com,5,"Produk original, harga worth it. Teman-teman juga ikut beli.",2024-06-12
399,Thin-Jam Hex Nut 1,Dina Marlina,dina.m@hotmail.com,1,Barang tidak sesuai spesifikasi yang tertera. Kecewa!,2024-03-07
400,Thin-Jam Hex Nut 1,Hendra Kurnia,hendra.k@gmail.com,5,"Produk original, harga worth it. Teman-teman juga ikut beli.",2024-05-03
401,Thin-Jam Hex Nut 2,Victor Halim,victor.h@outlook.com,5,"Pas banget sama yang saya butuhkan, ukuran dan kualitas sesuai.",2024-03-13
402,Thin-Jam Hex Nut 2,Taufik Hidayat,taufik.h@outlook.com,5,Best purchase ever! Produk ini benar-benar memenuhi semua kebutuhan saya.,2024-08-02
403,Thin-Jam Hex Nut 2,Salsa Nabila,salsa.n@yahoo.com,1,"Tidak tahan lama, baru dipakai beberapa kali sudah rusak.",2024-10-22
404,Thin-Jam Hex Nut 2,Candra Wijaya,candra.w@yahoo.com,5,Cocok banget untuk kebutuhan saya. Mantap dan terpercaya!,2024-09-20
405,Thin-Jam Hex Nut 2,Victor Halim,victor.h@hotmail.com,4,Cocok banget untuk kebutuhan saya. Mantap dan terpercaya!,2024-01-12
406,Thin-Jam Hex Nut 2,Nanda Kurnia,nanda.k@outlook.com,2,"Material terasa murahan, tidak sesuai foto di deskripsi.",2024-04-20
407,Thin-Jam Hex Nut 2,Kiki Rahmat,kiki.r@gmail.com,5,"Sudah pakai 3 bulan, tidak ada masalah sama sekali. Beli lagi!",2024-09-10
408,Thin-Jam Hex Nut 2,Miko Andrianto,miko.a@outlook.com,2,Pemasangan sangat susah dan hasilnya tidak memuaskan.,2024-10-01
409,Thin-Jam Hex Nut 2,Dewi Rahayu,dewi.r@outlook.com,3,"Sesuai deskripsi, tapi ekspektasi saya sedikit lebih tinggi.",2024-05-15
410,Thin-Jam Hex Nut 2,Dina Marlina,dina.m@outlook.com,5,"Produk original, harga worth it. Teman-teman juga ikut beli.",2024-01-24
411,Thin-Jam Hex Nut 15,Nela Puspita,nela.p@yahoo.com,5,"Produk original, harga worth it. Teman-teman juga ikut beli.",2024-10-10
412,Thin-Jam Hex Nut 15,Yoga Pratama,yoga.p@outlook.com,5,Kualitas jauh lebih baik dari yang saya bayangkan. Worth every rupiah!,2024-10-08
413,Thin-Jam Hex Nut 15,Winda Kurniawati,winda.k@gmail.com,3,"Sesuai deskripsi, tapi ekspektasi saya sedikit lebih tinggi.",2024-02-19
414,Thin-Jam Hex Nut 15,Mansur Wahyudi,mansur.w@hotmail.com,5,"Material berkualitas tinggi, pemasangan mudah. Sangat memuaskan.",2024-07-06
415,Thin-Jam Hex Nut 15,Gema Saputra,gema.s@outlook.com,5,"Material berkualitas tinggi, pemasangan mudah. Sangat memuaskan.",2024-01-21
416,Thin-Jam Hex Nut 15,Indah Permata,indah.p@hotmail.com,5,Kualitas jauh lebih baik dari yang saya bayangkan. Worth every rupiah!,2024-08-30
417,Thin-Jam Hex Nut 15,Cinta Melati,cinta.m@yahoo.com,4,"Produk original, harga worth it. Teman-teman juga ikut beli.",2024-11-09
418,Thin-Jam Hex Nut 15,Cici Rahayu,cici.r@hotmail.com,5,Best purchase ever! Produk ini benar-benar memenuhi semua kebutuhan saya.,2024-06-21
419,Thin-Jam Hex Nut 15,Aldo Pratama,aldo.p@outlook.com,3,"Tidak buruk, tidak terlalu bagus. Cukup untuk kebutuhan.",2024-08-31
420,Thin-Jam Hex Nut 15,Andi Pratama,andi.p@gmail.com,5,Tidak menyesal beli produk ini. Kualitasnya jauh melebihi ekspektasi.,2024-10-25
421,Thin-Jam Hex Nut 16,Bayu Wibowo,bayu.w@gmail.com,3,"Cukup fungsional, meski ada beberapa kekurangan minor.",2024-05-15
422,Thin-Jam Hex Nut 16,Tasya Maharani,tasya.m@yahoo.com,3,Produk cukup oke untuk harga segini. Tidak ada yang istimewa.,2024-10-25
423,Thin-Jam Hex Nut 16,Xander Pratama,xander.p@outlook.com,5,"Kualitas premium, material terasa solid dan tahan lama. Recommended!",2024-12-14
424,Thin-Jam Hex Nut 16,Salsa Nabila,salsa.n@gmail.com,5,"Pas banget sama yang saya butuhkan, ukuran dan kualitas sesuai.",2024-01-10
425,Thin-Jam Hex Nut 16,Sari Dewi,sari.d@yahoo.com,5,Tidak menyesal beli produk ini. Kualitasnya jauh melebihi ekspektasi.,2024-12-19
426,Thin-Jam Hex Nut 16,Niko Santoso,niko.s@outlook.com,4,"Sudah lama cari produk seperti ini, akhirnya ketemu yang tepat.",2024-02-01
427,Thin-Jam Hex Nut 16,Aditya Nugraha,aditya.n@yahoo.com,5,"Material berkualitas tinggi, pemasangan mudah. Sangat memuaskan.",2024-06-15
428,Thin-Jam Hex Nut 16,Udin Setiawan,udin.s@outlook.com,4,"Produk original, harga worth it. Teman-teman juga ikut beli.",2024-03-29
429,Thin-Jam Hex Nut 16,Umi Kalsum,umi.k@hotmail.com,2,"Tidak tahan lama, baru dipakai beberapa kali sudah rusak.",2024-12-12
430,Thin-Jam Hex Nut 16,Irma Susanti,irma.s@hotmail.com,2,Kualitas kontrol perlu ditingkatkan. Produk cacat saat datang.,2024-04-08
431,Thin-Jam Hex Nut 5,Salsa Nabila,salsa.n@hotmail.com,5,"Pas banget sama yang saya butuhkan, ukuran dan kualitas sesuai.",2024-06-01
432,Thin-Jam Hex Nut 5,Irma Susanti,irma.s@yahoo.com,5,"Sudah lama cari produk seperti ini, akhirnya ketemu yang tepat.",2024-12-26
433,Thin-Jam Hex Nut 5,Yeni Rahma,yeni.r@hotmail.com,5,"Material berkualitas tinggi, pemasangan mudah. Sangat memuaskan.",2024-05-20
434,Thin-Jam Hex Nut 5,Yoga Pratama,yoga.p@outlook.com,5,Tidak menyesal beli produk ini. Kualitasnya jauh melebihi ekspektasi.,2024-06-25
435,Thin-Jam Hex Nut 5,Irma Susanti,irma.s@hotmail.com,3,Produk cukup oke untuk harga segini. Tidak ada yang istimewa.,2024-05-27
436,Thin-Jam Hex Nut 5,Bella Anggraini,bella.a@outlook.com,5,"Packaging rapi, produk mulus tidak ada cacat. Bintang 5 layak!",2024-05-11
437,Thin-Jam Hex Nut 5,Fira Ramadhani,fira.r@yahoo.com,4,"Material berkualitas tinggi, pemasangan mudah. Sangat memuaskan.",2024-05-18
438,Thin-Jam Hex Nut 5,Hilda Wahyuni,hilda.w@yahoo.com,3,"Lumayan bagus, tapi ada beberapa hal yang bisa diperbaiki.",2024-11-11
439,Thin-Jam Hex Nut 5,Edo Prasetyo,edo.p@yahoo.com,4,"Produk sangat memuaskan, kualitas terjamin dan sesuai deskripsi!",2024-12-08
440,Thin-Jam Hex Nut 5,Danu Setiawan,danu.s@yahoo.com,5,"Produk sangat memuaskan, kualitas terjamin dan sesuai deskripsi!",2024-02-21
441,Thin-Jam Hex Nut 6,Omar Siddiq,omar.s@outlook.com,5,"Barang bagus, pengiriman cepat. Sangat puas dengan pembelian ini.",2024-12-14
442,Thin-Jam Hex Nut 6,Irma Susanti,irma.s@yahoo.com,5,Tidak menyesal beli produk ini. Kualitasnya jauh melebihi ekspektasi.,2024-11-30
443,Thin-Jam Hex Nut 6,Wati Susanti,wati.s@yahoo.com,4,Kualitas jauh lebih baik dari yang saya bayangkan. Worth every rupiah!,2024-05-27
444,Thin-Jam Hex Nut 6,Dedi Kurniawan,dedi.k@gmail.com,5,Kualitas jauh lebih baik dari yang saya bayangkan. Worth every rupiah!,2024-02-15
445,Thin-Jam Hex Nut 6,Tasya Maharani,tasya.m@gmail.com,4,"Kualitas premium, material terasa solid dan tahan lama. Recommended!",2024-08-01
446,Thin-Jam Hex Nut 6,Joko Purnomo,joko.p@gmail.com,2,Barang tidak sesuai spesifikasi yang tertera. Kecewa!,2024-09-10
447,Thin-Jam Hex Nut 6,Kartika Sari,kartika.s@hotmail.com,2,"Kecewa dengan kualitasnya, tidak sesuai ekspektasi sama sekali.",2024-01-05
448,Thin-Jam Hex Nut 6,Agus Salim,agus.s@gmail.com,4,"Produk original, harga worth it. Teman-teman juga ikut beli.",2024-05-25
449,Thin-Jam Hex Nut 6,Umi Kalsum,umi.k@outlook.com,1,Kualitas jauh di bawah harga yang dipatok. Menyesal beli.,2024-09-15
450,Thin-Jam Hex Nut 6,Victor Halim,victor.h@gmail.com,5,"Produk original, harga worth it. Teman-teman juga ikut beli.",2024-03-24
451,Thin-Jam Hex Nut 3,Dina Marlina,dina.m@hotmail.com,4,"Sudah lama cari produk seperti ini, akhirnya ketemu yang tepat.",2024-04-05
452,Thin-Jam Hex Nut 3,Dewi Rahayu,dewi.r@hotmail.com,3,"Kualitas standar, cocok untuk penggunaan sehari-hari biasa.",2024-03-30
453,Thin-Jam Hex Nut 3,Oscar Halim,oscar.h@outlook.com,2,Barang tidak sesuai spesifikasi yang tertera. Kecewa!,2024-09-20
454,Thin-Jam Hex Nut 3,Dedi Kurniawan,dedi.k@gmail.com,5,"Kualitas premium, material terasa solid dan tahan lama. Recommended!",2024-03-12
455,Thin-Jam Hex Nut 3,Xander Pratama,xander.p@yahoo.com,5,"Produk sangat memuaskan, kualitas terjamin dan sesuai deskripsi!",2024-05-13
456,Thin-Jam Hex Nut 3,Lisa Maharani,lisa.m@hotmail.com,5,"Produk original, harga worth it. Teman-teman juga ikut beli.",2024-06-03
457,Thin-Jam Hex Nut 3,Kiki Rahmat,kiki.r@gmail.com,3,"Tidak buruk, tidak terlalu bagus. Cukup untuk kebutuhan.",2024-11-30
458,Thin-Jam Hex Nut 3,Indra Setiawan,indra.s@gmail.com,3,"Lumayan bagus, tapi ada beberapa hal yang bisa diperbaiki.",2024-08-26
459,Thin-Jam Hex Nut 3,Bayu Wibowo,bayu.w@hotmail.com,5,"Sudah lama cari produk seperti ini, akhirnya ketemu yang tepat.",2024-03-01
460,Thin-Jam Hex Nut 3,Rika Purnama,rika.p@hotmail.com,2,"Tidak tahan lama, baru dipakai beberapa kali sudah rusak.",2024-11-10
461,Thin-Jam Hex Nut 4,Pandu Wicaksono,pandu.w@yahoo.com,5,Cocok banget untuk kebutuhan saya. Mantap dan terpercaya!,2024-03-19
462,Thin-Jam Hex Nut 4,Umi Kalsum,umi.k@hotmail.com,3,Material oke tapi proses pemasangan agak tricky.,2024-12-25
463,Thin-Jam Hex Nut 4,Gilang Saputra,gilang.s@yahoo.com,2,"Material terasa murahan, tidak sesuai foto di deskripsi.",2024-12-14
464,Thin-Jam Hex Nut 4,Gema Saputra,gema.s@gmail.com,4,"Material berkualitas tinggi, pemasangan mudah. Sangat memuaskan.",2024-08-16
465,Thin-Jam Hex Nut 4,Danu Setiawan,danu.s@gmail.com,3,"Lumayan bagus, tapi ada beberapa hal yang bisa diperbaiki.",2024-02-01
466,Thin-Jam Hex Nut 4,Gilang Saputra,gilang.s@yahoo.com,2,Kualitas jauh di bawah harga yang dipatok. Menyesal beli.,2024-03-25
467,Thin-Jam Hex Nut 4,Dedi Kurniawan,dedi.k@outlook.com,2,Produk cepat rusak setelah pemakaian singkat. Tidak recommended.,2024-12-14
468,Thin-Jam Hex Nut 4,Niko Santoso,niko.s@outlook.com,3,"Lumayan bagus, tapi ada beberapa hal yang bisa diperbaiki.",2024-09-18
469,Thin-Jam Hex Nut 4,Teguh Prasetyo,teguh.p@outlook.com,3,"Sesuai deskripsi, tapi ekspektasi saya sedikit lebih tinggi.",2024-09-19
470,Thin-Jam Hex Nut 4,Pita Sari,pita.s@gmail.com,4,"Material berkualitas tinggi, pemasangan mudah. Sangat memuaskan.",2024-08-24
471,Thin-Jam Hex Nut 13,Wawan Hermawan,wawan.h@gmail.com,3,Material oke tapi proses pemasangan agak tricky.,2024-05-10
472,Thin-Jam Hex Nut 13,Budi Santoso,budi.s@gmail.com,3,Produk cukup oke untuk harga segini. Tidak ada yang istimewa.,2024-08-04
473,Thin-Jam Hex Nut 13,Gita Permata,gita.p@gmail.com,3,"Lumayan bagus, tapi ada beberapa hal yang bisa diperbaiki.",2024-08-29
474,Thin-Jam Hex Nut 13,Reza Maulana,reza.m@yahoo.com,5,Kualitas jauh lebih baik dari yang saya bayangkan. Worth every rupiah!,2024-03-10
475,Thin-Jam Hex Nut 13,Irma Susanti,irma.s@outlook.com,4,"Produk original, harga worth it. Teman-teman juga ikut beli.",2024-07-14
476,Thin-Jam Hex Nut 13,Teguh Prasetyo,teguh.p@outlook.com,2,Barang tidak sesuai spesifikasi yang tertera. Kecewa!,2024-02-11
477,Thin-Jam Hex Nut 13,Xena Putri,xena.p@yahoo.com,1,"Tidak tahan lama, baru dipakai beberapa kali sudah rusak.",2024-03-01
478,Thin-Jam Hex Nut 13,Joko Purnomo,joko.p@outlook.com,1,Kualitas jauh di bawah harga yang dipatok. Menyesal beli.,2024-04-24
479,Thin-Jam Hex Nut 13,Budi Santoso,budi.s@hotmail.com,3,"Cukup fungsional, meski ada beberapa kekurangan minor.",2024-12-10
480,Thin-Jam Hex Nut 13,Candra Wijaya,candra.w@outlook.com,4,"Pas banget sama yang saya butuhkan, ukuran dan kualitas sesuai.",2024-05-06
481,Thin-Jam Hex Nut 14,Umi Kalsum,umi.k@hotmail.com,5,"Pas banget sama yang saya butuhkan, ukuran dan kualitas sesuai.",2024-02-27
482,Thin-Jam Hex Nut 14,Reza Maulana,reza.m@outlook.com,3,Produk cukup oke untuk harga segini. Tidak ada yang istimewa.,2024-05-03
483,Thin-Jam Hex Nut 14,Niko Santoso,niko.s@gmail.com,5,Cocok banget untuk kebutuhan saya. Mantap dan terpercaya!,2024-11-02
484,Thin-Jam Hex Nut 14,Wawan Hermawan,wawan.h@gmail.com,3,"Kualitas standar, cocok untuk penggunaan sehari-hari biasa.",2024-01-23
485,Thin-Jam Hex Nut 14,Nela Puspita,nela.p@yahoo.com,4,Kualitas jauh lebih baik dari yang saya bayangkan. Worth every rupiah!,2024-01-29
486,Thin-Jam Hex Nut 14,Eka Saputra,eka.s@hotmail.com,4,"Pas banget sama yang saya butuhkan, ukuran dan kualitas sesuai.",2024-10-21
487,Thin-Jam Hex Nut 14,Cici Rahayu,cici.r@hotmail.com,4,"Pas banget sama yang saya butuhkan, ukuran dan kualitas sesuai.",2024-06-03
488,Thin-Jam Hex Nut 14,Fani Wijayanti,fani.w@yahoo.com,1,Barang tidak sesuai spesifikasi yang tertera. Kecewa!,2024-06-02
489,Thin-Jam Hex Nut 14,Winda Kurniawati,winda.k@yahoo.com,5,"Packaging rapi, produk mulus tidak ada cacat. Bintang 5 layak!",2024-12-13
490,Thin-Jam Hex Nut 14,Qira Wulandari,qira.w@gmail.com,4,"Produk original, harga worth it. Teman-teman juga ikut beli.",2024-11-25
491,Thin-Jam Hex Nut 7,Vira Anggraeni,vira.a@hotmail.com,5,"Sudah lama cari produk seperti ini, akhirnya ketemu yang tepat.",2024-08-01
492,Thin-Jam Hex Nut 7,Omar Siddiq,omar.s@outlook.com,5,"Kualitas premium, material terasa solid dan tahan lama. Recommended!",2024-10-02
493,Thin-Jam Hex Nut 7,Wati Susanti,wati.s@yahoo.com,5,"Sudah pakai 3 bulan, tidak ada masalah sama sekali. Beli lagi!",2024-12-28
494,Thin-Jam Hex Nut 7,Fani Wijayanti,fani.w@gmail.com,3,Material oke tapi proses pemasangan agak tricky.,2024-08-01
495,Thin-Jam Hex Nut 7,Hilda Wahyuni,hilda.w@outlook.com,4,"Pas banget sama yang saya butuhkan, ukuran dan kualitas sesuai.",2024-05-10
496,Thin-Jam Hex Nut 7,Niko Santoso,niko.s@gmail.com,5,Cocok banget untuk kebutuhan saya. Mantap dan terpercaya!,2024-07-08
497,Thin-Jam Hex Nut 7,Nanda Kurnia,nanda.k@yahoo.com,4,"Produk sangat memuaskan, kualitas terjamin dan sesuai deskripsi!",2024-05-17
498,Thin-Jam Hex Nut 7,Kevin Pratama,kevin.p@gmail.com,3,"Lumayan bagus, tapi ada beberapa hal yang bisa diperbaiki.",2024-04-06
499,Thin-Jam Hex Nut 7,Hendra Kurnia,hendra.k@yahoo.com,4,Cocok banget untuk kebutuhan saya. Mantap dan terpercaya!,2024-04-16
500,Thin-Jam Hex Nut 7,Evi Susanti,evi.s@gmail.com,5,"Pas banget sama yang saya butuhkan, ukuran dan kualitas sesuai.",2024-04-07
501,Thin-Jam Hex Nut 8,Edo Prasetyo,edo.p@outlook.com,5,"Pas banget sama yang saya butuhkan, ukuran dan kualitas sesuai.",2024-12-22
502,Thin-Jam Hex Nut 8,Nina Kartika,nina.k@outlook.com,3,"Kualitas standar, cocok untuk penggunaan sehari-hari biasa.",2024-10-09
503,Thin-Jam Hex Nut 8,Dedi Kurniawan,dedi.k@outlook.com,3,"Cukup fungsional, meski ada beberapa kekurangan minor.",2024-09-30
504,Thin-Jam Hex Nut 8,Tasya Maharani,tasya.m@hotmail.com,5,"Produk original, harga worth it. Teman-teman juga ikut beli.",2024-09-19
505,Thin-Jam Hex Nut 8,Zulfa Aulia,zulfa.a@outlook.com,4,Kualitas jauh lebih baik dari yang saya bayangkan. Worth every rupiah!,2024-06-12
506,Thin-Jam Hex Nut 8,Niko Santoso,niko.s@outlook.com,5,"Produk sangat memuaskan, kualitas terjamin dan sesuai deskripsi!",2024-10-15
507,Thin-Jam Hex Nut 8,Pandu Wicaksono,pandu.w@gmail.com,3,"Tidak buruk, tidak terlalu bagus. Cukup untuk kebutuhan.",2024-10-10
508,Thin-Jam Hex Nut 8,Kiki Rahmat,kiki.r@outlook.com,4,"Sudah pakai 3 bulan, tidak ada masalah sama sekali. Beli lagi!",2024-03-19
509,Thin-Jam Hex Nut 8,Mira Handayani,mira.h@outlook.com,5,Best purchase ever! Produk ini benar-benar memenuhi semua kebutuhan saya.,2024-05-05
510,Thin-Jam Hex Nut 8,Zulfa Aulia,zulfa.a@hotmail.com,4,"Sudah pakai 3 bulan, tidak ada masalah sama sekali. Beli lagi!",2024-09-07
511,Thin-Jam Hex Nut 12,Candra Wijaya,candra.w@outlook.com,4,Cocok banget untuk kebutuhan saya. Mantap dan terpercaya!,2024-03-27
512,Thin-Jam Hex Nut 12,Dina Marlina,dina.m@yahoo.com,3,"Sesuai deskripsi, tapi ekspektasi saya sedikit lebih tinggi.",2024-10-06
513,Thin-Jam Hex Nut 12,Yeni Rahma,yeni.r@gmail.com,5,"Material berkualitas tinggi, pemasangan mudah. Sangat memuaskan.",2024-01-18
514,Thin-Jam Hex Nut 12,Maya Putri,maya.p@gmail.com,2,"Kecewa dengan kualitasnya, tidak sesuai ekspektasi sama sekali.",2024-07-30
515,Thin-Jam Hex Nut 12,Eka Saputra,eka.s@yahoo.com,3,"Lumayan bagus, tapi ada beberapa hal yang bisa diperbaiki.",2024-12-28
516,Thin-Jam Hex Nut 12,Gilang Ramadhan,gilang.r@outlook.com,5,"Produk original, harga worth it. Teman-teman juga ikut beli.",2024-01-31
517,Thin-Jam Hex Nut 12,Putri Ayu,putri.a@outlook.com,4,"Packaging rapi, produk mulus tidak ada cacat. Bintang 5 layak!",2024-09-06
518,Thin-Jam Hex Nut 12,Andi Pratama,andi.p@outlook.com,5,"Produk sangat memuaskan, kualitas terjamin dan sesuai deskripsi!",2024-01-09
519,Thin-Jam Hex Nut 12,Danu Setiawan,danu.s@hotmail.com,3,Produk cukup oke untuk harga segini. Tidak ada yang istimewa.,2024-09-14
520,Thin-Jam Hex Nut 12,Zaki Mubarak,zaki.m@yahoo.com,3,"Lumayan bagus, tapi ada beberapa hal yang bisa diperbaiki.",2024-02-19
521,Thin-Jam Hex Nut 11,Danu Setiawan,danu.s@yahoo.com,5,Best purchase ever! Produk ini benar-benar memenuhi semua kebutuhan saya.,2024-09-26
522,Thin-Jam Hex Nut 11,Tegar Prasetyo,tegar.p@hotmail.com,3,Material oke tapi proses pemasangan agak tricky.,2024-02-10
523,Thin-Jam Hex Nut 11,Julia Anggraini,julia.a@outlook.com,1,"Material terasa murahan, tidak sesuai foto di deskripsi.",2024-12-22
524,Thin-Jam Hex Nut 11,Pandu Wicaksono,pandu.w@gmail.com,5,"Packaging rapi, produk mulus tidak ada cacat. Bintang 5 layak!",2024-11-28
525,Thin-Jam Hex Nut 11,Hendra Kurnia,hendra.k@outlook.com,5,Tidak menyesal beli produk ini. Kualitasnya jauh melebihi ekspektasi.,2024-07-12
526,Thin-Jam Hex Nut 11,Gilang Saputra,gilang.s@gmail.com,4,"Sudah lama cari produk seperti ini, akhirnya ketemu yang tepat.",2024-03-28
527,Thin-Jam Hex Nut 11,Rizki Hamdani,rizki.h@outlook.com,4,"Packaging rapi, produk mulus tidak ada cacat. Bintang 5 layak!",2024-06-18
528,Thin-Jam Hex Nut 11,Ivan Kurniawan,ivan.k@gmail.com,1,"Kecewa dengan kualitasnya, tidak sesuai ekspektasi sama sekali.",2024-04-27
529,Thin-Jam Hex Nut 11,Ola Puspita,ola.p@outlook.com,2,Pemasangan sangat susah dan hasilnya tidak memuaskan.,2024-01-24
530,Thin-Jam Hex Nut 11,Maya Putri,maya.p@hotmail.com,3,Produk cukup oke untuk harga segini. Tidak ada yang istimewa.,2024-04-01
531,Hex Nut 5,Cici Rahayu,cici.r@yahoo.com,5,Best purchase ever! Produk ini benar-benar memenuhi semua kebutuhan saya.,2024-03-14
532,Hex Nut 5,Gema Saputra,gema.s@outlook.com,3,"Lumayan bagus, tapi ada beberapa hal yang bisa diperbaiki.",2024-06-02
533,Hex Nut 5,Hani Pertiwi,hani.p@outlook.com,4,"Packaging rapi, produk mulus tidak ada cacat. Bintang 5 layak!",2024-10-03
534,Hex Nut 5,Evi Susanti,evi.s@yahoo.com,5,Kualitas jauh lebih baik dari yang saya bayangkan. Worth every rupiah!,2024-12-18
535,Hex Nut 5,Candra Wijaya,candra.w@hotmail.com,5,"Produk sangat memuaskan, kualitas terjamin dan sesuai deskripsi!",2024-02-20
536,Hex Nut 5,Rio Fernanda,rio.f@gmail.com,5,"Produk original, harga worth it. Teman-teman juga ikut beli.",2024-11-05
537,Hex Nut 5,Irma Susanti,irma.s@outlook.com,4,Kualitas jauh lebih baik dari yang saya bayangkan. Worth every rupiah!,2024-06-16
538,Hex Nut 5,Siti Nurhaliza,siti.n@outlook.com,4,Cocok banget untuk kebutuhan saya. Mantap dan terpercaya!,2024-04-26
539,Hex Nut 5,Hafiz Ramadhan,hafiz.r@outlook.com,4,Tidak menyesal beli produk ini. Kualitasnya jauh melebihi ekspektasi.,2024-04-05
540,Hex Nut 5,Xena Putri,xena.p@outlook.com,4,"Barang bagus, pengiriman cepat. Sangat puas dengan pembelian ini.",2024-11-12
541,Hex Nut 6,Zahra Amini,zahra.a@gmail.com,3,"Lumayan bagus, tapi ada beberapa hal yang bisa diperbaiki.",2024-05-17
542,Hex Nut 6,Gilang Ramadhan,gilang.r@yahoo.com,5,"Sudah lama cari produk seperti ini, akhirnya ketemu yang tepat.",2024-07-18
543,Hex Nut 6,Cici Rahayu,cici.r@gmail.com,5,"Produk sangat memuaskan, kualitas terjamin dan sesuai deskripsi!",2024-06-06
544,Hex Nut 6,Sari Dewi,sari.d@hotmail.com,5,"Barang bagus, pengiriman cepat. Sangat puas dengan pembelian ini.",2024-03-08
545,Hex Nut 6,Nanda Kurnia,nanda.k@outlook.com,5,"Material berkualitas tinggi, pemasangan mudah. Sangat memuaskan.",2024-10-11
546,Hex Nut 6,Bintang Nugraha,bintang.n@gmail.com,4,"Barang bagus, pengiriman cepat. Sangat puas dengan pembelian ini.",2024-06-30
547,Hex Nut 6,Gilang Saputra,gilang.s@hotmail.com,5,Tidak menyesal beli produk ini. Kualitasnya jauh melebihi ekspektasi.,2024-01-07
548,Hex Nut 6,Zahra Amini,zahra.a@gmail.com,4,"Sudah lama cari produk seperti ini, akhirnya ketemu yang tepat.",2024-10-13
549,Hex Nut 6,Salsa Nabila,salsa.n@yahoo.com,4,"Packaging rapi, produk mulus tidak ada cacat. Bintang 5 layak!",2024-07-13
550,Hex Nut 6,Irwan Saputro,irwan.s@hotmail.com,5,"Sudah pakai 3 bulan, tidak ada masalah sama sekali. Beli lagi!",2024-09-09
551,Hex Nut 16,Fani Wijayanti,fani.w@outlook.com,5,"Sudah pakai 3 bulan, tidak ada masalah sama sekali. Beli lagi!",2024-08-03
552,Hex Nut 16,Agus Salim,agus.s@gmail.com,4,"Produk original, harga worth it. Teman-teman juga ikut beli.",2024-05-08
553,Hex Nut 16,Salsa Nabila,salsa.n@outlook.com,3,"Kualitas standar, cocok untuk penggunaan sehari-hari biasa.",2024-08-22
554,Hex Nut 16,Yuni Astuti,yuni.a@gmail.com,5,Tidak menyesal beli produk ini. Kualitasnya jauh melebihi ekspektasi.,2024-06-19
555,Hex Nut 16,Putri Ayu,putri.a@hotmail.com,5,Cocok banget untuk kebutuhan saya. Mantap dan terpercaya!,2024-06-20
556,Hex Nut 16,Rio Fernanda,rio.f@yahoo.com,3,"Tidak buruk, tidak terlalu bagus. Cukup untuk kebutuhan.",2024-06-13
557,Hex Nut 16,Nina Kartika,nina.k@yahoo.com,2,Kualitas kontrol perlu ditingkatkan. Produk cacat saat datang.,2024-06-09
558,Hex Nut 16,Joko Purnomo,joko.p@hotmail.com,1,Pemasangan sangat susah dan hasilnya tidak memuaskan.,2024-12-21
559,Hex Nut 16,Rika Purnama,rika.p@yahoo.com,4,"Produk original, harga worth it. Teman-teman juga ikut beli.",2024-07-11
560,Hex Nut 16,Winda Kurniawati,winda.k@outlook.com,3,"Biasa saja, tapi harga terjangkau jadi tidak terlalu kecewa.",2024-02-28
561,Hex Nut 17,Ivan Kurniawan,ivan.k@yahoo.com,5,"Packaging rapi, produk mulus tidak ada cacat. Bintang 5 layak!",2024-10-08
562,Hex Nut 17,Siti Nurhaliza,siti.n@outlook.com,1,"Material terasa murahan, tidak sesuai foto di deskripsi.",2024-08-12
563,Hex Nut 17,Zahra Amini,zahra.a@gmail.com,3,Material oke tapi proses pemasangan agak tricky.,2024-12-10
564,Hex Nut 17,Zulfa Aulia,zulfa.a@hotmail.com,5,"Pas banget sama yang saya butuhkan, ukuran dan kualitas sesuai.",2024-05-09
565,Hex Nut 17,Udin Setiawan,udin.s@outlook.com,5,Kualitas jauh lebih baik dari yang saya bayangkan. Worth every rupiah!,2024-07-12
566,Hex Nut 17,Maya Putri,maya.p@outlook.com,4,Best purchase ever! Produk ini benar-benar memenuhi semua kebutuhan saya.,2024-07-24
567,Hex Nut 17,Elsa Purnama,elsa.p@outlook.com,4,"Material berkualitas tinggi, pemasangan mudah. Sangat memuaskan.",2024-01-19
568,Hex Nut 17,Indra Setiawan,indra.s@gmail.com,3,"Lumayan bagus, tapi ada beberapa hal yang bisa diperbaiki.",2024-05-07
569,Hex Nut 17,Udin Setiawan,udin.s@yahoo.com,3,Produk cukup oke untuk harga segini. Tidak ada yang istimewa.,2024-10-15
570,Hex Nut 17,Sandro Putra,sandro.p@outlook.com,3,"Biasa saja, tapi harga terjangkau jadi tidak terlalu kecewa.",2024-08-08
571,Hex Nut 7,Yuni Astuti,yuni.a@hotmail.com,5,"Pas banget sama yang saya butuhkan, ukuran dan kualitas sesuai.",2024-09-18
572,Hex Nut 7,Fira Ramadhani,fira.r@yahoo.com,4,Cocok banget untuk kebutuhan saya. Mantap dan terpercaya!,2024-07-10
573,Hex Nut 7,Mansur Wahyudi,mansur.w@yahoo.com,4,"Produk original, harga worth it. Teman-teman juga ikut beli.",2024-01-13
574,Hex Nut 7,Xander Pratama,xander.p@outlook.com,5,"Barang bagus, pengiriman cepat. Sangat puas dengan pembelian ini.",2024-02-29
575,Hex Nut 7,Dina Marlina,dina.m@hotmail.com,5,"Produk original, harga worth it. Teman-teman juga ikut beli.",2024-08-21
576,Hex Nut 7,Niko Santoso,niko.s@hotmail.com,4,Cocok banget untuk kebutuhan saya. Mantap dan terpercaya!,2024-02-19
577,Hex Nut 7,Sari Dewi,sari.d@outlook.com,3,"Biasa saja, tapi harga terjangkau jadi tidak terlalu kecewa.",2024-02-04
578,Hex Nut 7,Agus Salim,agus.s@gmail.com,5,"Produk sangat memuaskan, kualitas terjamin dan sesuai deskripsi!",2024-06-24
579,Hex Nut 7,Sandro Putra,sandro.p@yahoo.com,5,"Sudah lama cari produk seperti ini, akhirnya ketemu yang tepat.",2024-05-04
580,Hex Nut 7,Cinta Melati,cinta.m@yahoo.com,5,"Produk original, harga worth it. Teman-teman juga ikut beli.",2024-10-13
581,Hex Nut 8,Qira Wulandari,qira.w@yahoo.com,1,Barang tidak sesuai spesifikasi yang tertera. Kecewa!,2024-11-18
582,Hex Nut 8,Kartika Sari,kartika.s@outlook.com,5,Tidak menyesal beli produk ini. Kualitasnya jauh melebihi ekspektasi.,2024-01-15
583,Hex Nut 8,Edo Prasetyo,edo.p@yahoo.com,4,Cocok banget untuk kebutuhan saya. Mantap dan terpercaya!,2024-10-30
584,Hex Nut 8,Qira Wulandari,qira.w@yahoo.com,5,"Pas banget sama yang saya butuhkan, ukuran dan kualitas sesuai.",2024-05-22
585,Hex Nut 8,Gema Saputra,gema.s@gmail.com,3,"Lumayan bagus, tapi ada beberapa hal yang bisa diperbaiki.",2024-10-01
586,Hex Nut 8,Kartika Sari,kartika.s@yahoo.com,5,Cocok banget untuk kebutuhan saya. Mantap dan terpercaya!,2024-02-28
587,Hex Nut 8,Ulfa Rohmah,ulfa.r@outlook.com,3,"Biasa saja, tapi harga terjangkau jadi tidak terlalu kecewa.",2024-11-01
588,Hex Nut 8,Lisa Maharani,lisa.m@gmail.com,4,"Produk original, harga worth it. Teman-teman juga ikut beli.",2024-06-29
589,Hex Nut 8,Umi Kalsum,umi.k@hotmail.com,4,Best purchase ever! Produk ini benar-benar memenuhi semua kebutuhan saya.,2024-10-29
590,Hex Nut 8,Rizki Hamdani,rizki.h@hotmail.com,3,"Lumayan bagus, tapi ada beberapa hal yang bisa diperbaiki.",2024-05-02
591,Hex Nut 9,Bayu Wibowo,bayu.w@hotmail.com,5,"Sudah lama cari produk seperti ini, akhirnya ketemu yang tepat.",2024-03-13
592,Hex Nut 9,Bintang Nugraha,bintang.n@yahoo.com,5,Best purchase ever! Produk ini benar-benar memenuhi semua kebutuhan saya.,2024-07-15
593,Hex Nut 9,Qira Wulandari,qira.w@yahoo.com,5,"Material berkualitas tinggi, pemasangan mudah. Sangat memuaskan.",2024-03-26
594,Hex Nut 9,Yeni Rahma,yeni.r@yahoo.com,5,"Produk original, harga worth it. Teman-teman juga ikut beli.",2024-08-18
595,Hex Nut 9,Putri Ayu,putri.a@hotmail.com,5,"Produk sangat memuaskan, kualitas terjamin dan sesuai deskripsi!",2024-09-05
596,Hex Nut 9,Eka Saputra,eka.s@outlook.com,5,"Material berkualitas tinggi, pemasangan mudah. Sangat memuaskan.",2024-09-15
597,Hex Nut 9,Tasya Maharani,tasya.m@outlook.com,4,Tidak menyesal beli produk ini. Kualitasnya jauh melebihi ekspektasi.,2024-12-29
598,Hex Nut 9,Sari Dewi,sari.d@gmail.com,4,Best purchase ever! Produk ini benar-benar memenuhi semua kebutuhan saya.,2024-01-16
599,Hex Nut 9,Hendra Kurnia,hendra.k@gmail.com,5,"Sudah pakai 3 bulan, tidak ada masalah sama sekali. Beli lagi!",2024-04-25
600,Hex Nut 9,Elsa Purnama,elsa.p@outlook.com,5,Best purchase ever! Produk ini benar-benar memenuhi semua kebutuhan saya.,2024-09-10
601,Hex Nut 22,Gilang Saputra,gilang.s@gmail.com,4,"Sudah pakai 3 bulan, tidak ada masalah sama sekali. Beli lagi!",2024-10-05
602,Hex Nut 22,Indra Setiawan,indra.s@gmail.com,4,Kualitas jauh lebih baik dari yang saya bayangkan. Worth every rupiah!,2024-08-13
603,Hex Nut 22,Fauzan Hidayat,fauzan.h@outlook.com,5,"Barang bagus, pengiriman cepat. Sangat puas dengan pembelian ini.",2024-11-30
604,Hex Nut 22,Gema Saputra,gema.s@gmail.com,5,Cocok banget untuk kebutuhan saya. Mantap dan terpercaya!,2024-05-14
605,Hex Nut 22,Gita Permata,gita.p@gmail.com,2,Kualitas kontrol perlu ditingkatkan. Produk cacat saat datang.,2024-03-01
606,Hex Nut 22,Joko Widodo,joko.w@yahoo.com,3,"Biasa saja, tapi harga terjangkau jadi tidak terlalu kecewa.",2024-12-29
607,Hex Nut 22,Oscar Halim,oscar.h@yahoo.com,4,Best purchase ever! Produk ini benar-benar memenuhi semua kebutuhan saya.,2024-03-12
608,Hex Nut 22,Niko Santoso,niko.s@gmail.com,3,"Biasa saja, tapi harga terjangkau jadi tidak terlalu kecewa.",2024-09-29
609,Hex Nut 22,Winda Kurniawati,winda.k@yahoo.com,4,"Produk original, harga worth it. Teman-teman juga ikut beli.",2024-12-26
610,Hex Nut 22,Zahra Amini,zahra.a@hotmail.com,5,"Material berkualitas tinggi, pemasangan mudah. Sangat memuaskan.",2024-12-13
611,Hex Nut 23,Taufik Hidayat,taufik.h@outlook.com,5,"Produk sangat memuaskan, kualitas terjamin dan sesuai deskripsi!",2024-05-21
612,Hex Nut 23,Tasya Maharani,tasya.m@yahoo.com,5,"Pas banget sama yang saya butuhkan, ukuran dan kualitas sesuai.",2024-03-15
613,Hex Nut 23,Bella Anggraini,bella.a@yahoo.com,5,Kualitas jauh lebih baik dari yang saya bayangkan. Worth every rupiah!,2024-12-12
614,Hex Nut 23,Mansur Wahyudi,mansur.w@hotmail.com,4,"Packaging rapi, produk mulus tidak ada cacat. Bintang 5 layak!",2024-07-31
615,Hex Nut 23,Kevin Pratama,kevin.p@gmail.com,4,Tidak menyesal beli produk ini. Kualitasnya jauh melebihi ekspektasi.,2024-09-20
616,Hex Nut 23,Fira Ramadhani,fira.r@hotmail.com,5,Cocok banget untuk kebutuhan saya. Mantap dan terpercaya!,2024-09-06
617,Hex Nut 23,Dedi Kurniawan,dedi.k@gmail.com,4,"Sudah lama cari produk seperti ini, akhirnya ketemu yang tepat.",2024-08-22
618,Hex Nut 23,Rika Purnama,rika.p@hotmail.com,3,"Lumayan bagus, tapi ada beberapa hal yang bisa diperbaiki.",2024-09-30
619,Hex Nut 23,Mansur Wahyudi,mansur.w@outlook.com,5,"Pas banget sama yang saya butuhkan, ukuran dan kualitas sesuai.",2024-09-10
620,Hex Nut 23,Vino Pratama,vino.p@hotmail.com,5,"Produk original, harga worth it. Teman-teman juga ikut beli.",2024-10-07
621,Hex Nut 12,Jaka Samudra,jaka.s@outlook.com,5,Kualitas jauh lebih baik dari yang saya bayangkan. Worth every rupiah!,2024-06-24
622,Hex Nut 12,Xena Putri,xena.p@gmail.com,3,"Lumayan bagus, tapi ada beberapa hal yang bisa diperbaiki.",2024-11-16
623,Hex Nut 12,Umi Kalsum,umi.k@yahoo.com,5,Cocok banget untuk kebutuhan saya. Mantap dan terpercaya!,2024-08-21
624,Hex Nut 12,Budi Santoso,budi.s@outlook.com,1,"Material terasa murahan, tidak sesuai foto di deskripsi.",2024-12-18
625,Hex Nut 12,Doni Firmansyah,doni.f@hotmail.com,2,Kualitas jauh di bawah harga yang dipatok. Menyesal beli.,2024-05-20
626,Hex Nut 12,Nanda Kurnia,nanda.k@hotmail.com,3,"Lumayan bagus, tapi ada beberapa hal yang bisa diperbaiki.",2024-07-09
627,Hex Nut 12,Vira Anggraeni,vira.a@yahoo.com,2,"Kecewa dengan kualitasnya, tidak sesuai ekspektasi sama sekali.",2024-07-21
628,Hex Nut 12,Qais Ramadhan,qais.r@yahoo.com,5,Tidak menyesal beli produk ini. Kualitasnya jauh melebihi ekspektasi.,2024-12-01
629,Hex Nut 12,Nanda Kurnia,nanda.k@gmail.com,3,"Kualitas standar, cocok untuk penggunaan sehari-hari biasa.",2024-09-01
630,Hex Nut 12,Maya Putri,maya.p@yahoo.com,5,"Material berkualitas tinggi, pemasangan mudah. Sangat memuaskan.",2024-12-14
631,Hex Nut 13,Sari Dewi,sari.d@hotmail.com,5,"Barang bagus, pengiriman cepat. Sangat puas dengan pembelian ini.",2024-08-04
632,Hex Nut 13,Yola Safitri,yola.s@gmail.com,5,"Pas banget sama yang saya butuhkan, ukuran dan kualitas sesuai.",2024-07-15
633,Hex Nut 13,Nanda Kurnia,nanda.k@gmail.com,3,"Lumayan bagus, tapi ada beberapa hal yang bisa diperbaiki.",2024-06-09
634,Hex Nut 13,Julia Anggraini,julia.a@yahoo.com,2,Barang tidak sesuai spesifikasi yang tertera. Kecewa!,2024-03-09
635,Hex Nut 13,Sandro Putra,sandro.p@yahoo.com,1,Produk cepat rusak setelah pemakaian singkat. Tidak recommended.,2024-09-28
636,Hex Nut 13,Ivan Kurniawan,ivan.k@yahoo.com,5,Cocok banget untuk kebutuhan saya. Mantap dan terpercaya!,2024-06-28
637,Hex Nut 13,Candra Wijaya,candra.w@yahoo.com,5,Tidak menyesal beli produk ini. Kualitasnya jauh melebihi ekspektasi.,2024-11-11
638,Hex Nut 13,Xena Putri,xena.p@yahoo.com,4,"Barang bagus, pengiriman cepat. Sangat puas dengan pembelian ini.",2024-02-21
639,Hex Nut 13,Eka Saputra,eka.s@outlook.com,3,"Biasa saja, tapi harga terjangkau jadi tidak terlalu kecewa.",2024-08-07
640,Hex Nut 13,Cici Rahayu,cici.r@yahoo.com,3,"Tidak buruk, tidak terlalu bagus. Cukup untuk kebutuhan.",2024-11-26
641,Hex Nut 1,Rizki Hamdani,rizki.h@hotmail.com,5,Kualitas jauh lebih baik dari yang saya bayangkan. Worth every rupiah!,2024-12-19
642,Hex Nut 1,Siti Nurhaliza,siti.n@hotmail.com,3,"Kualitas standar, cocok untuk penggunaan sehari-hari biasa.",2024-09-22
643,Hex Nut 1,Nina Kartika,nina.k@outlook.com,4,"Sudah pakai 3 bulan, tidak ada masalah sama sekali. Beli lagi!",2024-11-26
644,Hex Nut 1,Fajar Nugroho,fajar.n@yahoo.com,3,"Cukup fungsional, meski ada beberapa kekurangan minor.",2024-07-16
645,Hex Nut 1,Bagas Setiawan,bagas.s@gmail.com,5,"Material berkualitas tinggi, pemasangan mudah. Sangat memuaskan.",2024-01-07
646,Hex Nut 1,Indra Setiawan,indra.s@yahoo.com,2,Barang tidak sesuai spesifikasi yang tertera. Kecewa!,2024-10-18
647,Hex Nut 1,Pita Sari,pita.s@yahoo.com,5,Kualitas jauh lebih baik dari yang saya bayangkan. Worth every rupiah!,2024-08-29
648,Hex Nut 1,Irma Susanti,irma.s@gmail.com,5,"Produk sangat memuaskan, kualitas terjamin dan sesuai deskripsi!",2024-05-14
649,Hex Nut 1,Ola Puspita,ola.p@gmail.com,5,Kualitas jauh lebih baik dari yang saya bayangkan. Worth every rupiah!,2024-07-22
650,Hex Nut 1,Aldo Pratama,aldo.p@outlook.com,5,Tidak menyesal beli produk ini. Kualitasnya jauh melebihi ekspektasi.,2024-12-25
651,Hex Nut 10,Nela Puspita,nela.p@yahoo.com,5,"Sudah pakai 3 bulan, tidak ada masalah sama sekali. Beli lagi!",2024-02-12
652,Hex Nut 10,Bayu Wibowo,bayu.w@yahoo.com,5,Kualitas jauh lebih baik dari yang saya bayangkan. Worth every rupiah!,2024-03-20
653,Hex Nut 10,Elsa Purnama,elsa.p@gmail.com,5,"Sudah pakai 3 bulan, tidak ada masalah sama sekali. Beli lagi!",2024-12-23
654,Hex Nut 10,Rio Fernanda,rio.f@yahoo.com,3,Produk cukup oke untuk harga segini. Tidak ada yang istimewa.,2024-05-05
655,Hex Nut 10,Nanda Kurnia,nanda.k@gmail.com,2,Kualitas kontrol perlu ditingkatkan. Produk cacat saat datang.,2024-11-09
656,Hex Nut 10,Nina Kartika,nina.k@yahoo.com,5,"Barang bagus, pengiriman cepat. Sangat puas dengan pembelian ini.",2024-01-07
657,Hex Nut 10,Aditya Nugraha,aditya.n@gmail.com,5,"Kualitas premium, material terasa solid dan tahan lama. Recommended!",2024-09-11
658,Hex Nut 10,Gita Permata,gita.p@hotmail.com,4,"Kualitas premium, material terasa solid dan tahan lama. Recommended!",2024-07-09
659,Hex Nut 10,Doni Firmansyah,doni.f@hotmail.com,3,"Lumayan bagus, tapi ada beberapa hal yang bisa diperbaiki.",2024-01-16
660,Hex Nut 10,Evi Susanti,evi.s@hotmail.com,3,"Lumayan bagus, tapi ada beberapa hal yang bisa diperbaiki.",2024-05-14
661,Hex Nut 11,Bella Anggraini,bella.a@gmail.com,1,Kualitas kontrol perlu ditingkatkan. Produk cacat saat datang.,2024-08-21
662,Hex Nut 11,Bintang Nugraha,bintang.n@outlook.com,5,Best purchase ever! Produk ini benar-benar memenuhi semua kebutuhan saya.,2024-03-26
663,Hex Nut 11,Julia Anggraini,julia.a@gmail.com,5,Best purchase ever! Produk ini benar-benar memenuhi semua kebutuhan saya.,2024-12-11
664,Hex Nut 11,Candra Wijaya,candra.w@gmail.com,5,"Produk sangat memuaskan, kualitas terjamin dan sesuai deskripsi!",2024-01-07
665,Hex Nut 11,Salsa Nabila,salsa.n@hotmail.com,5,Tidak menyesal beli produk ini. Kualitasnya jauh melebihi ekspektasi.,2024-03-17
666,Hex Nut 11,Joko Purnomo,joko.p@gmail.com,2,Barang tidak sesuai spesifikasi yang tertera. Kecewa!,2024-04-24
667,Hex Nut 11,Dedi Kurniawan,dedi.k@hotmail.com,5,"Sudah pakai 3 bulan, tidak ada masalah sama sekali. Beli lagi!",2024-02-09
668,Hex Nut 11,Jaka Samudra,jaka.s@gmail.com,5,"Kualitas premium, material terasa solid dan tahan lama. Recommended!",2024-04-24
669,Hex Nut 11,Cinta Melati,cinta.m@outlook.com,1,Produk cepat rusak setelah pemakaian singkat. Tidak recommended.,2024-08-26
670,Hex Nut 11,Yoga Pratama,yoga.p@hotmail.com,3,"Biasa saja, tapi harga terjangkau jadi tidak terlalu kecewa.",2024-02-14
671,Hex Nut 2,Gilang Saputra,gilang.s@hotmail.com,4,"Pas banget sama yang saya butuhkan, ukuran dan kualitas sesuai.",2024-05-29
672,Hex Nut 2,Ivan Kurniawan,ivan.k@yahoo.com,3,"Cukup fungsional, meski ada beberapa kekurangan minor.",2024-07-07
673,Hex Nut 2,Laila Fitriani,laila.f@yahoo.com,1,"Material terasa murahan, tidak sesuai foto di deskripsi.",2024-03-18
674,Hex Nut 2,Budi Santoso,budi.s@gmail.com,2,"Material terasa murahan, tidak sesuai foto di deskripsi.",2024-10-04
675,Hex Nut 2,Gita Permata,gita.p@gmail.com,4,"Produk original, harga worth it. Teman-teman juga ikut beli.",2024-01-01
676,Hex Nut 2,Hendra Kurnia,hendra.k@hotmail.com,3,"Lumayan bagus, tapi ada beberapa hal yang bisa diperbaiki.",2024-04-15
677,Hex Nut 2,Danu Setiawan,danu.s@outlook.com,1,Kualitas kontrol perlu ditingkatkan. Produk cacat saat datang.,2024-01-31
678,Hex Nut 2,Fani Wijayanti,fani.w@gmail.com,3,Produk cukup oke untuk harga segini. Tidak ada yang istimewa.,2024-04-28
679,Hex Nut 2,Cinta Melati,cinta.m@hotmail.com,4,Cocok banget untuk kebutuhan saya. Mantap dan terpercaya!,2024-02-13
680,Hex Nut 2,Kiki Rahmat,kiki.r@yahoo.com,5,"Packaging rapi, produk mulus tidak ada cacat. Bintang 5 layak!",2024-07-20
681,Hex Nut 20,Maya Putri,maya.p@gmail.com,4,Tidak menyesal beli produk ini. Kualitasnya jauh melebihi ekspektasi.,2024-12-05
682,Hex Nut 20,Doni Firmansyah,doni.f@hotmail.com,5,"Produk original, harga worth it. Teman-teman juga ikut beli.",2024-07-20
683,Hex Nut 20,Zaki Mubarak,zaki.m@hotmail.com,3,"Biasa saja, tapi harga terjangkau jadi tidak terlalu kecewa.",2024-08-19
684,Hex Nut 20,Vino Pratama,vino.p@yahoo.com,5,"Kualitas premium, material terasa solid dan tahan lama. Recommended!",2024-10-26
685,Hex Nut 20,Yuni Astuti,yuni.a@yahoo.com,5,Cocok banget untuk kebutuhan saya. Mantap dan terpercaya!,2024-08-26
686,Hex Nut 20,Cici Rahayu,cici.r@hotmail.com,4,Kualitas jauh lebih baik dari yang saya bayangkan. Worth every rupiah!,2024-04-16
687,Hex Nut 20,Teguh Prasetyo,teguh.p@hotmail.com,5,"Barang bagus, pengiriman cepat. Sangat puas dengan pembelian ini.",2024-02-16
688,Hex Nut 20,Hani Pertiwi,hani.p@hotmail.com,3,Produk cukup oke untuk harga segini. Tidak ada yang istimewa.,2024-04-20
689,Hex Nut 20,Dedi Kurniawan,dedi.k@yahoo.com,5,"Produk original, harga worth it. Teman-teman juga ikut beli.",2024-07-21
690,Hex Nut 20,Bintang Nugraha,bintang.n@hotmail.com,5,"Sudah pakai 3 bulan, tidak ada masalah sama sekali. Beli lagi!",2024-03-30
691,Hex Nut 21,Siti Nurhaliza,siti.n@outlook.com,1,"Material terasa murahan, tidak sesuai foto di deskripsi.",2024-02-18
692,Hex Nut 21,Victor Halim,victor.h@yahoo.com,5,"Barang bagus, pengiriman cepat. Sangat puas dengan pembelian ini.",2024-01-07
693,Hex Nut 21,Lina Susanti,lina.s@yahoo.com,3,"Sesuai deskripsi, tapi ekspektasi saya sedikit lebih tinggi.",2024-04-11
694,Hex Nut 21,Nela Puspita,nela.p@gmail.com,5,Best purchase ever! Produk ini benar-benar memenuhi semua kebutuhan saya.,2024-10-27
695,Hex Nut 21,Ulfa Rohmah,ulfa.r@gmail.com,2,"Kecewa dengan kualitasnya, tidak sesuai ekspektasi sama sekali.",2024-02-03
696,Hex Nut 21,Mira Handayani,mira.h@outlook.com,2,Kualitas jauh di bawah harga yang dipatok. Menyesal beli.,2024-02-17
697,Hex Nut 21,Evi Susanti,evi.s@outlook.com,5,"Produk sangat memuaskan, kualitas terjamin dan sesuai deskripsi!",2024-03-27
698,Hex Nut 21,Jaka Samudra,jaka.s@outlook.com,4,Cocok banget untuk kebutuhan saya. Mantap dan terpercaya!,2024-01-16
699,Hex Nut 21,Kevin Pratama,kevin.p@yahoo.com,3,"Biasa saja, tapi harga terjangkau jadi tidak terlalu kecewa.",2024-04-19
700,Hex Nut 21,Kartika Sari,kartika.s@outlook.com,5,"Kualitas premium, material terasa solid dan tahan lama. Recommended!",2024-01-18
701,Hex Nut 3,Oscar Halim,oscar.h@yahoo.com,4,"Packaging rapi, produk mulus tidak ada cacat. Bintang 5 layak!",2024-05-31
702,Hex Nut 3,Zulfa Aulia,zulfa.a@outlook.com,4,"Produk sangat memuaskan, kualitas terjamin dan sesuai deskripsi!",2024-02-14
703,Hex Nut 3,Winda Kurniawati,winda.k@outlook.com,5,"Pas banget sama yang saya butuhkan, ukuran dan kualitas sesuai.",2024-11-25
704,Hex Nut 3,Danu Setiawan,danu.s@gmail.com,5,Tidak menyesal beli produk ini. Kualitasnya jauh melebihi ekspektasi.,2024-12-31
705,Hex Nut 3,Hafiz Ramadhan,hafiz.r@outlook.com,4,"Produk original, harga worth it. Teman-teman juga ikut beli.",2024-10-16
706,Hex Nut 3,Aldo Pratama,aldo.p@hotmail.com,5,"Kualitas premium, material terasa solid dan tahan lama. Recommended!",2024-01-14
707,Hex Nut 3,Cici Rahayu,cici.r@gmail.com,4,Kualitas jauh lebih baik dari yang saya bayangkan. Worth every rupiah!,2024-05-23
708,Hex Nut 3,Lina Susanti,lina.s@outlook.com,3,"Biasa saja, tapi harga terjangkau jadi tidak terlalu kecewa.",2024-10-26
709,Hex Nut 3,Qori Amalia,qori.a@gmail.com,1,"Material terasa murahan, tidak sesuai foto di deskripsi.",2024-12-02
710,Hex Nut 3,Rafi Aldiansyah,rafi.a@gmail.com,5,Kualitas jauh lebih baik dari yang saya bayangkan. Worth every rupiah!,2024-04-22
711,Hex Nut 14,Jaka Samudra,jaka.s@outlook.com,3,"Biasa saja, tapi harga terjangkau jadi tidak terlalu kecewa.",2024-03-29
712,Hex Nut 14,Joko Purnomo,joko.p@hotmail.com,5,Kualitas jauh lebih baik dari yang saya bayangkan. Worth every rupiah!,2024-12-23
713,Hex Nut 14,Hafiz Ramadhan,hafiz.r@gmail.com,2,"Tidak tahan lama, baru dipakai beberapa kali sudah rusak.",2024-10-17
714,Hex Nut 14,Ivan Kurniawan,ivan.k@yahoo.com,5,Kualitas jauh lebih baik dari yang saya bayangkan. Worth every rupiah!,2024-09-09
715,Hex Nut 14,Fauzan Hidayat,fauzan.h@outlook.com,5,"Produk sangat memuaskan, kualitas terjamin dan sesuai deskripsi!",2024-02-16
716,Hex Nut 14,Lina Susanti,lina.s@yahoo.com,5,"Produk sangat memuaskan, kualitas terjamin dan sesuai deskripsi!",2024-09-26
717,Hex Nut 14,Xander Pratama,xander.p@yahoo.com,5,Kualitas jauh lebih baik dari yang saya bayangkan. Worth every rupiah!,2024-03-07
718,Hex Nut 14,Fahmi Ardiansyah,fahmi.a@hotmail.com,3,Produk cukup oke untuk harga segini. Tidak ada yang istimewa.,2024-01-12
719,Hex Nut 14,Fani Wijayanti,fani.w@yahoo.com,4,Kualitas jauh lebih baik dari yang saya bayangkan. Worth every rupiah!,2024-02-26
720,Hex Nut 14,Danu Setiawan,danu.s@gmail.com,2,"Tidak tahan lama, baru dipakai beberapa kali sudah rusak.",2024-12-26
721,Hex Nut 15,Udin Setiawan,udin.s@gmail.com,5,"Produk original, harga worth it. Teman-teman juga ikut beli.",2024-06-03
722,Hex Nut 15,Dedi Kurniawan,dedi.k@yahoo.com,5,"Sudah lama cari produk seperti ini, akhirnya ketemu yang tepat.",2024-08-11
723,Hex Nut 15,Rika Purnama,rika.p@hotmail.com,1,Kualitas jauh di bawah harga yang dipatok. Menyesal beli.,2024-12-28
724,Hex Nut 15,Hilda Wahyuni,hilda.w@hotmail.com,3,"Kualitas standar, cocok untuk penggunaan sehari-hari biasa.",2024-12-06
725,Hex Nut 15,Laila Fitriani,laila.f@outlook.com,3,"Tidak buruk, tidak terlalu bagus. Cukup untuk kebutuhan.",2024-12-18
726,Hex Nut 15,Zahra Amini,zahra.a@gmail.com,5,"Sudah lama cari produk seperti ini, akhirnya ketemu yang tepat.",2024-10-20
727,Hex Nut 15,Mansur Wahyudi,mansur.w@gmail.com,2,Kualitas jauh di bawah harga yang dipatok. Menyesal beli.,2024-11-04
728,Hex Nut 15,Cici Rahayu,cici.r@yahoo.com,2,Produk cepat rusak setelah pemakaian singkat. Tidak recommended.,2024-09-11
729,Hex Nut 15,Fani Wijayanti,fani.w@gmail.com,5,"Pas banget sama yang saya butuhkan, ukuran dan kualitas sesuai.",2024-06-26
730,Hex Nut 15,Cici Rahayu,cici.r@gmail.com,5,"Sudah lama cari produk seperti ini, akhirnya ketemu yang tepat.",2024-12-09
731,Hex Nut 4,Rika Purnama,rika.p@hotmail.com,3,"Cukup fungsional, meski ada beberapa kekurangan minor.",2024-01-06
732,Hex Nut 4,Ulfa Rohmah,ulfa.r@gmail.com,5,"Produk original, harga worth it. Teman-teman juga ikut beli.",2024-05-11
733,Hex Nut 4,Yuni Astuti,yuni.a@gmail.com,3,Material oke tapi proses pemasangan agak tricky.,2024-08-12
734,Hex Nut 4,Dina Marlina,dina.m@yahoo.com,4,Tidak menyesal beli produk ini. Kualitasnya jauh melebihi ekspektasi.,2024-09-09
735,Hex Nut 4,Kevin Pratama,kevin.p@outlook.com,5,"Barang bagus, pengiriman cepat. Sangat puas dengan pembelian ini.",2024-09-02
736,Hex Nut 4,Jaka Samudra,jaka.s@yahoo.com,3,"Sesuai deskripsi, tapi ekspektasi saya sedikit lebih tinggi.",2024-08-19
737,Hex Nut 4,Maya Putri,maya.p@gmail.com,3,"Tidak buruk, tidak terlalu bagus. Cukup untuk kebutuhan.",2024-01-11
738,Hex Nut 4,Cici Rahayu,cici.r@gmail.com,5,"Barang bagus, pengiriman cepat. Sangat puas dengan pembelian ini.",2024-06-24
739,Hex Nut 4,Irwan Saputro,irwan.s@yahoo.com,2,Produk cepat rusak setelah pemakaian singkat. Tidak recommended.,2024-10-07
740,Hex Nut 4,Nanda Kurnia,nanda.k@outlook.com,5,"Sudah lama cari produk seperti ini, akhirnya ketemu yang tepat.",2024-01-16
741,Hex Nut 18,Rio Fernanda,rio.f@yahoo.com,2,Barang tidak sesuai spesifikasi yang tertera. Kecewa!,2024-03-21
742,Hex Nut 18,Fajar Nugroho,fajar.n@yahoo.com,5,"Pas banget sama yang saya butuhkan, ukuran dan kualitas sesuai.",2024-07-28
743,Hex Nut 18,Zaki Mubarak,zaki.m@hotmail.com,4,"Packaging rapi, produk mulus tidak ada cacat. Bintang 5 layak!",2024-05-24
744,Hex Nut 18,Agus Salim,agus.s@gmail.com,5,Tidak menyesal beli produk ini. Kualitasnya jauh melebihi ekspektasi.,2024-10-19
745,Hex Nut 18,Gilang Saputra,gilang.s@yahoo.com,3,Produk cukup oke untuk harga segini. Tidak ada yang istimewa.,2024-07-03
746,Hex Nut 18,Budi Santoso,budi.s@hotmail.com,4,"Packaging rapi, produk mulus tidak ada cacat. Bintang 5 layak!",2024-11-16
747,Hex Nut 18,Miko Andrianto,miko.a@gmail.com,4,"Produk sangat memuaskan, kualitas terjamin dan sesuai deskripsi!",2024-04-15
748,Hex Nut 18,Irwan Saputro,irwan.s@gmail.com,4,Cocok banget untuk kebutuhan saya. Mantap dan terpercaya!,2024-02-29
749,Hex Nut 18,Bayu Wibowo,bayu.w@outlook.com,3,"Cukup fungsional, meski ada beberapa kekurangan minor.",2024-12-04
750,Hex Nut 18,Ulfa Rohmah,ulfa.r@outlook.com,5,"Kualitas premium, material terasa solid dan tahan lama. Recommended!",2024-07-08
751,Hex Nut 19,Kevin Pratama,kevin.p@outlook.com,5,"Produk sangat memuaskan, kualitas terjamin dan sesuai deskripsi!",2024-05-14
752,Hex Nut 19,Sari Dewi,sari.d@yahoo.com,4,"Sudah pakai 3 bulan, tidak ada masalah sama sekali. Beli lagi!",2024-10-15
753,Hex Nut 19,Lina Susanti,lina.s@gmail.com,5,"Barang bagus, pengiriman cepat. Sangat puas dengan pembelian ini.",2024-12-08
754,Hex Nut 19,Gita Permata,gita.p@outlook.com,3,"Kualitas standar, cocok untuk penggunaan sehari-hari biasa.",2024-10-10
755,Hex Nut 19,Lina Susanti,lina.s@outlook.com,3,"Cukup fungsional, meski ada beberapa kekurangan minor.",2024-10-20
756,Hex Nut 19,Rafi Aldiansyah,rafi.a@gmail.com,4,Tidak menyesal beli produk ini. Kualitasnya jauh melebihi ekspektasi.,2024-12-31
757,Hex Nut 19,Reza Maulana,reza.m@yahoo.com,4,"Barang bagus, pengiriman cepat. Sangat puas dengan pembelian ini.",2024-08-17
758,Hex Nut 19,Joko Purnomo,joko.p@yahoo.com,2,"Material terasa murahan, tidak sesuai foto di deskripsi.",2024-04-08
759,Hex Nut 19,Doni Firmansyah,doni.f@gmail.com,5,"Packaging rapi, produk mulus tidak ada cacat. Bintang 5 layak!",2024-08-10
760,Hex Nut 19,Mira Handayani,mira.h@yahoo.com,1,Pemasangan sangat susah dan hasilnya tidak memuaskan.,2024-06-12
761,Handlebar Tube,Dina Marlina,dina.m@gmail.com,2,Produk cepat rusak setelah pemakaian singkat. Tidak recommended.,2024-07-17
762,Handlebar Tube,Hilda Wahyuni,hilda.w@hotmail.com,5,"Sudah pakai 3 bulan, tidak ada masalah sama sekali. Beli lagi!",2024-09-23
763,Handlebar Tube,Umi Kalsum,umi.k@gmail.com,2,Barang tidak sesuai spesifikasi yang tertera. Kecewa!,2024-02-27
764,Handlebar Tube,Pita Sari,pita.s@gmail.com,5,"Barang bagus, pengiriman cepat. Sangat puas dengan pembelian ini.",2024-10-15
765,Handlebar Tube,Joko Widodo,joko.w@hotmail.com,5,"Material berkualitas tinggi, pemasangan mudah. Sangat memuaskan.",2024-06-25
766,Handlebar Tube,Omar Siddiq,omar.s@outlook.com,5,Best purchase ever! Produk ini benar-benar memenuhi semua kebutuhan saya.,2024-11-07
767,Handlebar Tube,Wati Susanti,wati.s@hotmail.com,5,Tidak menyesal beli produk ini. Kualitasnya jauh melebihi ekspektasi.,2024-03-14
768,Handlebar Tube,Putri Ayu,putri.a@outlook.com,4,"Produk sangat memuaskan, kualitas terjamin dan sesuai deskripsi!",2024-07-21
769,Handlebar Tube,Evi Susanti,evi.s@gmail.com,3,"Cukup fungsional, meski ada beberapa kekurangan minor.",2024-05-17
770,Handlebar Tube,Julia Anggraini,julia.a@hotmail.com,5,"Sudah pakai 3 bulan, tidak ada masalah sama sekali. Beli lagi!",2024-05-23
771,Head Tube,Yeni Rahma,yeni.r@gmail.com,2,"Material terasa murahan, tidak sesuai foto di deskripsi.",2024-03-09
772,Head Tube,Agus Salim,agus.s@outlook.com,1,"Tidak tahan lama, baru dipakai beberapa kali sudah rusak.",2024-05-17
773,Head Tube,Dina Marlina,dina.m@gmail.com,4,"Pas banget sama yang saya butuhkan, ukuran dan kualitas sesuai.",2024-08-14
774,Head Tube,Ola Puspita,ola.p@outlook.com,2,Kualitas kontrol perlu ditingkatkan. Produk cacat saat datang.,2024-09-21
775,Head Tube,Julia Anggraini,julia.a@yahoo.com,3,"Lumayan bagus, tapi ada beberapa hal yang bisa diperbaiki.",2024-06-08
776,Head Tube,Aditya Nugraha,aditya.n@yahoo.com,4,Kualitas jauh lebih baik dari yang saya bayangkan. Worth every rupiah!,2024-09-25
777,Head Tube,Ivan Kurniawan,ivan.k@yahoo.com,5,"Pas banget sama yang saya butuhkan, ukuran dan kualitas sesuai.",2024-01-30
778,Head Tube,Salsa Nabila,salsa.n@gmail.com,5,"Produk original, harga worth it. Teman-teman juga ikut beli.",2024-12-26
779,Head Tube,Mira Handayani,mira.h@outlook.com,5,"Material berkualitas tinggi, pemasangan mudah. Sangat memuaskan.",2024-07-22
780,Head Tube,Rika Purnama,rika.p@gmail.com,2,"Material terasa murahan, tidak sesuai foto di deskripsi.",2024-07-09
781,LL Hub,Yeni Rahma,yeni.r@yahoo.com,4,Cocok banget untuk kebutuhan saya. Mantap dan terpercaya!,2024-10-27
782,LL Hub,Gilang Saputra,gilang.s@yahoo.com,5,"Sudah pakai 3 bulan, tidak ada masalah sama sekali. Beli lagi!",2024-12-18
783,LL Hub,Nanda Kurnia,nanda.k@outlook.com,5,"Produk sangat memuaskan, kualitas terjamin dan sesuai deskripsi!",2024-03-24
784,LL Hub,Jaka Samudra,jaka.s@yahoo.com,3,"Kualitas standar, cocok untuk penggunaan sehari-hari biasa.",2024-11-27
785,LL Hub,Pandu Wicaksono,pandu.w@hotmail.com,3,Material oke tapi proses pemasangan agak tricky.,2024-09-19
786,LL Hub,Andi Pratama,andi.p@gmail.com,2,Kualitas kontrol perlu ditingkatkan. Produk cacat saat datang.,2024-03-08
787,LL Hub,Sandro Putra,sandro.p@gmail.com,5,"Pas banget sama yang saya butuhkan, ukuran dan kualitas sesuai.",2024-05-09
788,LL Hub,Nina Kartika,nina.k@hotmail.com,3,"Tidak buruk, tidak terlalu bagus. Cukup untuk kebutuhan.",2024-08-04
789,LL Hub,Kevin Pratama,kevin.p@outlook.com,2,Pemasangan sangat susah dan hasilnya tidak memuaskan.,2024-04-21
790,LL Hub,Victor Halim,victor.h@outlook.com,5,Best purchase ever! Produk ini benar-benar memenuhi semua kebutuhan saya.,2024-02-22
791,HL Hub,Budi Santoso,budi.s@hotmail.com,4,"Material berkualitas tinggi, pemasangan mudah. Sangat memuaskan.",2024-11-27
792,HL Hub,Miko Andrianto,miko.a@hotmail.com,4,"Packaging rapi, produk mulus tidak ada cacat. Bintang 5 layak!",2024-02-25
793,HL Hub,Xander Pratama,xander.p@hotmail.com,5,"Packaging rapi, produk mulus tidak ada cacat. Bintang 5 layak!",2024-06-15
794,HL Hub,Winda Kurniawati,winda.k@hotmail.com,5,"Pas banget sama yang saya butuhkan, ukuran dan kualitas sesuai.",2024-03-17
795,HL Hub,Cinta Melati,cinta.m@gmail.com,3,Material oke tapi proses pemasangan agak tricky.,2024-12-04
796,HL Hub,Cici Rahayu,cici.r@gmail.com,3,"Cukup fungsional, meski ada beberapa kekurangan minor.",2024-05-31
797,HL Hub,Ulfa Rohmah,ulfa.r@outlook.com,2,Barang tidak sesuai spesifikasi yang tertera. Kecewa!,2024-01-19
798,HL Hub,Kiki Rahmat,kiki.r@yahoo.com,3,"Biasa saja, tapi harga terjangkau jadi tidak terlalu kecewa.",2024-12-31
799,HL Hub,Pandu Wicaksono,pandu.w@outlook.com,3,"Biasa saja, tapi harga terjangkau jadi tidak terlalu kecewa.",2024-09-16
800,HL Hub,Agus Salim,agus.s@yahoo.com,3,"Tidak buruk, tidak terlalu bagus. Cukup untuk kebutuhan.",2024-02-19
801,Keyed Washer,Wati Susanti,wati.s@hotmail.com,5,"Sudah lama cari produk seperti ini, akhirnya ketemu yang tepat.",2024-10-13
802,Keyed Washer,Hendra Kurnia,hendra.k@hotmail.com,2,Produk cepat rusak setelah pemakaian singkat. Tidak recommended.,2024-04-23
803,Keyed Washer,Hafiz Ramadhan,hafiz.r@hotmail.com,5,Tidak menyesal beli produk ini. Kualitasnya jauh melebihi ekspektasi.,2024-06-18
804,Keyed Washer,Julia Anggraini,julia.a@hotmail.com,5,Cocok banget untuk kebutuhan saya. Mantap dan terpercaya!,2024-03-01
805,Keyed Washer,Wati Susanti,wati.s@gmail.com,5,Cocok banget untuk kebutuhan saya. Mantap dan terpercaya!,2024-04-09
806,Keyed Washer,Aldo Pratama,aldo.p@outlook.com,5,"Material berkualitas tinggi, pemasangan mudah. Sangat memuaskan.",2024-06-01
807,Keyed Washer,Omar Siddiq,omar.s@yahoo.com,5,"Kualitas premium, material terasa solid dan tahan lama. Recommended!",2024-04-12
808,Keyed Washer,Fahmi Ardiansyah,fahmi.a@outlook.com,4,"Kualitas premium, material terasa solid dan tahan lama. Recommended!",2024-06-10
809,Keyed Washer,Bella Anggraini,bella.a@gmail.com,5,Cocok banget untuk kebutuhan saya. Mantap dan terpercaya!,2024-06-19
810,Keyed Washer,Qais Ramadhan,qais.r@hotmail.com,1,"Kecewa dengan kualitasnya, tidak sesuai ekspektasi sama sekali.",2024-01-03
811,External Lock Washer 3,Teguh Prasetyo,teguh.p@yahoo.com,5,Best purchase ever! Produk ini benar-benar memenuhi semua kebutuhan saya.,2024-03-22
812,External Lock Washer 3,Yeni Rahma,yeni.r@gmail.com,3,"Sesuai deskripsi, tapi ekspektasi saya sedikit lebih tinggi.",2024-11-10
813,External Lock Washer 3,Rio Fernanda,rio.f@outlook.com,4,Tidak menyesal beli produk ini. Kualitasnya jauh melebihi ekspektasi.,2024-09-01
814,External Lock Washer 3,Lisa Maharani,lisa.m@yahoo.com,5,"Sudah lama cari produk seperti ini, akhirnya ketemu yang tepat.",2024-07-10
815,External Lock Washer 3,Dewi Rahayu,dewi.r@yahoo.com,2,"Kecewa dengan kualitasnya, tidak sesuai ekspektasi sama sekali.",2024-12-12
816,External Lock Washer 3,Budi Santoso,budi.s@yahoo.com,4,"Pas banget sama yang saya butuhkan, ukuran dan kualitas sesuai.",2024-12-21
817,External Lock Washer 3,Gita Permata,gita.p@gmail.com,5,Tidak menyesal beli produk ini. Kualitasnya jauh melebihi ekspektasi.,2024-09-14
818,External Lock Washer 3,Laila Fitriani,laila.f@gmail.com,5,"Produk sangat memuaskan, kualitas terjamin dan sesuai deskripsi!",2024-06-01
819,External Lock Washer 3,Zahra Amini,zahra.a@hotmail.com,4,Tidak menyesal beli produk ini. Kualitasnya jauh melebihi ekspektasi.,2024-12-17
820,External Lock Washer 3,Eka Saputra,eka.s@outlook.com,5,"Produk original, harga worth it. Teman-teman juga ikut beli.",2024-04-06
821,External Lock Washer 4,Irwan Saputro,irwan.s@outlook.com,2,"Kecewa dengan kualitasnya, tidak sesuai ekspektasi sama sekali.",2024-04-26
822,External Lock Washer 4,Pandu Wicaksono,pandu.w@yahoo.com,3,"Kualitas standar, cocok untuk penggunaan sehari-hari biasa.",2024-01-12
823,External Lock Washer 4,Laila Fitriani,laila.f@gmail.com,4,"Produk original, harga worth it. Teman-teman juga ikut beli.",2024-12-30
824,External Lock Washer 4,Tasya Maharani,tasya.m@outlook.com,3,"Tidak buruk, tidak terlalu bagus. Cukup untuk kebutuhan.",2024-09-30
825,External Lock Washer 4,Putri Ayu,putri.a@gmail.com,5,"Packaging rapi, produk mulus tidak ada cacat. Bintang 5 layak!",2024-02-25
826,External Lock Washer 4,Tasya Maharani,tasya.m@gmail.com,3,"Lumayan bagus, tapi ada beberapa hal yang bisa diperbaiki.",2024-08-01
827,External Lock Washer 4,Sari Dewi,sari.d@hotmail.com,5,Cocok banget untuk kebutuhan saya. Mantap dan terpercaya!,2024-12-25
828,External Lock Washer 4,Gilang Ramadhan,gilang.r@gmail.com,5,"Sudah pakai 3 bulan, tidak ada masalah sama sekali. Beli lagi!",2024-08-03
829,External Lock Washer 4,Udin Setiawan,udin.s@hotmail.com,5,Best purchase ever! Produk ini benar-benar memenuhi semua kebutuhan saya.,2024-11-06
830,External Lock Washer 4,Zaki Mubarak,zaki.m@gmail.com,5,"Material berkualitas tinggi, pemasangan mudah. Sangat memuaskan.",2024-11-12
831,External Lock Washer 9,Clara Dewi,clara.d@gmail.com,5,Cocok banget untuk kebutuhan saya. Mantap dan terpercaya!,2024-04-11
832,External Lock Washer 9,Nina Kartika,nina.k@hotmail.com,5,"Material berkualitas tinggi, pemasangan mudah. Sangat memuaskan.",2024-04-13
833,External Lock Washer 9,Hafiz Ramadhan,hafiz.r@hotmail.com,3,"Sesuai deskripsi, tapi ekspektasi saya sedikit lebih tinggi.",2024-01-21
834,External Lock Washer 9,Gilang Saputra,gilang.s@yahoo.com,4,"Sudah lama cari produk seperti ini, akhirnya ketemu yang tepat.",2024-09-03
835,External Lock Washer 9,Evi Susanti,evi.s@gmail.com,5,"Packaging rapi, produk mulus tidak ada cacat. Bintang 5 layak!",2024-02-15
836,External Lock Washer 9,Bagas Setiawan,bagas.s@outlook.com,3,"Sesuai deskripsi, tapi ekspektasi saya sedikit lebih tinggi.",2024-02-16
837,External Lock Washer 9,Joko Widodo,joko.w@gmail.com,4,"Sudah pakai 3 bulan, tidak ada masalah sama sekali. Beli lagi!",2024-11-25
838,External Lock Washer 9,Qori Amalia,qori.a@hotmail.com,4,"Sudah pakai 3 bulan, tidak ada masalah sama sekali. Beli lagi!",2024-08-25
839,External Lock Washer 9,Fajar Nugroho,fajar.n@yahoo.com,5,"Produk sangat memuaskan, kualitas terjamin dan sesuai deskripsi!",2024-05-28
840,External Lock Washer 9,Indra Setiawan,indra.s@hotmail.com,3,Material oke tapi proses pemasangan agak tricky.,2024-02-29
841,External Lock Washer 5,Taufik Hidayat,taufik.h@gmail.com,2,"Kecewa dengan kualitasnya, tidak sesuai ekspektasi sama sekali.",2024-03-11
842,External Lock Washer 5,Udin Setiawan,udin.s@hotmail.com,4,"Produk original, harga worth it. Teman-teman juga ikut beli.",2024-08-12
843,External Lock Washer 5,Putri Ayu,putri.a@gmail.com,5,"Produk original, harga worth it. Teman-teman juga ikut beli.",2024-06-24
844,External Lock Washer 5,Kartika Sari,kartika.s@outlook.com,5,Cocok banget untuk kebutuhan saya. Mantap dan terpercaya!,2024-05-19
845,External Lock Washer 5,Lisa Maharani,lisa.m@outlook.com,3,Material oke tapi proses pemasangan agak tricky.,2024-11-28
846,External Lock Washer 5,Irwan Saputro,irwan.s@gmail.com,5,"Kualitas premium, material terasa solid dan tahan lama. Recommended!",2024-02-23
847,External Lock Washer 5,Pita Sari,pita.s@outlook.com,2,Kualitas kontrol perlu ditingkatkan. Produk cacat saat datang.,2024-04-02
848,External Lock Washer 5,Oscar Halim,oscar.h@hotmail.com,5,Best purchase ever! Produk ini benar-benar memenuhi semua kebutuhan saya.,2024-01-15
849,External Lock Washer 5,Xena Putri,xena.p@yahoo.com,2,Kualitas kontrol perlu ditingkatkan. Produk cacat saat datang.,2024-09-06
850,External Lock Washer 5,Bagas Setiawan,bagas.s@outlook.com,2,"Kecewa dengan kualitasnya, tidak sesuai ekspektasi sama sekali.",2024-02-02
851,External Lock Washer 7,Ulfa Rohmah,ulfa.r@gmail.com,3,"Kualitas standar, cocok untuk penggunaan sehari-hari biasa.",2024-12-08
852,External Lock Washer 7,Fahmi Ardiansyah,fahmi.a@gmail.com,4,Tidak menyesal beli produk ini. Kualitasnya jauh melebihi ekspektasi.,2024-12-04
853,External Lock Washer 7,Dina Marlina,dina.m@hotmail.com,5,"Packaging rapi, produk mulus tidak ada cacat. Bintang 5 layak!",2024-12-12
854,External Lock Washer 7,Sandro Putra,sandro.p@gmail.com,5,"Produk sangat memuaskan, kualitas terjamin dan sesuai deskripsi!",2024-11-25
855,External Lock Washer 7,Hani Pertiwi,hani.p@outlook.com,4,Cocok banget untuk kebutuhan saya. Mantap dan terpercaya!,2024-03-25
856,External Lock Washer 7,Maya Putri,maya.p@hotmail.com,3,"Kualitas standar, cocok untuk penggunaan sehari-hari biasa.",2024-06-18
857,External Lock Washer 7,Winda Kurniawati,winda.k@yahoo.com,5,"Material berkualitas tinggi, pemasangan mudah. Sangat memuaskan.",2024-11-25
858,External Lock Washer 7,Kevin Pratama,kevin.p@yahoo.com,4,"Barang bagus, pengiriman cepat. Sangat puas dengan pembelian ini.",2024-08-23
859,External Lock Washer 7,Sari Dewi,sari.d@outlook.com,3,"Lumayan bagus, tapi ada beberapa hal yang bisa diperbaiki.",2024-09-12
860,External Lock Washer 7,Teguh Prasetyo,teguh.p@outlook.com,5,"Sudah lama cari produk seperti ini, akhirnya ketemu yang tepat.",2024-11-30
861,External Lock Washer 6,Andi Pratama,andi.p@outlook.com,5,"Produk sangat memuaskan, kualitas terjamin dan sesuai deskripsi!",2024-10-12
862,External Lock Washer 6,Gilang Saputra,gilang.s@gmail.com,5,Kualitas jauh lebih baik dari yang saya bayangkan. Worth every rupiah!,2024-11-05
863,External Lock Washer 6,Putri Ayu,putri.a@yahoo.com,4,"Packaging rapi, produk mulus tidak ada cacat. Bintang 5 layak!",2024-12-09
864,External Lock Washer 6,Umi Kalsum,umi.k@hotmail.com,1,"Kecewa dengan kualitasnya, tidak sesuai ekspektasi sama sekali.",2024-04-24
865,External Lock Washer 6,Umi Kalsum,umi.k@outlook.com,5,"Sudah lama cari produk seperti ini, akhirnya ketemu yang tepat.",2024-12-02
866,External Lock Washer 6,Indra Setiawan,indra.s@gmail.com,3,"Lumayan bagus, tapi ada beberapa hal yang bisa diperbaiki.",2024-12-03
867,External Lock Washer 6,Pandu Wicaksono,pandu.w@hotmail.com,5,"Packaging rapi, produk mulus tidak ada cacat. Bintang 5 layak!",2024-05-29
868,External Lock Washer 6,Gilang Saputra,gilang.s@gmail.com,4,"Produk sangat memuaskan, kualitas terjamin dan sesuai deskripsi!",2024-03-25
869,External Lock Washer 6,Zulfa Aulia,zulfa.a@outlook.com,5,"Barang bagus, pengiriman cepat. Sangat puas dengan pembelian ini.",2024-05-10
870,External Lock Washer 6,Oscar Halim,oscar.h@gmail.com,5,Tidak menyesal beli produk ini. Kualitasnya jauh melebihi ekspektasi.,2024-04-20
871,External Lock Washer 1,Umi Kalsum,umi.k@yahoo.com,3,"Biasa saja, tapi harga terjangkau jadi tidak terlalu kecewa.",2024-02-25
872,External Lock Washer 1,Gema Saputra,gema.s@gmail.com,4,Kualitas jauh lebih baik dari yang saya bayangkan. Worth every rupiah!,2024-08-18
873,External Lock Washer 1,Umi Kalsum,umi.k@yahoo.com,3,"Cukup fungsional, meski ada beberapa kekurangan minor.",2024-01-03
874,External Lock Washer 1,Danu Setiawan,danu.s@outlook.com,3,"Cukup fungsional, meski ada beberapa kekurangan minor.",2024-09-17
875,External Lock Washer 1,Joko Widodo,joko.w@yahoo.com,2,Kualitas jauh di bawah harga yang dipatok. Menyesal beli.,2024-03-06
876,External Lock Washer 1,Yuni Astuti,yuni.a@hotmail.com,5,"Material berkualitas tinggi, pemasangan mudah. Sangat memuaskan.",2024-07-15
877,External Lock Washer 1,Pita Sari,pita.s@yahoo.com,1,Pemasangan sangat susah dan hasilnya tidak memuaskan.,2024-07-22
878,External Lock Washer 1,Fahmi Ardiansyah,fahmi.a@outlook.com,1,Kualitas jauh di bawah harga yang dipatok. Menyesal beli.,2024-03-11
879,External Lock Washer 1,Omar Siddiq,omar.s@hotmail.com,4,"Sudah lama cari produk seperti ini, akhirnya ketemu yang tepat.",2024-10-07
880,External Lock Washer 1,Cici Rahayu,cici.r@yahoo.com,3,"Kualitas standar, cocok untuk penggunaan sehari-hari biasa.",2024-04-17
881,External Lock Washer 8,Putri Ayu,putri.a@hotmail.com,3,"Sesuai deskripsi, tapi ekspektasi saya sedikit lebih tinggi.",2024-12-29
882,External Lock Washer 8,Tasya Maharani,tasya.m@yahoo.com,1,"Tidak tahan lama, baru dipakai beberapa kali sudah rusak.",2024-12-29
883,External Lock Washer 8,Bagas Setiawan,bagas.s@outlook.com,3,Material oke tapi proses pemasangan agak tricky.,2024-12-11
884,External Lock Washer 8,Fira Ramadhani,fira.r@hotmail.com,2,Barang tidak sesuai spesifikasi yang tertera. Kecewa!,2024-01-07
885,External Lock Washer 8,Cinta Melati,cinta.m@outlook.com,5,"Kualitas premium, material terasa solid dan tahan lama. Recommended!",2024-01-28
886,External Lock Washer 8,Vira Anggraeni,vira.a@hotmail.com,5,Kualitas jauh lebih baik dari yang saya bayangkan. Worth every rupiah!,2024-03-23
887,External Lock Washer 8,Yoga Pratama,yoga.p@yahoo.com,3,Produk cukup oke untuk harga segini. Tidak ada yang istimewa.,2024-12-19
888,External Lock Washer 8,Zahra Amini,zahra.a@gmail.com,5,"Produk original, harga worth it. Teman-teman juga ikut beli.",2024-08-19
889,External Lock Washer 8,Yuni Astuti,yuni.a@yahoo.com,4,"Sudah lama cari produk seperti ini, akhirnya ketemu yang tepat.",2024-11-27
890,External Lock Washer 8,Hilda Wahyuni,hilda.w@hotmail.com,5,"Sudah lama cari produk seperti ini, akhirnya ketemu yang tepat.",2024-12-06
891,External Lock Washer 2,Fajar Nugroho,fajar.n@outlook.com,2,Barang tidak sesuai spesifikasi yang tertera. Kecewa!,2024-12-16
892,External Lock Washer 2,Cici Rahayu,cici.r@gmail.com,1,"Kecewa dengan kualitasnya, tidak sesuai ekspektasi sama sekali.",2024-05-08
893,External Lock Washer 2,Mira Handayani,mira.h@outlook.com,4,"Pas banget sama yang saya butuhkan, ukuran dan kualitas sesuai.",2024-11-20
894,External Lock Washer 2,Aditya Nugraha,aditya.n@hotmail.com,3,"Kualitas standar, cocok untuk penggunaan sehari-hari biasa.",2024-04-09
895,External Lock Washer 2,Zahra Amini,zahra.a@gmail.com,4,"Kualitas premium, material terasa solid dan tahan lama. Recommended!",2024-03-29
896,External Lock Washer 2,Edo Prasetyo,edo.p@outlook.com,4,"Produk sangat memuaskan, kualitas terjamin dan sesuai deskripsi!",2024-08-07
897,External Lock Washer 2,Winda Kurniawati,winda.k@yahoo.com,4,"Kualitas premium, material terasa solid dan tahan lama. Recommended!",2024-10-26
898,External Lock Washer 2,Tegar Prasetyo,tegar.p@outlook.com,5,"Sudah lama cari produk seperti ini, akhirnya ketemu yang tepat.",2024-03-20
899,External Lock Washer 2,Indah Permata,indah.p@hotmail.com,5,Best purchase ever! Produk ini benar-benar memenuhi semua kebutuhan saya.,2024-01-27
900,External Lock Washer 2,Joko Widodo,joko.w@hotmail.com,2,Kualitas kontrol perlu ditingkatkan. Produk cacat saat datang.,2024-10-20
901,Internal Lock Washer 3,Gilang Saputra,gilang.s@hotmail.com,5,"Material berkualitas tinggi, pemasangan mudah. Sangat memuaskan.",2024-04-22
902,Internal Lock Washer 3,Kartika Sari,kartika.s@yahoo.com,4,Tidak menyesal beli produk ini. Kualitasnya jauh melebihi ekspektasi.,2024-10-05
903,Internal Lock Washer 3,Elsa Purnama,elsa.p@hotmail.com,4,"Pas banget sama yang saya butuhkan, ukuran dan kualitas sesuai.",2024-04-19
904,Internal Lock Washer 3,Udin Setiawan,udin.s@hotmail.com,5,"Sudah pakai 3 bulan, tidak ada masalah sama sekali. Beli lagi!",2024-04-21
905,Internal Lock Washer 3,Gema Saputra,gema.s@outlook.com,4,"Material berkualitas tinggi, pemasangan mudah. Sangat memuaskan.",2024-11-28
906,Internal Lock Washer 3,Dewi Rahayu,dewi.r@hotmail.com,5,Cocok banget untuk kebutuhan saya. Mantap dan terpercaya!,2024-05-03
907,Internal Lock Washer 3,Sandro Putra,sandro.p@yahoo.com,4,"Produk sangat memuaskan, kualitas terjamin dan sesuai deskripsi!",2024-12-15
908,Internal Lock Washer 3,Dedi Kurniawan,dedi.k@gmail.com,5,Tidak menyesal beli produk ini. Kualitasnya jauh melebihi ekspektasi.,2024-05-11
909,Internal Lock Washer 3,Fauzan Hidayat,fauzan.h@gmail.com,3,"Biasa saja, tapi harga terjangkau jadi tidak terlalu kecewa.",2024-09-20
910,Internal Lock Washer 3,Bintang Nugraha,bintang.n@gmail.com,4,"Sudah pakai 3 bulan, tidak ada masalah sama sekali. Beli lagi!",2024-11-29
911,Internal Lock Washer 4,Lutfi Rahman,lutfi.r@gmail.com,5,"Barang bagus, pengiriman cepat. Sangat puas dengan pembelian ini.",2024-03-26
912,Internal Lock Washer 4,Irma Susanti,irma.s@gmail.com,4,"Packaging rapi, produk mulus tidak ada cacat. Bintang 5 layak!",2024-02-03
913,Internal Lock Washer 4,Niko Santoso,niko.s@yahoo.com,3,Material oke tapi proses pemasangan agak tricky.,2024-02-23
914,Internal Lock Washer 4,Niko Santoso,niko.s@outlook.com,4,"Packaging rapi, produk mulus tidak ada cacat. Bintang 5 layak!",2024-02-06
915,Internal Lock Washer 4,Fira Ramadhani,fira.r@gmail.com,3,"Cukup fungsional, meski ada beberapa kekurangan minor.",2024-06-18
916,Internal Lock Washer 4,Reza Maulana,reza.m@gmail.com,5,"Kualitas premium, material terasa solid dan tahan lama. Recommended!",2024-05-08
917,Internal Lock Washer 4,Hilda Wahyuni,hilda.w@yahoo.com,5,"Sudah pakai 3 bulan, tidak ada masalah sama sekali. Beli lagi!",2024-07-27
918,Internal Lock Washer 4,Lisa Maharani,lisa.m@outlook.com,4,Tidak menyesal beli produk ini. Kualitasnya jauh melebihi ekspektasi.,2024-06-10
919,Internal Lock Washer 4,Andi Pratama,andi.p@gmail.com,5,"Material berkualitas tinggi, pemasangan mudah. Sangat memuaskan.",2024-01-04
920,Internal Lock Washer 4,Sandro Putra,sandro.p@gmail.com,3,Produk cukup oke untuk harga segini. Tidak ada yang istimewa.,2024-12-24
921,Internal Lock Washer 9,Maya Putri,maya.p@gmail.com,5,"Sudah pakai 3 bulan, tidak ada masalah sama sekali. Beli lagi!",2024-12-17
922,Internal Lock Washer 9,Agus Salim,agus.s@hotmail.com,4,Kualitas jauh lebih baik dari yang saya bayangkan. Worth every rupiah!,2024-08-12
923,Internal Lock Washer 9,Kevin Pratama,kevin.p@gmail.com,5,Cocok banget untuk kebutuhan saya. Mantap dan terpercaya!,2024-03-21
924,Internal Lock Washer 9,Elsa Purnama,elsa.p@outlook.com,5,Kualitas jauh lebih baik dari yang saya bayangkan. Worth every rupiah!,2024-10-06
925,Internal Lock Washer 9,Zahra Amini,zahra.a@yahoo.com,1,Pemasangan sangat susah dan hasilnya tidak memuaskan.,2024-12-12
926,Internal Lock Washer 9,Dina Marlina,dina.m@gmail.com,4,"Material berkualitas tinggi, pemasangan mudah. Sangat memuaskan.",2024-10-11
927,Internal Lock Washer 9,Fani Wijayanti,fani.w@gmail.com,5,Best purchase ever! Produk ini benar-benar memenuhi semua kebutuhan saya.,2024-11-01
928,Internal Lock Washer 9,Mansur Wahyudi,mansur.w@gmail.com,4,"Sudah pakai 3 bulan, tidak ada masalah sama sekali. Beli lagi!",2024-04-17
929,Internal Lock Washer 9,Fira Ramadhani,fira.r@hotmail.com,3,"Kualitas standar, cocok untuk penggunaan sehari-hari biasa.",2024-07-30
930,Internal Lock Washer 9,Sandro Putra,sandro.p@yahoo.com,2,Kualitas jauh di bawah harga yang dipatok. Menyesal beli.,2024-04-04
931,Internal Lock Washer 5,Pandu Wicaksono,pandu.w@hotmail.com,4,"Pas banget sama yang saya butuhkan, ukuran dan kualitas sesuai.",2024-02-28
932,Internal Lock Washer 5,Kartika Sari,kartika.s@gmail.com,3,"Cukup fungsional, meski ada beberapa kekurangan minor.",2024-11-26
933,Internal Lock Washer 5,Gilang Saputra,gilang.s@gmail.com,5,"Sudah pakai 3 bulan, tidak ada masalah sama sekali. Beli lagi!",2024-02-20
934,Internal Lock Washer 5,Mira Handayani,mira.h@outlook.com,3,"Biasa saja, tapi harga terjangkau jadi tidak terlalu kecewa.",2024-07-01
935,Internal Lock Washer 5,Doni Firmansyah,doni.f@yahoo.com,3,"Lumayan bagus, tapi ada beberapa hal yang bisa diperbaiki.",2024-05-25
936,Internal Lock Washer 5,Putri Ayu,putri.a@yahoo.com,5,"Produk original, harga worth it. Teman-teman juga ikut beli.",2024-09-05
937,Internal Lock Washer 5,Teguh Prasetyo,teguh.p@hotmail.com,5,"Sudah lama cari produk seperti ini, akhirnya ketemu yang tepat.",2024-10-26
938,Internal Lock Washer 5,Gilang Ramadhan,gilang.r@hotmail.com,4,Kualitas jauh lebih baik dari yang saya bayangkan. Worth every rupiah!,2024-06-10
939,Internal Lock Washer 5,Qira Wulandari,qira.w@hotmail.com,5,"Pas banget sama yang saya butuhkan, ukuran dan kualitas sesuai.",2024-04-23
940,Internal Lock Washer 5,Bella Anggraini,bella.a@outlook.com,3,"Tidak buruk, tidak terlalu bagus. Cukup untuk kebutuhan.",2024-07-03
941,Internal Lock Washer 7,Eka Saputra,eka.s@hotmail.com,3,"Cukup fungsional, meski ada beberapa kekurangan minor.",2024-08-24
942,Internal Lock Washer 7,Teguh Prasetyo,teguh.p@hotmail.com,5,Cocok banget untuk kebutuhan saya. Mantap dan terpercaya!,2024-10-09
943,Internal Lock Washer 7,Yuni Astuti,yuni.a@gmail.com,5,"Sudah pakai 3 bulan, tidak ada masalah sama sekali. Beli lagi!",2024-03-12
944,Internal Lock Washer 7,Elsa Purnama,elsa.p@gmail.com,5,"Sudah lama cari produk seperti ini, akhirnya ketemu yang tepat.",2024-02-08
945,Internal Lock Washer 7,Andi Pratama,andi.p@gmail.com,3,Material oke tapi proses pemasangan agak tricky.,2024-10-29
946,Internal Lock Washer 7,Ola Puspita,ola.p@hotmail.com,2,Kualitas kontrol perlu ditingkatkan. Produk cacat saat datang.,2024-11-30
947,Internal Lock Washer 7,Joko Widodo,joko.w@outlook.com,5,"Pas banget sama yang saya butuhkan, ukuran dan kualitas sesuai.",2024-10-28
948,Internal Lock Washer 7,Dina Marlina,dina.m@yahoo.com,2,Kualitas kontrol perlu ditingkatkan. Produk cacat saat datang.,2024-09-13
949,Internal Lock Washer 7,Bintang Nugraha,bintang.n@hotmail.com,5,"Material berkualitas tinggi, pemasangan mudah. Sangat memuaskan.",2024-01-06
950,Internal Lock Washer 7,Udin Setiawan,udin.s@yahoo.com,5,Kualitas jauh lebih baik dari yang saya bayangkan. Worth every rupiah!,2024-09-20
951,Internal Lock Washer 6,Eka Saputra,eka.s@yahoo.com,4,Best purchase ever! Produk ini benar-benar memenuhi semua kebutuhan saya.,2024-10-16
952,Internal Lock Washer 6,Udin Setiawan,udin.s@yahoo.com,2,Kualitas kontrol perlu ditingkatkan. Produk cacat saat datang.,2024-07-02
953,Internal Lock Washer 6,Indah Permata,indah.p@outlook.com,5,"Pas banget sama yang saya butuhkan, ukuran dan kualitas sesuai.",2024-02-02
954,Internal Lock Washer 6,Ulfa Rohmah,ulfa.r@gmail.com,5,"Packaging rapi, produk mulus tidak ada cacat. Bintang 5 layak!",2024-04-15
955,Internal Lock Washer 6,Cinta Melati,cinta.m@hotmail.com,2,Barang tidak sesuai spesifikasi yang tertera. Kecewa!,2024-08-28
956,Internal Lock Washer 6,Umi Kalsum,umi.k@gmail.com,2,"Tidak tahan lama, baru dipakai beberapa kali sudah rusak.",2024-02-22
957,Internal Lock Washer 6,Aditya Nugraha,aditya.n@hotmail.com,1,Pemasangan sangat susah dan hasilnya tidak memuaskan.,2024-10-23
958,Internal Lock Washer 6,Fauzan Hidayat,fauzan.h@outlook.com,4,"Packaging rapi, produk mulus tidak ada cacat. Bintang 5 layak!",2024-07-12
959,Internal Lock Washer 6,Indra Setiawan,indra.s@gmail.com,4,"Material berkualitas tinggi, pemasangan mudah. Sangat memuaskan.",2024-05-08
960,Internal Lock Washer 6,Kevin Pratama,kevin.p@yahoo.com,1,Barang tidak sesuai spesifikasi yang tertera. Kecewa!,2024-06-29
961,Internal Lock Washer 10,Gita Permata,gita.p@outlook.com,4,Best purchase ever! Produk ini benar-benar memenuhi semua kebutuhan saya.,2024-01-04
962,Internal Lock Washer 10,Aldo Pratama,aldo.p@outlook.com,2,Kualitas jauh di bawah harga yang dipatok. Menyesal beli.,2024-04-27
963,Internal Lock Washer 10,Maya Putri,maya.p@hotmail.com,4,"Pas banget sama yang saya butuhkan, ukuran dan kualitas sesuai.",2024-03-17
964,Internal Lock Washer 10,Kartika Sari,kartika.s@gmail.com,5,"Packaging rapi, produk mulus tidak ada cacat. Bintang 5 layak!",2024-04-27
965,Internal Lock Washer 10,Pita Sari,pita.s@gmail.com,3,"Cukup fungsional, meski ada beberapa kekurangan minor.",2024-12-11
966,Internal Lock Washer 10,Xander Pratama,xander.p@yahoo.com,4,"Packaging rapi, produk mulus tidak ada cacat. Bintang 5 layak!",2024-07-29
967,Internal Lock Washer 10,Andi Pratama,andi.p@yahoo.com,5,Best purchase ever! Produk ini benar-benar memenuhi semua kebutuhan saya.,2024-10-30
968,Internal Lock Washer 10,Hani Pertiwi,hani.p@gmail.com,5,Best purchase ever! Produk ini benar-benar memenuhi semua kebutuhan saya.,2024-03-16
969,Internal Lock Washer 10,Lina Susanti,lina.s@yahoo.com,5,"Material berkualitas tinggi, pemasangan mudah. Sangat memuaskan.",2024-07-26
970,Internal Lock Washer 10,Miko Andrianto,miko.a@gmail.com,1,Pemasangan sangat susah dan hasilnya tidak memuaskan.,2024-02-13
971,Internal Lock Washer 1,Ola Puspita,ola.p@outlook.com,4,Cocok banget untuk kebutuhan saya. Mantap dan terpercaya!,2024-03-28
972,Internal Lock Washer 1,Pandu Wicaksono,pandu.w@yahoo.com,3,"Sesuai deskripsi, tapi ekspektasi saya sedikit lebih tinggi.",2024-11-15
973,Internal Lock Washer 1,Udin Setiawan,udin.s@yahoo.com,4,"Sudah lama cari produk seperti ini, akhirnya ketemu yang tepat.",2024-12-17
974,Internal Lock Washer 1,Fahmi Ardiansyah,fahmi.a@gmail.com,2,"Material terasa murahan, tidak sesuai foto di deskripsi.",2024-07-12
975,Internal Lock Washer 1,Lisa Maharani,lisa.m@gmail.com,5,"Pas banget sama yang saya butuhkan, ukuran dan kualitas sesuai.",2024-09-24
976,Internal Lock Washer 1,Aldo Pratama,aldo.p@yahoo.com,3,"Lumayan bagus, tapi ada beberapa hal yang bisa diperbaiki.",2024-03-31
977,Internal Lock Washer 1,Wati Susanti,wati.s@gmail.com,2,Produk cepat rusak setelah pemakaian singkat. Tidak recommended.,2024-02-17
978,Internal Lock Washer 1,Xander Pratama,xander.p@gmail.com,3,Material oke tapi proses pemasangan agak tricky.,2024-09-24
979,Internal Lock Washer 1,Pita Sari,pita.s@gmail.com,5,"Sudah lama cari produk seperti ini, akhirnya ketemu yang tepat.",2024-09-28
980,Internal Lock Washer 1,Qira Wulandari,qira.w@outlook.com,5,Kualitas jauh lebih baik dari yang saya bayangkan. Worth every rupiah!,2024-07-14
981,Internal Lock Washer 8,Gita Permata,gita.p@gmail.com,4,Tidak menyesal beli produk ini. Kualitasnya jauh melebihi ekspektasi.,2024-03-09
982,Internal Lock Washer 8,Tegar Prasetyo,tegar.p@yahoo.com,4,"Barang bagus, pengiriman cepat. Sangat puas dengan pembelian ini.",2024-05-25
983,Internal Lock Washer 8,Miko Andrianto,miko.a@outlook.com,2,Pemasangan sangat susah dan hasilnya tidak memuaskan.,2024-04-06
984,Internal Lock Washer 8,Budi Santoso,budi.s@gmail.com,3,"Lumayan bagus, tapi ada beberapa hal yang bisa diperbaiki.",2024-09-23
985,Internal Lock Washer 8,Budi Santoso,budi.s@yahoo.com,5,"Sudah lama cari produk seperti ini, akhirnya ketemu yang tepat.",2024-06-10
986,Internal Lock Washer 8,Omar Siddiq,omar.s@yahoo.com,5,Tidak menyesal beli produk ini. Kualitasnya jauh melebihi ekspektasi.,2024-11-29
987,Internal Lock Washer 8,Kiki Rahmat,kiki.r@outlook.com,5,Best purchase ever! Produk ini benar-benar memenuhi semua kebutuhan saya.,2024-07-06
988,Internal Lock Washer 8,Oscar Halim,oscar.h@outlook.com,5,Kualitas jauh lebih baik dari yang saya bayangkan. Worth every rupiah!,2024-04-14
989,Internal Lock Washer 8,Omar Siddiq,omar.s@outlook.com,4,"Kualitas premium, material terasa solid dan tahan lama. Recommended!",2024-07-08
990,Internal Lock Washer 8,Hilda Wahyuni,hilda.w@hotmail.com,4,"Sudah pakai 3 bulan, tidak ada masalah sama sekali. Beli lagi!",2024-10-22
991,Internal Lock Washer 2,Gita Permata,gita.p@outlook.com,3,"Sesuai deskripsi, tapi ekspektasi saya sedikit lebih tinggi.",2024-12-03
992,Internal Lock Washer 2,Clara Dewi,clara.d@outlook.com,3,"Sesuai deskripsi, tapi ekspektasi saya sedikit lebih tinggi.",2024-02-21
993,Internal Lock Washer 2,Ola Puspita,ola.p@hotmail.com,4,Kualitas jauh lebih baik dari yang saya bayangkan. Worth every rupiah!,2024-10-08
994,Internal Lock Washer 2,Oscar Halim,oscar.h@gmail.com,3,"Sesuai deskripsi, tapi ekspektasi saya sedikit lebih tinggi.",2024-07-18
995,Internal Lock Washer 2,Rika Purnama,rika.p@gmail.com,5,"Kualitas premium, material terasa solid dan tahan lama. Recommended!",2024-08-29
996,Internal Lock Washer 2,Miko Andrianto,miko.a@gmail.com,4,"Sudah pakai 3 bulan, tidak ada masalah sama sekali. Beli lagi!",2024-04-23
997,Internal Lock Washer 2,Julia Anggraini,julia.a@gmail.com,5,"Sudah lama cari produk seperti ini, akhirnya ketemu yang tepat.",2024-07-15
998,Internal Lock Washer 2,Nela Puspita,nela.p@hotmail.com,4,"Sudah lama cari produk seperti ini, akhirnya ketemu yang tepat.",2024-11-01
999,Internal Lock Washer 2,Lina Susanti,lina.s@yahoo.com,2,Kualitas kontrol perlu ditingkatkan. Produk cacat saat datang.,2024-08-12
1000,Internal Lock Washer 2,Dewi Rahayu,dewi.r@hotmail.com,5,"Pas banget sama yang saya butuhkan, ukuran dan kualitas sesuai.",2024-01-18
